solid 
 facet normal -1.000000e+00  0.000000e+00 -0.000000e+00
   outer loop
     vertex  0.000000e+00  2.352602e+00  9.757732e+00
     vertex  0.000000e+00  2.000000e+01  0.000000e+00
     vertex  0.000000e+00  2.290202e+00  9.694035e+00
   endloop
 endfacet
 facet normal -1.000000e+00  0.000000e+00  0.000000e+00
   outer loop
     vertex  0.000000e+00  2.226078e+00  9.632073e+00
     vertex  0.000000e+00  2.290202e+00  9.694035e+00
     vertex  0.000000e+00  2.000000e+01  0.000000e+00
   endloop
 endfacet
 facet normal -1.000000e+00  0.000000e+00 -0.000000e+00
   outer loop
     vertex  0.000000e+00  2.413231e+00  9.823118e+00
     vertex  0.000000e+00  2.000000e+01  0.000000e+00
     vertex  0.000000e+00  2.352602e+00  9.757732e+00
   endloop
 endfacet
 facet normal -1.000000e+00  0.000000e+00  0.000000e+00
   outer loop
     vertex  0.000000e+00  2.160278e+00  9.571894e+00
     vertex  0.000000e+00  2.226078e+00  9.632073e+00
     vertex  0.000000e+00  2.000000e+01  0.000000e+00
   endloop
 endfacet
 facet normal -1.000000e+00  0.000000e+00 -0.000000e+00
   outer loop
     vertex  0.000000e+00  2.472043e+00  9.890142e+00
     vertex  0.000000e+00  2.000000e+01  0.000000e+00
     vertex  0.000000e+00  2.413231e+00  9.823118e+00
   endloop
 endfacet
 facet normal -1.000000e+00  0.000000e+00  0.000000e+00
   outer loop
     vertex  0.000000e+00  2.092852e+00  9.513543e+00
     vertex  0.000000e+00  2.160278e+00  9.571894e+00
     vertex  0.000000e+00  2.000000e+01  0.000000e+00
   endloop
 endfacet
 facet normal -1.000000e+00  0.000000e+00 -0.000000e+00
   outer loop
     vertex  0.000000e+00  2.528995e+00  9.958754e+00
     vertex  0.000000e+00  2.000000e+01  0.000000e+00
     vertex  0.000000e+00  2.472043e+00  9.890142e+00
   endloop
 endfacet
 facet normal -1.000000e+00  0.000000e+00  0.000000e+00
   outer loop
     vertex  0.000000e+00  2.023851e+00  9.457063e+00
     vertex  0.000000e+00  2.092852e+00  9.513543e+00
     vertex  0.000000e+00  2.000000e+01  0.000000e+00
   endloop
 endfacet
 facet normal -1.000000e+00  0.000000e+00 -0.000000e+00
   outer loop
     vertex  0.000000e+00  2.584042e+00  1.002890e+01
     vertex  0.000000e+00  2.000000e+01  0.000000e+00
     vertex  0.000000e+00  2.528995e+00  9.958754e+00
   endloop
 endfacet
 facet normal -1.000000e+00  0.000000e+00  0.000000e+00
   outer loop
     vertex  0.000000e+00  1.953326e+00  9.402498e+00
     vertex  0.000000e+00  2.023851e+00  9.457063e+00
     vertex  0.000000e+00  2.000000e+01  0.000000e+00
   endloop
 endfacet
 facet normal -1.000000e+00  0.000000e+00 -0.000000e+00
   outer loop
     vertex  0.000000e+00  2.637145e+00  1.010054e+01
     vertex  0.000000e+00  2.000000e+01  0.000000e+00
     vertex  0.000000e+00  2.584042e+00  1.002890e+01
   endloop
 endfacet
 facet normal -1.000000e+00  0.000000e+00  0.000000e+00
   outer loop
     vertex  0.000000e+00  1.881331e+00  9.349888e+00
     vertex  0.000000e+00  1.953326e+00  9.402498e+00
     vertex  0.000000e+00  2.000000e+01  0.000000e+00
   endloop
 endfacet
 facet normal -1.000000e+00  0.000000e+00 -0.000000e+00
   outer loop
     vertex  0.000000e+00  2.688262e+00  1.017360e+01
     vertex  0.000000e+00  2.000000e+01  0.000000e+00
     vertex  0.000000e+00  2.637145e+00  1.010054e+01
   endloop
 endfacet
 facet normal -1.000000e+00  0.000000e+00  0.000000e+00
   outer loop
     vertex  0.000000e+00  1.807920e+00  9.299273e+00
     vertex  0.000000e+00  1.881331e+00  9.349888e+00
     vertex  0.000000e+00  2.000000e+01  0.000000e+00
   endloop
 endfacet
 facet normal -1.000000e+00  0.000000e+00 -0.000000e+00
   outer loop
     vertex  0.000000e+00  2.737356e+00  1.024804e+01
     vertex  0.000000e+00  2.000000e+01  0.000000e+00
     vertex  0.000000e+00  2.688262e+00  1.017360e+01
   endloop
 endfacet
 facet normal -1.000000e+00  0.000000e+00  0.000000e+00
   outer loop
     vertex  0.000000e+00  1.733147e+00  9.250691e+00
     vertex  0.000000e+00  1.807920e+00  9.299273e+00
     vertex  0.000000e+00  2.000000e+01  0.000000e+00
   endloop
 endfacet
 facet normal -1.000000e+00  0.000000e+00 -0.000000e+00
   outer loop
     vertex  0.000000e+00  2.784389e+00  1.032379e+01
     vertex  0.000000e+00  2.000000e+01  0.000000e+00
     vertex  0.000000e+00  2.737356e+00  1.024804e+01
   endloop
 endfacet
 facet normal -1.000000e+00  0.000000e+00  0.000000e+00
   outer loop
     vertex  0.000000e+00  1.657070e+00  9.204178e+00
     vertex  0.000000e+00  1.733147e+00  9.250691e+00
     vertex  0.000000e+00  2.000000e+01  0.000000e+00
   endloop
 endfacet
 facet normal -1.000000e+00  0.000000e+00 -0.000000e+00
   outer loop
     vertex  0.000000e+00  2.829327e+00  1.040081e+01
     vertex  0.000000e+00  2.000000e+01  0.000000e+00
     vertex  0.000000e+00  2.784389e+00  1.032379e+01
   endloop
 endfacet
 facet normal -1.000000e+00  0.000000e+00  0.000000e+00
   outer loop
     vertex  0.000000e+00  1.579746e+00  9.159771e+00
     vertex  0.000000e+00  1.657070e+00  9.204178e+00
     vertex  0.000000e+00  2.000000e+01  0.000000e+00
   endloop
 endfacet
 facet normal -1.000000e+00  0.000000e+00 -0.000000e+00
   outer loop
     vertex  0.000000e+00  2.872134e+00  1.047903e+01
     vertex  0.000000e+00  2.000000e+01  0.000000e+00
     vertex  0.000000e+00  2.829327e+00  1.040081e+01
   endloop
 endfacet
 facet normal -1.000000e+00  0.000000e+00  0.000000e+00
   outer loop
     vertex  0.000000e+00  1.501232e+00  9.117501e+00
     vertex  0.000000e+00  1.579746e+00  9.159771e+00
     vertex  0.000000e+00  2.000000e+01  0.000000e+00
   endloop
 endfacet
 facet normal -1.000000e+00  0.000000e+00 -0.000000e+00
   outer loop
     vertex  0.000000e+00  2.912779e+00  1.055840e+01
     vertex  0.000000e+00  2.000000e+01  0.000000e+00
     vertex  0.000000e+00  2.872134e+00  1.047903e+01
   endloop
 endfacet
 facet normal -1.000000e+00  0.000000e+00  0.000000e+00
   outer loop
     vertex  0.000000e+00  1.421589e+00  9.077401e+00
     vertex  0.000000e+00  1.501232e+00  9.117501e+00
     vertex  0.000000e+00  2.000000e+01  0.000000e+00
   endloop
 endfacet
 facet normal -1.000000e+00  0.000000e+00 -0.000000e+00
   outer loop
     vertex  0.000000e+00  2.951232e+00  1.063885e+01
     vertex  0.000000e+00  2.000000e+01  0.000000e+00
     vertex  0.000000e+00  2.912779e+00  1.055840e+01
   endloop
 endfacet
 facet normal -1.000000e+00  0.000000e+00  0.000000e+00
   outer loop
     vertex  0.000000e+00  1.340875e+00  9.039501e+00
     vertex  0.000000e+00  1.421589e+00  9.077401e+00
     vertex  0.000000e+00  2.000000e+01  0.000000e+00
   endloop
 endfacet
 facet normal -1.000000e+00  0.000000e+00 -0.000000e+00
   outer loop
     vertex  0.000000e+00  2.987463e+00  1.072033e+01
     vertex  0.000000e+00  2.000000e+01  0.000000e+00
     vertex  0.000000e+00  2.951232e+00  1.063885e+01
   endloop
 endfacet
 facet normal -1.000000e+00  0.000000e+00  0.000000e+00
   outer loop
     vertex  0.000000e+00  1.259152e+00  9.003830e+00
     vertex  0.000000e+00  1.340875e+00  9.039501e+00
     vertex  0.000000e+00  2.000000e+01  0.000000e+00
   endloop
 endfacet
 facet normal -1.000000e+00  0.000000e+00 -0.000000e+00
   outer loop
     vertex  0.000000e+00  3.021445e+00  1.080277e+01
     vertex  0.000000e+00  2.000000e+01  0.000000e+00
     vertex  0.000000e+00  2.987463e+00  1.072033e+01
   endloop
 endfacet
 facet normal -1.000000e+00  0.000000e+00  0.000000e+00
   outer loop
     vertex  0.000000e+00  1.176481e+00  8.970414e+00
     vertex  0.000000e+00  1.259152e+00  9.003830e+00
     vertex  0.000000e+00  2.000000e+01  0.000000e+00
   endloop
 endfacet
 facet normal -1.000000e+00  0.000000e+00 -0.000000e+00
   outer loop
     vertex  0.000000e+00  3.053153e+00  1.088611e+01
     vertex  0.000000e+00  2.000000e+01  0.000000e+00
     vertex  0.000000e+00  3.021445e+00  1.080277e+01
   endloop
 endfacet
 facet normal -1.000000e+00  0.000000e+00  0.000000e+00
   outer loop
     vertex  0.000000e+00  1.092924e+00  8.939278e+00
     vertex  0.000000e+00  1.176481e+00  8.970414e+00
     vertex  0.000000e+00  2.000000e+01  0.000000e+00
   endloop
 endfacet
 facet normal -1.000000e+00  0.000000e+00 -0.000000e+00
   outer loop
     vertex  0.000000e+00  3.082562e+00  1.097029e+01
     vertex  0.000000e+00  2.000000e+01  0.000000e+00
     vertex  0.000000e+00  3.053153e+00  1.088611e+01
   endloop
 endfacet
 facet normal -1.000000e+00  0.000000e+00  0.000000e+00
   outer loop
     vertex  0.000000e+00  1.008545e+00  8.910447e+00
     vertex  0.000000e+00  1.092924e+00  8.939278e+00
     vertex  0.000000e+00  2.000000e+01  0.000000e+00
   endloop
 endfacet
 facet normal -1.000000e+00  0.000000e+00 -0.000000e+00
   outer loop
     vertex  0.000000e+00  3.109651e+00  1.105524e+01
     vertex  0.000000e+00  2.000000e+01  0.000000e+00
     vertex  0.000000e+00  3.082562e+00  1.097029e+01
   endloop
 endfacet
 facet normal -1.000000e+00  0.000000e+00  0.000000e+00
   outer loop
     vertex  0.000000e+00  9.234061e-01  8.883941e+00
     vertex  0.000000e+00  1.008545e+00  8.910447e+00
     vertex  0.000000e+00  2.000000e+01  0.000000e+00
   endloop
 endfacet
 facet normal -1.000000e+00  0.000000e+00 -0.000000e+00
   outer loop
     vertex  0.000000e+00  3.134399e+00  1.114091e+01
     vertex  0.000000e+00  2.000000e+01  0.000000e+00
     vertex  0.000000e+00  3.109651e+00  1.105524e+01
   endloop
 endfacet
 facet normal -1.000000e+00  0.000000e+00  0.000000e+00
   outer loop
     vertex  0.000000e+00  8.375725e-01  8.859781e+00
     vertex  0.000000e+00  9.234061e-01  8.883941e+00
     vertex  0.000000e+00  2.000000e+01  0.000000e+00
   endloop
 endfacet
 facet normal -1.000000e+00  0.000000e+00 -0.000000e+00
   outer loop
     vertex  0.000000e+00  3.156788e+00  1.122722e+01
     vertex  0.000000e+00  2.000000e+01  0.000000e+00
     vertex  0.000000e+00  3.134399e+00  1.114091e+01
   endloop
 endfacet
 facet normal -1.000000e+00  0.000000e+00  0.000000e+00
   outer loop
     vertex  0.000000e+00  7.511083e-01  8.837985e+00
     vertex  0.000000e+00  8.375725e-01  8.859781e+00
     vertex  0.000000e+00  2.000000e+01  0.000000e+00
   endloop
 endfacet
 facet normal -1.000000e+00  0.000000e+00 -0.000000e+00
   outer loop
     vertex  0.000000e+00  3.176800e+00  1.131411e+01
     vertex  0.000000e+00  2.000000e+01  0.000000e+00
     vertex  0.000000e+00  3.156788e+00  1.122722e+01
   endloop
 endfacet
 facet normal -1.000000e+00  0.000000e+00  0.000000e+00
   outer loop
     vertex  0.000000e+00  6.640787e-01  8.818570e+00
     vertex  0.000000e+00  7.511083e-01  8.837985e+00
     vertex  0.000000e+00  2.000000e+01  0.000000e+00
   endloop
 endfacet
 facet normal -1.000000e+00  0.000000e+00 -0.000000e+00
   outer loop
     vertex  0.000000e+00  3.194421e+00  1.140153e+01
     vertex  0.000000e+00  2.000000e+01  0.000000e+00
     vertex  0.000000e+00  3.176800e+00  1.131411e+01
   endloop
 endfacet
 facet normal -1.000000e+00  0.000000e+00  0.000000e+00
   outer loop
     vertex  0.000000e+00  5.765493e-01  8.801549e+00
     vertex  0.000000e+00  6.640787e-01  8.818570e+00
     vertex  0.000000e+00  2.000000e+01  0.000000e+00
   endloop
 endfacet
 facet normal -1.000000e+00  0.000000e+00 -0.000000e+00
   outer loop
     vertex  0.000000e+00  3.209638e+00  1.148939e+01
     vertex  0.000000e+00  2.000000e+01  0.000000e+00
     vertex  0.000000e+00  3.194421e+00  1.140153e+01
   endloop
 endfacet
 facet normal -1.000000e+00  0.000000e+00  0.000000e+00
   outer loop
     vertex  0.000000e+00  4.885858e-01  8.786935e+00
     vertex  0.000000e+00  5.765493e-01  8.801549e+00
     vertex  0.000000e+00  2.000000e+01  0.000000e+00
   endloop
 endfacet
 facet normal -1.000000e+00  0.000000e+00 -0.000000e+00
   outer loop
     vertex  0.000000e+00  3.222438e+00  1.157763e+01
     vertex  0.000000e+00  2.000000e+01  0.000000e+00
     vertex  0.000000e+00  3.209638e+00  1.148939e+01
   endloop
 endfacet
 facet normal -1.000000e+00  0.000000e+00  0.000000e+00
   outer loop
     vertex  0.000000e+00  4.002545e-01  8.774741e+00
     vertex  0.000000e+00  4.885858e-01  8.786935e+00
     vertex  0.000000e+00  2.000000e+01  0.000000e+00
   endloop
 endfacet
 facet normal -1.000000e+00  0.000000e+00 -0.000000e+00
   outer loop
     vertex  0.000000e+00  3.232812e+00  1.166620e+01
     vertex  0.000000e+00  2.000000e+01  0.000000e+00
     vertex  0.000000e+00  3.222438e+00  1.157763e+01
   endloop
 endfacet
 facet normal -1.000000e+00  0.000000e+00  0.000000e+00
   outer loop
     vertex  0.000000e+00  3.116220e-01  8.764974e+00
     vertex  0.000000e+00  4.002545e-01  8.774741e+00
     vertex  0.000000e+00  2.000000e+01  0.000000e+00
   endloop
 endfacet
 facet normal -1.000000e+00  0.000000e+00 -0.000000e+00
   outer loop
     vertex  0.000000e+00  3.240753e+00  1.175501e+01
     vertex  0.000000e+00  2.000000e+01  0.000000e+00
     vertex  0.000000e+00  3.232812e+00  1.166620e+01
   endloop
 endfacet
 facet normal -1.000000e+00  0.000000e+00  0.000000e+00
   outer loop
     vertex  0.000000e+00  2.227548e-01  8.757643e+00
     vertex  0.000000e+00  3.116220e-01  8.764974e+00
     vertex  0.000000e+00  2.000000e+01  0.000000e+00
   endloop
 endfacet
 facet normal -1.000000e+00  0.000000e+00 -0.000000e+00
   outer loop
     vertex  0.000000e+00  3.246254e+00  1.184401e+01
     vertex  0.000000e+00  2.000000e+01  0.000000e+00
     vertex  0.000000e+00  3.240753e+00  1.175501e+01
   endloop
 endfacet
 facet normal -1.000000e+00  0.000000e+00  0.000000e+00
   outer loop
     vertex  0.000000e+00  1.337200e-01  8.752752e+00
     vertex  0.000000e+00  2.227548e-01  8.757643e+00
     vertex  0.000000e+00  2.000000e+01  0.000000e+00
   endloop
 endfacet
 facet normal -1.000000e+00  0.000000e+00 -0.000000e+00
   outer loop
     vertex  0.000000e+00  3.249312e+00  1.193313e+01
     vertex  0.000000e+00  2.000000e+01  0.000000e+00
     vertex  0.000000e+00  3.246254e+00  1.184401e+01
   endloop
 endfacet
 facet normal -1.000000e+00  0.000000e+00  0.000000e+00
   outer loop
     vertex  0.000000e+00  4.458452e-02  8.750306e+00
     vertex  0.000000e+00  1.337200e-01  8.752752e+00
     vertex  0.000000e+00  2.000000e+01  0.000000e+00
   endloop
 endfacet
 facet normal -1.000000e+00  0.000000e+00 -0.000000e+00
   outer loop
     vertex  0.000000e+00  3.249924e+00  1.202229e+01
     vertex  0.000000e+00  2.000000e+01  0.000000e+00
     vertex  0.000000e+00  3.249312e+00  1.193313e+01
   endloop
 endfacet
 facet normal -1.000000e+00  0.000000e+00  0.000000e+00
   outer loop
     vertex  0.000000e+00  3.248089e+00  1.211144e+01
     vertex  0.000000e+00  2.000000e+01  0.000000e+00
     vertex  0.000000e+00  3.249924e+00  1.202229e+01
   endloop
 endfacet
 facet normal -1.000000e+00  0.000000e+00  0.000000e+00
   outer loop
     vertex  0.000000e+00  3.243809e+00  1.220051e+01
     vertex  0.000000e+00  2.000000e+01  0.000000e+00
     vertex  0.000000e+00  3.248089e+00  1.211144e+01
   endloop
 endfacet
 facet normal -1.000000e+00  0.000000e+00  0.000000e+00
   outer loop
     vertex  0.000000e+00  3.237087e+00  1.228942e+01
     vertex  0.000000e+00  2.000000e+01  0.000000e+00
     vertex  0.000000e+00  3.243809e+00  1.220051e+01
   endloop
 endfacet
 facet normal -1.000000e+00  0.000000e+00  0.000000e+00
   outer loop
     vertex  0.000000e+00  3.227929e+00  1.237812e+01
     vertex  0.000000e+00  2.000000e+01  0.000000e+00
     vertex  0.000000e+00  3.237087e+00  1.228942e+01
   endloop
 endfacet
 facet normal -1.000000e+00  0.000000e+00  0.000000e+00
   outer loop
     vertex  0.000000e+00  3.216340e+00  1.246653e+01
     vertex  0.000000e+00  2.000000e+01  0.000000e+00
     vertex  0.000000e+00  3.227929e+00  1.237812e+01
   endloop
 endfacet
 facet normal -1.000000e+00  0.000000e+00  0.000000e+00
   outer loop
     vertex  0.000000e+00  3.202331e+00  1.255460e+01
     vertex  0.000000e+00  2.000000e+01  0.000000e+00
     vertex  0.000000e+00  3.216340e+00  1.246653e+01
   endloop
 endfacet
 facet normal -1.000000e+00  0.000000e+00  0.000000e+00
   outer loop
     vertex  0.000000e+00  3.185911e+00  1.264224e+01
     vertex  0.000000e+00  2.000000e+01  0.000000e+00
     vertex  0.000000e+00  3.202331e+00  1.255460e+01
   endloop
 endfacet
 facet normal -1.000000e+00  0.000000e+00  0.000000e+00
   outer loop
     vertex  0.000000e+00  3.167092e+00  1.272940e+01
     vertex  0.000000e+00  2.000000e+01  0.000000e+00
     vertex  0.000000e+00  3.185911e+00  1.264224e+01
   endloop
 endfacet
 facet normal -1.000000e+00  0.000000e+00  0.000000e+00
   outer loop
     vertex  0.000000e+00  3.145890e+00  1.281601e+01
     vertex  0.000000e+00  2.000000e+01  0.000000e+00
     vertex  0.000000e+00  3.167092e+00  1.272940e+01
   endloop
 endfacet
 facet normal -1.000000e+00  0.000000e+00  0.000000e+00
   outer loop
     vertex  0.000000e+00  3.122319e+00  1.290201e+01
     vertex  0.000000e+00  2.000000e+01  0.000000e+00
     vertex  0.000000e+00  3.145890e+00  1.281601e+01
   endloop
 endfacet
 facet normal -1.000000e+00  0.000000e+00  0.000000e+00
   outer loop
     vertex  0.000000e+00  3.096398e+00  1.298733e+01
     vertex  0.000000e+00  2.000000e+01  0.000000e+00
     vertex  0.000000e+00  3.122319e+00  1.290201e+01
   endloop
 endfacet
 facet normal -1.000000e+00  0.000000e+00  0.000000e+00
   outer loop
     vertex  0.000000e+00  3.068146e+00  1.307190e+01
     vertex  0.000000e+00  2.000000e+01  0.000000e+00
     vertex  0.000000e+00  3.096398e+00  1.298733e+01
   endloop
 endfacet
 facet normal -1.000000e+00  0.000000e+00  0.000000e+00
   outer loop
     vertex  0.000000e+00  3.037585e+00  1.315567e+01
     vertex  0.000000e+00  2.000000e+01  0.000000e+00
     vertex  0.000000e+00  3.068146e+00  1.307190e+01
   endloop
 endfacet
 facet normal -1.000000e+00  0.000000e+00  0.000000e+00
   outer loop
     vertex  0.000000e+00  3.004737e+00  1.323857e+01
     vertex  0.000000e+00  2.000000e+01  0.000000e+00
     vertex  0.000000e+00  3.037585e+00  1.315567e+01
   endloop
 endfacet
 facet normal -1.000000e+00  0.000000e+00  0.000000e+00
   outer loop
     vertex  0.000000e+00  2.969627e+00  1.332054e+01
     vertex  0.000000e+00  2.000000e+01  0.000000e+00
     vertex  0.000000e+00  3.004737e+00  1.323857e+01
   endloop
 endfacet
 facet normal -1.000000e+00  0.000000e+00  0.000000e+00
   outer loop
     vertex  0.000000e+00 -2.000000e+01  0.000000e+00
     vertex  0.000000e+00 -1.579746e+00  9.159771e+00
     vertex  0.000000e+00 -1.501232e+00  9.117501e+00
   endloop
 endfacet
 facet normal -1.000000e+00  0.000000e+00  0.000000e+00
   outer loop
     vertex  0.000000e+00 -2.000000e+01  0.000000e+00
     vertex  0.000000e+00 -1.501232e+00  9.117501e+00
     vertex  0.000000e+00 -1.421589e+00  9.077401e+00
   endloop
 endfacet
 facet normal -1.000000e+00  0.000000e+00  0.000000e+00
   outer loop
     vertex  0.000000e+00 -2.000000e+01  0.000000e+00
     vertex  0.000000e+00 -1.421589e+00  9.077401e+00
     vertex  0.000000e+00 -1.340875e+00  9.039501e+00
   endloop
 endfacet
 facet normal -1.000000e+00  0.000000e+00  0.000000e+00
   outer loop
     vertex  0.000000e+00 -2.000000e+01  0.000000e+00
     vertex  0.000000e+00 -1.340875e+00  9.039501e+00
     vertex  0.000000e+00 -1.259152e+00  9.003830e+00
   endloop
 endfacet
 facet normal -1.000000e+00  0.000000e+00  0.000000e+00
   outer loop
     vertex  0.000000e+00 -2.000000e+01  0.000000e+00
     vertex  0.000000e+00 -1.259152e+00  9.003830e+00
     vertex  0.000000e+00 -1.176481e+00  8.970414e+00
   endloop
 endfacet
 facet normal -1.000000e+00  0.000000e+00  0.000000e+00
   outer loop
     vertex  0.000000e+00 -2.000000e+01  0.000000e+00
     vertex  0.000000e+00 -1.176481e+00  8.970414e+00
     vertex  0.000000e+00 -1.092924e+00  8.939278e+00
   endloop
 endfacet
 facet normal -1.000000e+00  0.000000e+00  0.000000e+00
   outer loop
     vertex  0.000000e+00 -2.000000e+01  0.000000e+00
     vertex  0.000000e+00 -1.092924e+00  8.939278e+00
     vertex  0.000000e+00 -1.008545e+00  8.910447e+00
   endloop
 endfacet
 facet normal -1.000000e+00  0.000000e+00  0.000000e+00
   outer loop
     vertex  0.000000e+00 -2.000000e+01  0.000000e+00
     vertex  0.000000e+00 -1.008545e+00  8.910447e+00
     vertex  0.000000e+00 -9.234061e-01  8.883941e+00
   endloop
 endfacet
 facet normal -1.000000e+00  0.000000e+00  0.000000e+00
   outer loop
     vertex  0.000000e+00 -2.000000e+01  0.000000e+00
     vertex  0.000000e+00 -9.234061e-01  8.883941e+00
     vertex  0.000000e+00 -8.375725e-01  8.859781e+00
   endloop
 endfacet
 facet normal -1.000000e+00  0.000000e+00  0.000000e+00
   outer loop
     vertex  0.000000e+00 -2.000000e+01  0.000000e+00
     vertex  0.000000e+00 -8.375725e-01  8.859781e+00
     vertex  0.000000e+00 -7.511083e-01  8.837985e+00
   endloop
 endfacet
 facet normal -1.000000e+00  0.000000e+00  0.000000e+00
   outer loop
     vertex  0.000000e+00 -2.000000e+01  0.000000e+00
     vertex  0.000000e+00 -7.511083e-01  8.837985e+00
     vertex  0.000000e+00 -6.640787e-01  8.818570e+00
   endloop
 endfacet
 facet normal -1.000000e+00  0.000000e+00  0.000000e+00
   outer loop
     vertex  0.000000e+00 -2.000000e+01  0.000000e+00
     vertex  0.000000e+00 -6.640787e-01  8.818570e+00
     vertex  0.000000e+00 -5.765493e-01  8.801549e+00
   endloop
 endfacet
 facet normal -1.000000e+00  0.000000e+00  0.000000e+00
   outer loop
     vertex  0.000000e+00 -2.000000e+01  0.000000e+00
     vertex  0.000000e+00 -5.765493e-01  8.801549e+00
     vertex  0.000000e+00 -4.885858e-01  8.786935e+00
   endloop
 endfacet
 facet normal -1.000000e+00  0.000000e+00  0.000000e+00
   outer loop
     vertex  0.000000e+00 -2.000000e+01  0.000000e+00
     vertex  0.000000e+00 -4.885858e-01  8.786935e+00
     vertex  0.000000e+00 -4.002545e-01  8.774741e+00
   endloop
 endfacet
 facet normal -1.000000e+00  0.000000e+00  0.000000e+00
   outer loop
     vertex  0.000000e+00 -2.000000e+01  0.000000e+00
     vertex  0.000000e+00 -4.002545e-01  8.774741e+00
     vertex  0.000000e+00 -3.116220e-01  8.764974e+00
   endloop
 endfacet
 facet normal -1.000000e+00  0.000000e+00  0.000000e+00
   outer loop
     vertex  0.000000e+00 -2.000000e+01  0.000000e+00
     vertex  0.000000e+00 -3.116220e-01  8.764974e+00
     vertex  0.000000e+00 -2.227548e-01  8.757643e+00
   endloop
 endfacet
 facet normal -1.000000e+00  0.000000e+00  0.000000e+00
   outer loop
     vertex  0.000000e+00 -2.000000e+01  0.000000e+00
     vertex  0.000000e+00 -2.227548e-01  8.757643e+00
     vertex  0.000000e+00 -1.337200e-01  8.752752e+00
   endloop
 endfacet
 facet normal -1.000000e+00  0.000000e+00  0.000000e+00
   outer loop
     vertex  0.000000e+00 -2.000000e+01  0.000000e+00
     vertex  0.000000e+00 -1.337200e-01  8.752752e+00
     vertex  0.000000e+00 -4.458452e-02  8.750306e+00
   endloop
 endfacet
 facet normal -1.000000e+00  0.000000e+00  0.000000e+00
   outer loop
     vertex  0.000000e+00 -2.000000e+01  0.000000e+00
     vertex  0.000000e+00 -4.458452e-02  8.750306e+00
     vertex  0.000000e+00  4.458452e-02  8.750306e+00
   endloop
 endfacet
 facet normal -1.000000e+00  0.000000e+00  0.000000e+00
   outer loop
     vertex  0.000000e+00 -2.000000e+01  0.000000e+00
     vertex  0.000000e+00 -2.969627e+00  1.332054e+01
     vertex  0.000000e+00 -3.004737e+00  1.323857e+01
   endloop
 endfacet
 facet normal -1.000000e+00  0.000000e+00  0.000000e+00
   outer loop
     vertex  0.000000e+00 -2.000000e+01  0.000000e+00
     vertex  0.000000e+00 -3.004737e+00  1.323857e+01
     vertex  0.000000e+00 -3.037585e+00  1.315567e+01
   endloop
 endfacet
 facet normal -1.000000e+00  0.000000e+00  0.000000e+00
   outer loop
     vertex  0.000000e+00 -2.000000e+01  0.000000e+00
     vertex  0.000000e+00 -3.037585e+00  1.315567e+01
     vertex  0.000000e+00 -3.068146e+00  1.307190e+01
   endloop
 endfacet
 facet normal -1.000000e+00  0.000000e+00  0.000000e+00
   outer loop
     vertex  0.000000e+00 -2.000000e+01  0.000000e+00
     vertex  0.000000e+00 -3.068146e+00  1.307190e+01
     vertex  0.000000e+00 -3.096398e+00  1.298733e+01
   endloop
 endfacet
 facet normal -1.000000e+00  0.000000e+00  0.000000e+00
   outer loop
     vertex  0.000000e+00 -2.000000e+01  0.000000e+00
     vertex  0.000000e+00 -3.096398e+00  1.298733e+01
     vertex  0.000000e+00 -3.122319e+00  1.290201e+01
   endloop
 endfacet
 facet normal -1.000000e+00  0.000000e+00  0.000000e+00
   outer loop
     vertex  0.000000e+00 -2.000000e+01  0.000000e+00
     vertex  0.000000e+00 -3.122319e+00  1.290201e+01
     vertex  0.000000e+00 -3.145890e+00  1.281601e+01
   endloop
 endfacet
 facet normal -1.000000e+00  0.000000e+00  0.000000e+00
   outer loop
     vertex  0.000000e+00 -2.000000e+01  0.000000e+00
     vertex  0.000000e+00 -3.145890e+00  1.281601e+01
     vertex  0.000000e+00 -3.167092e+00  1.272940e+01
   endloop
 endfacet
 facet normal -1.000000e+00  0.000000e+00  0.000000e+00
   outer loop
     vertex  0.000000e+00 -2.000000e+01  0.000000e+00
     vertex  0.000000e+00 -3.167092e+00  1.272940e+01
     vertex  0.000000e+00 -3.185911e+00  1.264224e+01
   endloop
 endfacet
 facet normal -1.000000e+00  0.000000e+00  0.000000e+00
   outer loop
     vertex  0.000000e+00 -2.000000e+01  0.000000e+00
     vertex  0.000000e+00 -3.185911e+00  1.264224e+01
     vertex  0.000000e+00 -3.202331e+00  1.255460e+01
   endloop
 endfacet
 facet normal -1.000000e+00  0.000000e+00  0.000000e+00
   outer loop
     vertex  0.000000e+00 -2.000000e+01  0.000000e+00
     vertex  0.000000e+00 -3.202331e+00  1.255460e+01
     vertex  0.000000e+00 -3.216340e+00  1.246653e+01
   endloop
 endfacet
 facet normal -1.000000e+00  0.000000e+00  0.000000e+00
   outer loop
     vertex  0.000000e+00 -2.000000e+01  0.000000e+00
     vertex  0.000000e+00 -3.216340e+00  1.246653e+01
     vertex  0.000000e+00 -3.227929e+00  1.237812e+01
   endloop
 endfacet
 facet normal -1.000000e+00  0.000000e+00  0.000000e+00
   outer loop
     vertex  0.000000e+00 -2.000000e+01  0.000000e+00
     vertex  0.000000e+00 -3.227929e+00  1.237812e+01
     vertex  0.000000e+00 -3.237087e+00  1.228942e+01
   endloop
 endfacet
 facet normal -1.000000e+00  0.000000e+00  0.000000e+00
   outer loop
     vertex  0.000000e+00 -2.000000e+01  0.000000e+00
     vertex  0.000000e+00 -3.237087e+00  1.228942e+01
     vertex  0.000000e+00 -3.243809e+00  1.220051e+01
   endloop
 endfacet
 facet normal -1.000000e+00  0.000000e+00  0.000000e+00
   outer loop
     vertex  0.000000e+00 -2.000000e+01  0.000000e+00
     vertex  0.000000e+00 -3.243809e+00  1.220051e+01
     vertex  0.000000e+00 -3.248089e+00  1.211144e+01
   endloop
 endfacet
 facet normal -1.000000e+00  0.000000e+00  0.000000e+00
   outer loop
     vertex  0.000000e+00 -2.000000e+01  0.000000e+00
     vertex  0.000000e+00 -3.248089e+00  1.211144e+01
     vertex  0.000000e+00 -3.249924e+00  1.202229e+01
   endloop
 endfacet
 facet normal -1.000000e+00  0.000000e+00  0.000000e+00
   outer loop
     vertex  0.000000e+00 -2.000000e+01  0.000000e+00
     vertex  0.000000e+00 -3.249924e+00  1.202229e+01
     vertex  0.000000e+00 -3.249312e+00  1.193313e+01
   endloop
 endfacet
 facet normal -1.000000e+00  0.000000e+00  0.000000e+00
   outer loop
     vertex  0.000000e+00 -2.000000e+01  0.000000e+00
     vertex  0.000000e+00 -3.249312e+00  1.193313e+01
     vertex  0.000000e+00 -3.246254e+00  1.184401e+01
   endloop
 endfacet
 facet normal -1.000000e+00  0.000000e+00  0.000000e+00
   outer loop
     vertex  0.000000e+00 -2.000000e+01  0.000000e+00
     vertex  0.000000e+00 -3.246254e+00  1.184401e+01
     vertex  0.000000e+00 -3.240753e+00  1.175501e+01
   endloop
 endfacet
 facet normal -1.000000e+00  0.000000e+00  0.000000e+00
   outer loop
     vertex  0.000000e+00 -2.000000e+01  0.000000e+00
     vertex  0.000000e+00 -3.240753e+00  1.175501e+01
     vertex  0.000000e+00 -3.232812e+00  1.166620e+01
   endloop
 endfacet
 facet normal -1.000000e+00  0.000000e+00  0.000000e+00
   outer loop
     vertex  0.000000e+00 -2.000000e+01  0.000000e+00
     vertex  0.000000e+00 -3.232812e+00  1.166620e+01
     vertex  0.000000e+00 -3.222438e+00  1.157763e+01
   endloop
 endfacet
 facet normal -1.000000e+00  0.000000e+00  0.000000e+00
   outer loop
     vertex  0.000000e+00 -2.000000e+01  0.000000e+00
     vertex  0.000000e+00 -3.222438e+00  1.157763e+01
     vertex  0.000000e+00 -3.209638e+00  1.148939e+01
   endloop
 endfacet
 facet normal -1.000000e+00  0.000000e+00  0.000000e+00
   outer loop
     vertex  0.000000e+00 -2.000000e+01  0.000000e+00
     vertex  0.000000e+00 -3.209638e+00  1.148939e+01
     vertex  0.000000e+00 -3.194421e+00  1.140153e+01
   endloop
 endfacet
 facet normal -1.000000e+00  0.000000e+00  0.000000e+00
   outer loop
     vertex  0.000000e+00 -2.000000e+01  0.000000e+00
     vertex  0.000000e+00 -3.194421e+00  1.140153e+01
     vertex  0.000000e+00 -3.176800e+00  1.131411e+01
   endloop
 endfacet
 facet normal -1.000000e+00  0.000000e+00  0.000000e+00
   outer loop
     vertex  0.000000e+00 -2.000000e+01  0.000000e+00
     vertex  0.000000e+00 -3.176800e+00  1.131411e+01
     vertex  0.000000e+00 -3.156788e+00  1.122722e+01
   endloop
 endfacet
 facet normal -1.000000e+00  0.000000e+00  0.000000e+00
   outer loop
     vertex  0.000000e+00 -2.000000e+01  0.000000e+00
     vertex  0.000000e+00 -3.156788e+00  1.122722e+01
     vertex  0.000000e+00 -3.134399e+00  1.114091e+01
   endloop
 endfacet
 facet normal -1.000000e+00  0.000000e+00  0.000000e+00
   outer loop
     vertex  0.000000e+00 -2.000000e+01  0.000000e+00
     vertex  0.000000e+00 -3.134399e+00  1.114091e+01
     vertex  0.000000e+00 -3.109651e+00  1.105524e+01
   endloop
 endfacet
 facet normal -1.000000e+00  0.000000e+00  0.000000e+00
   outer loop
     vertex  0.000000e+00 -2.000000e+01  0.000000e+00
     vertex  0.000000e+00 -3.109651e+00  1.105524e+01
     vertex  0.000000e+00 -3.082562e+00  1.097029e+01
   endloop
 endfacet
 facet normal -1.000000e+00  0.000000e+00  0.000000e+00
   outer loop
     vertex  0.000000e+00 -2.000000e+01  0.000000e+00
     vertex  0.000000e+00 -3.082562e+00  1.097029e+01
     vertex  0.000000e+00 -3.053153e+00  1.088611e+01
   endloop
 endfacet
 facet normal -1.000000e+00  0.000000e+00  0.000000e+00
   outer loop
     vertex  0.000000e+00 -2.000000e+01  0.000000e+00
     vertex  0.000000e+00 -3.053153e+00  1.088611e+01
     vertex  0.000000e+00 -3.021445e+00  1.080277e+01
   endloop
 endfacet
 facet normal -1.000000e+00  0.000000e+00  0.000000e+00
   outer loop
     vertex  0.000000e+00 -2.000000e+01  0.000000e+00
     vertex  0.000000e+00 -3.021445e+00  1.080277e+01
     vertex  0.000000e+00 -2.987463e+00  1.072033e+01
   endloop
 endfacet
 facet normal -1.000000e+00  0.000000e+00  0.000000e+00
   outer loop
     vertex  0.000000e+00 -2.000000e+01  0.000000e+00
     vertex  0.000000e+00 -2.987463e+00  1.072033e+01
     vertex  0.000000e+00 -2.951232e+00  1.063885e+01
   endloop
 endfacet
 facet normal -1.000000e+00  0.000000e+00  0.000000e+00
   outer loop
     vertex  0.000000e+00 -2.000000e+01  0.000000e+00
     vertex  0.000000e+00  4.458452e-02  8.750306e+00
     vertex  0.000000e+00  2.000000e+01  0.000000e+00
   endloop
 endfacet
 facet normal -1.000000e+00  0.000000e+00  0.000000e+00
   outer loop
     vertex  0.000000e+00 -2.000000e+01  0.000000e+00
     vertex  0.000000e+00 -2.951232e+00  1.063885e+01
     vertex  0.000000e+00 -2.912779e+00  1.055840e+01
   endloop
 endfacet
 facet normal -1.000000e+00  0.000000e+00  0.000000e+00
   outer loop
     vertex  0.000000e+00 -2.000000e+01  0.000000e+00
     vertex  0.000000e+00 -2.912779e+00  1.055840e+01
     vertex  0.000000e+00 -2.872134e+00  1.047903e+01
   endloop
 endfacet
 facet normal -1.000000e+00  0.000000e+00  0.000000e+00
   outer loop
     vertex  0.000000e+00 -2.000000e+01  0.000000e+00
     vertex  0.000000e+00 -2.872134e+00  1.047903e+01
     vertex  0.000000e+00 -2.829327e+00  1.040081e+01
   endloop
 endfacet
 facet normal -1.000000e+00  0.000000e+00  0.000000e+00
   outer loop
     vertex  0.000000e+00 -2.000000e+01  0.000000e+00
     vertex  0.000000e+00 -2.829327e+00  1.040081e+01
     vertex  0.000000e+00 -2.784389e+00  1.032379e+01
   endloop
 endfacet
 facet normal -1.000000e+00  0.000000e+00  0.000000e+00
   outer loop
     vertex  0.000000e+00 -2.000000e+01  0.000000e+00
     vertex  0.000000e+00 -2.784389e+00  1.032379e+01
     vertex  0.000000e+00 -2.737356e+00  1.024804e+01
   endloop
 endfacet
 facet normal -1.000000e+00  0.000000e+00  0.000000e+00
   outer loop
     vertex  0.000000e+00 -2.000000e+01  0.000000e+00
     vertex  0.000000e+00 -2.737356e+00  1.024804e+01
     vertex  0.000000e+00 -2.688262e+00  1.017360e+01
   endloop
 endfacet
 facet normal -1.000000e+00  0.000000e+00  0.000000e+00
   outer loop
     vertex  0.000000e+00 -2.000000e+01  0.000000e+00
     vertex  0.000000e+00 -2.688262e+00  1.017360e+01
     vertex  0.000000e+00 -2.637145e+00  1.010054e+01
   endloop
 endfacet
 facet normal -1.000000e+00  0.000000e+00  0.000000e+00
   outer loop
     vertex  0.000000e+00 -2.000000e+01  0.000000e+00
     vertex  0.000000e+00 -2.637145e+00  1.010054e+01
     vertex  0.000000e+00 -2.584042e+00  1.002890e+01
   endloop
 endfacet
 facet normal -1.000000e+00  0.000000e+00  0.000000e+00
   outer loop
     vertex  0.000000e+00 -2.000000e+01  0.000000e+00
     vertex  0.000000e+00 -2.584042e+00  1.002890e+01
     vertex  0.000000e+00 -2.528995e+00  9.958754e+00
   endloop
 endfacet
 facet normal -1.000000e+00  0.000000e+00  0.000000e+00
   outer loop
     vertex  0.000000e+00 -2.000000e+01  0.000000e+00
     vertex  0.000000e+00 -2.528995e+00  9.958754e+00
     vertex  0.000000e+00 -2.472043e+00  9.890142e+00
   endloop
 endfacet
 facet normal -1.000000e+00  0.000000e+00  0.000000e+00
   outer loop
     vertex  0.000000e+00 -2.000000e+01  0.000000e+00
     vertex  0.000000e+00 -2.472043e+00  9.890142e+00
     vertex  0.000000e+00 -2.413231e+00  9.823118e+00
   endloop
 endfacet
 facet normal -1.000000e+00  0.000000e+00  0.000000e+00
   outer loop
     vertex  0.000000e+00 -2.000000e+01  0.000000e+00
     vertex  0.000000e+00 -2.413231e+00  9.823118e+00
     vertex  0.000000e+00 -2.352602e+00  9.757732e+00
   endloop
 endfacet
 facet normal -1.000000e+00  0.000000e+00  0.000000e+00
   outer loop
     vertex  0.000000e+00 -2.000000e+01  0.000000e+00
     vertex  0.000000e+00 -2.352602e+00  9.757732e+00
     vertex  0.000000e+00 -2.290202e+00  9.694035e+00
   endloop
 endfacet
 facet normal -1.000000e+00  0.000000e+00  0.000000e+00
   outer loop
     vertex  0.000000e+00 -2.000000e+01  0.000000e+00
     vertex  0.000000e+00 -2.290202e+00  9.694035e+00
     vertex  0.000000e+00 -2.226078e+00  9.632073e+00
   endloop
 endfacet
 facet normal -1.000000e+00  0.000000e+00  0.000000e+00
   outer loop
     vertex  0.000000e+00 -2.000000e+01  0.000000e+00
     vertex  0.000000e+00 -2.226078e+00  9.632073e+00
     vertex  0.000000e+00 -2.160278e+00  9.571894e+00
   endloop
 endfacet
 facet normal -1.000000e+00  0.000000e+00  0.000000e+00
   outer loop
     vertex  0.000000e+00 -2.000000e+01  0.000000e+00
     vertex  0.000000e+00 -2.160278e+00  9.571894e+00
     vertex  0.000000e+00 -2.092852e+00  9.513543e+00
   endloop
 endfacet
 facet normal -1.000000e+00  0.000000e+00  0.000000e+00
   outer loop
     vertex  0.000000e+00 -2.000000e+01  0.000000e+00
     vertex  0.000000e+00 -2.092852e+00  9.513543e+00
     vertex  0.000000e+00 -2.023851e+00  9.457063e+00
   endloop
 endfacet
 facet normal -1.000000e+00  0.000000e+00  0.000000e+00
   outer loop
     vertex  0.000000e+00 -2.000000e+01  0.000000e+00
     vertex  0.000000e+00 -2.023851e+00  9.457063e+00
     vertex  0.000000e+00 -1.953326e+00  9.402498e+00
   endloop
 endfacet
 facet normal -1.000000e+00  0.000000e+00  0.000000e+00
   outer loop
     vertex  0.000000e+00 -2.000000e+01  0.000000e+00
     vertex  0.000000e+00 -1.953326e+00  9.402498e+00
     vertex  0.000000e+00 -1.881331e+00  9.349888e+00
   endloop
 endfacet
 facet normal -1.000000e+00  0.000000e+00  0.000000e+00
   outer loop
     vertex  0.000000e+00 -2.000000e+01  0.000000e+00
     vertex  0.000000e+00 -1.881331e+00  9.349888e+00
     vertex  0.000000e+00 -1.807920e+00  9.299273e+00
   endloop
 endfacet
 facet normal -1.000000e+00  0.000000e+00  0.000000e+00
   outer loop
     vertex  0.000000e+00 -2.000000e+01  0.000000e+00
     vertex  0.000000e+00 -1.807920e+00  9.299273e+00
     vertex  0.000000e+00 -1.733147e+00  9.250691e+00
   endloop
 endfacet
 facet normal -1.000000e+00  0.000000e+00  0.000000e+00
   outer loop
     vertex  0.000000e+00 -2.000000e+01  0.000000e+00
     vertex  0.000000e+00 -1.733147e+00  9.250691e+00
     vertex  0.000000e+00 -1.657070e+00  9.204178e+00
   endloop
 endfacet
 facet normal -1.000000e+00  0.000000e+00  0.000000e+00
   outer loop
     vertex  0.000000e+00 -2.000000e+01  0.000000e+00
     vertex  0.000000e+00 -1.657070e+00  9.204178e+00
     vertex  0.000000e+00 -1.579746e+00  9.159771e+00
   endloop
 endfacet
 facet normal -1.000000e+00  0.000000e+00 -0.000000e+00
   outer loop
     vertex  0.000000e+00  2.000000e+01  4.500000e+01
     vertex  0.000000e+00  2.000000e+01  0.000000e+00
     vertex  0.000000e+00  2.969627e+00  1.332054e+01
   endloop
 endfacet
 facet normal -1.000000e+00  0.000000e+00  0.000000e+00
   outer loop
     vertex  0.000000e+00  2.000000e+01  4.500000e+01
     vertex  0.000000e+00  2.969627e+00  1.332054e+01
     vertex  0.000000e+00  2.932282e+00  1.340151e+01
   endloop
 endfacet
 facet normal -1.000000e+00  0.000000e+00  0.000000e+00
   outer loop
     vertex  0.000000e+00  2.000000e+01  4.500000e+01
     vertex  0.000000e+00  2.932282e+00  1.340151e+01
     vertex  0.000000e+00  2.892729e+00  1.348142e+01
   endloop
 endfacet
 facet normal -1.000000e+00  0.000000e+00  0.000000e+00
   outer loop
     vertex  0.000000e+00  2.000000e+01  4.500000e+01
     vertex  0.000000e+00  2.892729e+00  1.348142e+01
     vertex  0.000000e+00  2.850999e+00  1.356023e+01
   endloop
 endfacet
 facet normal -1.000000e+00  0.000000e+00  0.000000e+00
   outer loop
     vertex  0.000000e+00  2.000000e+01  4.500000e+01
     vertex  0.000000e+00  2.850999e+00  1.356023e+01
     vertex  0.000000e+00  2.807122e+00  1.363785e+01
   endloop
 endfacet
 facet normal -1.000000e+00  0.000000e+00  0.000000e+00
   outer loop
     vertex  0.000000e+00  2.000000e+01  4.500000e+01
     vertex  0.000000e+00  2.807122e+00  1.363785e+01
     vertex  0.000000e+00  2.761133e+00  1.371425e+01
   endloop
 endfacet
 facet normal -1.000000e+00  0.000000e+00  0.000000e+00
   outer loop
     vertex  0.000000e+00  2.000000e+01  4.500000e+01
     vertex  0.000000e+00  2.761133e+00  1.371425e+01
     vertex  0.000000e+00  2.713065e+00  1.378935e+01
   endloop
 endfacet
 facet normal -1.000000e+00  0.000000e+00 -0.000000e+00
   outer loop
     vertex  0.000000e+00  2.290202e+00  3.569403e+01
     vertex  0.000000e+00  2.321620e+00  1.427433e+01
     vertex  0.000000e+00  2.258352e+00  1.433717e+01
   endloop
 endfacet
 facet normal -1.000000e+00  0.000000e+00 -0.000000e+00
   outer loop
     vertex  0.000000e+00  2.352602e+00  3.575773e+01
     vertex  0.000000e+00  2.383141e+00  1.420978e+01
     vertex  0.000000e+00  2.321620e+00  1.427433e+01
   endloop
 endfacet
 facet normal -1.000000e+00  0.000000e+00  0.000000e+00
   outer loop
     vertex  0.000000e+00  2.352602e+00  3.575773e+01
     vertex  0.000000e+00  2.321620e+00  1.427433e+01
     vertex  0.000000e+00  2.290202e+00  3.569403e+01
   endloop
 endfacet
 facet normal -1.000000e+00  0.000000e+00 -0.000000e+00
   outer loop
     vertex  0.000000e+00  2.226078e+00  3.563207e+01
     vertex  0.000000e+00  2.258352e+00  1.433717e+01
     vertex  0.000000e+00  2.193384e+00  1.439824e+01
   endloop
 endfacet
 facet normal -1.000000e+00  0.000000e+00  0.000000e+00
   outer loop
     vertex  0.000000e+00  2.226078e+00  3.563207e+01
     vertex  0.000000e+00  2.290202e+00  3.569403e+01
     vertex  0.000000e+00  2.258352e+00  1.433717e+01
   endloop
 endfacet
 facet normal -1.000000e+00  0.000000e+00 -0.000000e+00
   outer loop
     vertex  0.000000e+00  2.413231e+00  3.582312e+01
     vertex  0.000000e+00  2.442867e+00  1.414357e+01
     vertex  0.000000e+00  2.383141e+00  1.420978e+01
   endloop
 endfacet
 facet normal -1.000000e+00  0.000000e+00  0.000000e+00
   outer loop
     vertex  0.000000e+00  2.413231e+00  3.582312e+01
     vertex  0.000000e+00  2.383141e+00  1.420978e+01
     vertex  0.000000e+00  2.352602e+00  3.575773e+01
   endloop
 endfacet
 facet normal -1.000000e+00  0.000000e+00 -0.000000e+00
   outer loop
     vertex  0.000000e+00  2.160278e+00  3.557189e+01
     vertex  0.000000e+00  2.193384e+00  1.439824e+01
     vertex  0.000000e+00  2.126765e+00  1.445751e+01
   endloop
 endfacet
 facet normal -1.000000e+00  0.000000e+00  0.000000e+00
   outer loop
     vertex  0.000000e+00  2.160278e+00  3.557189e+01
     vertex  0.000000e+00  2.226078e+00  3.563207e+01
     vertex  0.000000e+00  2.193384e+00  1.439824e+01
   endloop
 endfacet
 facet normal -1.000000e+00  0.000000e+00 -0.000000e+00
   outer loop
     vertex  0.000000e+00  2.472043e+00  3.589014e+01
     vertex  0.000000e+00  2.500754e+00  1.407575e+01
     vertex  0.000000e+00  2.442867e+00  1.414357e+01
   endloop
 endfacet
 facet normal -1.000000e+00  0.000000e+00  0.000000e+00
   outer loop
     vertex  0.000000e+00  2.472043e+00  3.589014e+01
     vertex  0.000000e+00  2.442867e+00  1.414357e+01
     vertex  0.000000e+00  2.413231e+00  3.582312e+01
   endloop
 endfacet
 facet normal -1.000000e+00  0.000000e+00 -0.000000e+00
   outer loop
     vertex  0.000000e+00  2.092852e+00  3.551354e+01
     vertex  0.000000e+00  2.126765e+00  1.445751e+01
     vertex  0.000000e+00  2.058545e+00  1.451493e+01
   endloop
 endfacet
 facet normal -1.000000e+00  0.000000e+00  0.000000e+00
   outer loop
     vertex  0.000000e+00  2.092852e+00  3.551354e+01
     vertex  0.000000e+00  2.160278e+00  3.557189e+01
     vertex  0.000000e+00  2.126765e+00  1.445751e+01
   endloop
 endfacet
 facet normal -1.000000e+00  0.000000e+00  0.000000e+00
   outer loop
     vertex  0.000000e+00  2.528995e+00  3.595875e+01
     vertex  0.000000e+00  2.500754e+00  1.407575e+01
     vertex  0.000000e+00  2.472043e+00  3.589014e+01
   endloop
 endfacet
 facet normal -1.000000e+00  0.000000e+00 -0.000000e+00
   outer loop
     vertex  0.000000e+00  2.528995e+00  3.595875e+01
     vertex  0.000000e+00  2.556759e+00  1.400636e+01
     vertex  0.000000e+00  2.500754e+00  1.407575e+01
   endloop
 endfacet
 facet normal -1.000000e+00  0.000000e+00 -0.000000e+00
   outer loop
     vertex  0.000000e+00  2.023851e+00  3.545706e+01
     vertex  0.000000e+00  2.058545e+00  1.451493e+01
     vertex  0.000000e+00  1.988776e+00  1.457046e+01
   endloop
 endfacet
 facet normal -1.000000e+00  0.000000e+00  0.000000e+00
   outer loop
     vertex  0.000000e+00  2.023851e+00  3.545706e+01
     vertex  0.000000e+00  2.092852e+00  3.551354e+01
     vertex  0.000000e+00  2.058545e+00  1.451493e+01
   endloop
 endfacet
 facet normal -1.000000e+00  0.000000e+00  0.000000e+00
   outer loop
     vertex  0.000000e+00  2.584042e+00  3.602890e+01
     vertex  0.000000e+00  2.556759e+00  1.400636e+01
     vertex  0.000000e+00  2.528995e+00  3.595875e+01
   endloop
 endfacet
 facet normal -1.000000e+00  0.000000e+00 -0.000000e+00
   outer loop
     vertex  0.000000e+00  2.584042e+00  3.602890e+01
     vertex  0.000000e+00  2.610839e+00  1.393546e+01
     vertex  0.000000e+00  2.556759e+00  1.400636e+01
   endloop
 endfacet
 facet normal -1.000000e+00  0.000000e+00 -0.000000e+00
   outer loop
     vertex  0.000000e+00  1.953326e+00  3.540250e+01
     vertex  0.000000e+00  1.988776e+00  1.457046e+01
     vertex  0.000000e+00  1.917509e+00  1.462405e+01
   endloop
 endfacet
 facet normal -1.000000e+00  0.000000e+00  0.000000e+00
   outer loop
     vertex  0.000000e+00  1.953326e+00  3.540250e+01
     vertex  0.000000e+00  2.023851e+00  3.545706e+01
     vertex  0.000000e+00  1.988776e+00  1.457046e+01
   endloop
 endfacet
 facet normal -1.000000e+00  0.000000e+00  0.000000e+00
   outer loop
     vertex  0.000000e+00  2.637145e+00  3.610054e+01
     vertex  0.000000e+00  2.610839e+00  1.393546e+01
     vertex  0.000000e+00  2.584042e+00  3.602890e+01
   endloop
 endfacet
 facet normal -1.000000e+00  0.000000e+00 -0.000000e+00
   outer loop
     vertex  0.000000e+00  2.637145e+00  3.610054e+01
     vertex  0.000000e+00  2.662954e+00  1.386311e+01
     vertex  0.000000e+00  2.610839e+00  1.393546e+01
   endloop
 endfacet
 facet normal -1.000000e+00  0.000000e+00 -0.000000e+00
   outer loop
     vertex  0.000000e+00  1.881331e+00  3.534989e+01
     vertex  0.000000e+00  1.917509e+00  1.462405e+01
     vertex  0.000000e+00  1.844799e+00  1.467567e+01
   endloop
 endfacet
 facet normal -1.000000e+00  0.000000e+00  0.000000e+00
   outer loop
     vertex  0.000000e+00  1.881331e+00  3.534989e+01
     vertex  0.000000e+00  1.953326e+00  3.540250e+01
     vertex  0.000000e+00  1.917509e+00  1.462405e+01
   endloop
 endfacet
 facet normal -1.000000e+00  0.000000e+00  0.000000e+00
   outer loop
     vertex  0.000000e+00  2.688262e+00  3.617360e+01
     vertex  0.000000e+00  2.000000e+01  4.500000e+01
     vertex  0.000000e+00  2.713065e+00  1.378935e+01
   endloop
 endfacet
 facet normal -1.000000e+00  0.000000e+00  0.000000e+00
   outer loop
     vertex  0.000000e+00  2.688262e+00  3.617360e+01
     vertex  0.000000e+00  2.662954e+00  1.386311e+01
     vertex  0.000000e+00  2.637145e+00  3.610054e+01
   endloop
 endfacet
 facet normal -1.000000e+00  0.000000e+00 -0.000000e+00
   outer loop
     vertex  0.000000e+00  2.688262e+00  3.617360e+01
     vertex  0.000000e+00  2.713065e+00  1.378935e+01
     vertex  0.000000e+00  2.662954e+00  1.386311e+01
   endloop
 endfacet
 facet normal -1.000000e+00  0.000000e+00 -0.000000e+00
   outer loop
     vertex  0.000000e+00  1.807920e+00  3.529927e+01
     vertex  0.000000e+00  1.844799e+00  1.467567e+01
     vertex  0.000000e+00  1.770700e+00  1.472527e+01
   endloop
 endfacet
 facet normal -1.000000e+00  0.000000e+00  0.000000e+00
   outer loop
     vertex  0.000000e+00  1.807920e+00  3.529927e+01
     vertex  0.000000e+00  1.881331e+00  3.534989e+01
     vertex  0.000000e+00  1.844799e+00  1.467567e+01
   endloop
 endfacet
 facet normal -1.000000e+00  0.000000e+00 -0.000000e+00
   outer loop
     vertex  0.000000e+00  2.737356e+00  3.624804e+01
     vertex  0.000000e+00  2.000000e+01  4.500000e+01
     vertex  0.000000e+00  2.688262e+00  3.617360e+01
   endloop
 endfacet
 facet normal -1.000000e+00  0.000000e+00 -0.000000e+00
   outer loop
     vertex  0.000000e+00  1.733147e+00  3.525069e+01
     vertex  0.000000e+00  1.770700e+00  1.472527e+01
     vertex  0.000000e+00  1.695268e+00  1.477283e+01
   endloop
 endfacet
 facet normal -1.000000e+00  0.000000e+00  0.000000e+00
   outer loop
     vertex  0.000000e+00  1.733147e+00  3.525069e+01
     vertex  0.000000e+00  1.807920e+00  3.529927e+01
     vertex  0.000000e+00  1.770700e+00  1.472527e+01
   endloop
 endfacet
 facet normal -1.000000e+00  0.000000e+00 -0.000000e+00
   outer loop
     vertex  0.000000e+00  2.784389e+00  3.632379e+01
     vertex  0.000000e+00  2.000000e+01  4.500000e+01
     vertex  0.000000e+00  2.737356e+00  3.624804e+01
   endloop
 endfacet
 facet normal -1.000000e+00  0.000000e+00 -0.000000e+00
   outer loop
     vertex  0.000000e+00  1.657070e+00  3.520418e+01
     vertex  0.000000e+00  1.695268e+00  1.477283e+01
     vertex  0.000000e+00  1.618560e+00  1.481829e+01
   endloop
 endfacet
 facet normal -1.000000e+00  0.000000e+00  0.000000e+00
   outer loop
     vertex  0.000000e+00  1.657070e+00  3.520418e+01
     vertex  0.000000e+00  1.733147e+00  3.525069e+01
     vertex  0.000000e+00  1.695268e+00  1.477283e+01
   endloop
 endfacet
 facet normal -1.000000e+00  0.000000e+00 -0.000000e+00
   outer loop
     vertex  0.000000e+00  2.829327e+00  3.640081e+01
     vertex  0.000000e+00  2.000000e+01  4.500000e+01
     vertex  0.000000e+00  2.784389e+00  3.632379e+01
   endloop
 endfacet
 facet normal -1.000000e+00  0.000000e+00 -0.000000e+00
   outer loop
     vertex  0.000000e+00  1.579746e+00  3.515977e+01
     vertex  0.000000e+00  1.618560e+00  1.481829e+01
     vertex  0.000000e+00  1.540634e+00  1.486163e+01
   endloop
 endfacet
 facet normal -1.000000e+00  0.000000e+00  0.000000e+00
   outer loop
     vertex  0.000000e+00  1.579746e+00  3.515977e+01
     vertex  0.000000e+00  1.657070e+00  3.520418e+01
     vertex  0.000000e+00  1.618560e+00  1.481829e+01
   endloop
 endfacet
 facet normal -1.000000e+00  0.000000e+00 -0.000000e+00
   outer loop
     vertex  0.000000e+00  2.872134e+00  3.647903e+01
     vertex  0.000000e+00  2.000000e+01  4.500000e+01
     vertex  0.000000e+00  2.829327e+00  3.640081e+01
   endloop
 endfacet
 facet normal -1.000000e+00  0.000000e+00 -0.000000e+00
   outer loop
     vertex  0.000000e+00  1.501232e+00  3.511750e+01
     vertex  0.000000e+00  1.540634e+00  1.486163e+01
     vertex  0.000000e+00  1.461548e+00  1.490282e+01
   endloop
 endfacet
 facet normal -1.000000e+00  0.000000e+00  0.000000e+00
   outer loop
     vertex  0.000000e+00  1.501232e+00  3.511750e+01
     vertex  0.000000e+00  1.579746e+00  3.515977e+01
     vertex  0.000000e+00  1.540634e+00  1.486163e+01
   endloop
 endfacet
 facet normal -1.000000e+00  0.000000e+00 -0.000000e+00
   outer loop
     vertex  0.000000e+00  2.912779e+00  3.655840e+01
     vertex  0.000000e+00  2.000000e+01  4.500000e+01
     vertex  0.000000e+00  2.872134e+00  3.647903e+01
   endloop
 endfacet
 facet normal -1.000000e+00  0.000000e+00 -0.000000e+00
   outer loop
     vertex  0.000000e+00  1.421589e+00  3.507740e+01
     vertex  0.000000e+00  1.461548e+00  1.490282e+01
     vertex  0.000000e+00  1.381362e+00  1.494183e+01
   endloop
 endfacet
 facet normal -1.000000e+00  0.000000e+00  0.000000e+00
   outer loop
     vertex  0.000000e+00  1.421589e+00  3.507740e+01
     vertex  0.000000e+00  1.501232e+00  3.511750e+01
     vertex  0.000000e+00  1.461548e+00  1.490282e+01
   endloop
 endfacet
 facet normal -1.000000e+00  0.000000e+00 -0.000000e+00
   outer loop
     vertex  0.000000e+00  2.951232e+00  3.663885e+01
     vertex  0.000000e+00  2.000000e+01  4.500000e+01
     vertex  0.000000e+00  2.912779e+00  3.655840e+01
   endloop
 endfacet
 facet normal -1.000000e+00  0.000000e+00 -0.000000e+00
   outer loop
     vertex  0.000000e+00  1.340875e+00  3.503950e+01
     vertex  0.000000e+00  1.381362e+00  1.494183e+01
     vertex  0.000000e+00  1.300136e+00  1.497862e+01
   endloop
 endfacet
 facet normal -1.000000e+00  0.000000e+00  0.000000e+00
   outer loop
     vertex  0.000000e+00  1.340875e+00  3.503950e+01
     vertex  0.000000e+00  1.421589e+00  3.507740e+01
     vertex  0.000000e+00  1.381362e+00  1.494183e+01
   endloop
 endfacet
 facet normal -1.000000e+00  0.000000e+00 -0.000000e+00
   outer loop
     vertex  0.000000e+00  2.987463e+00  3.672033e+01
     vertex  0.000000e+00  2.000000e+01  4.500000e+01
     vertex  0.000000e+00  2.951232e+00  3.663885e+01
   endloop
 endfacet
 facet normal -1.000000e+00  0.000000e+00 -0.000000e+00
   outer loop
     vertex  0.000000e+00  1.259152e+00  3.500383e+01
     vertex  0.000000e+00  1.300136e+00  1.497862e+01
     vertex  0.000000e+00  1.217931e+00  1.501316e+01
   endloop
 endfacet
 facet normal -1.000000e+00  0.000000e+00  0.000000e+00
   outer loop
     vertex  0.000000e+00  1.259152e+00  3.500383e+01
     vertex  0.000000e+00  1.340875e+00  3.503950e+01
     vertex  0.000000e+00  1.300136e+00  1.497862e+01
   endloop
 endfacet
 facet normal -1.000000e+00  0.000000e+00 -0.000000e+00
   outer loop
     vertex  0.000000e+00  3.021445e+00  3.680277e+01
     vertex  0.000000e+00  2.000000e+01  4.500000e+01
     vertex  0.000000e+00  2.987463e+00  3.672033e+01
   endloop
 endfacet
 facet normal -1.000000e+00  0.000000e+00 -0.000000e+00
   outer loop
     vertex  0.000000e+00  1.176481e+00  3.497041e+01
     vertex  0.000000e+00  1.217931e+00  1.501316e+01
     vertex  0.000000e+00  1.134809e+00  1.504544e+01
   endloop
 endfacet
 facet normal -1.000000e+00  0.000000e+00  0.000000e+00
   outer loop
     vertex  0.000000e+00  1.176481e+00  3.497041e+01
     vertex  0.000000e+00  1.259152e+00  3.500383e+01
     vertex  0.000000e+00  1.217931e+00  1.501316e+01
   endloop
 endfacet
 facet normal -1.000000e+00  0.000000e+00 -0.000000e+00
   outer loop
     vertex  0.000000e+00  3.053153e+00  3.688611e+01
     vertex  0.000000e+00  2.000000e+01  4.500000e+01
     vertex  0.000000e+00  3.021445e+00  3.680277e+01
   endloop
 endfacet
 facet normal -1.000000e+00  0.000000e+00 -0.000000e+00
   outer loop
     vertex  0.000000e+00  1.092924e+00  3.493928e+01
     vertex  0.000000e+00  1.134809e+00  1.504544e+01
     vertex  0.000000e+00  1.050833e+00  1.507543e+01
   endloop
 endfacet
 facet normal -1.000000e+00  0.000000e+00  0.000000e+00
   outer loop
     vertex  0.000000e+00  1.092924e+00  3.493928e+01
     vertex  0.000000e+00  1.176481e+00  3.497041e+01
     vertex  0.000000e+00  1.134809e+00  1.504544e+01
   endloop
 endfacet
 facet normal -1.000000e+00  0.000000e+00 -0.000000e+00
   outer loop
     vertex  0.000000e+00  3.082562e+00  3.697029e+01
     vertex  0.000000e+00  2.000000e+01  4.500000e+01
     vertex  0.000000e+00  3.053153e+00  3.688611e+01
   endloop
 endfacet
 facet normal -1.000000e+00  0.000000e+00 -0.000000e+00
   outer loop
     vertex  0.000000e+00  1.008545e+00  3.491045e+01
     vertex  0.000000e+00  1.050833e+00  1.507543e+01
     vertex  0.000000e+00  9.660663e-01  1.510310e+01
   endloop
 endfacet
 facet normal -1.000000e+00  0.000000e+00  0.000000e+00
   outer loop
     vertex  0.000000e+00  1.008545e+00  3.491045e+01
     vertex  0.000000e+00  1.092924e+00  3.493928e+01
     vertex  0.000000e+00  1.050833e+00  1.507543e+01
   endloop
 endfacet
 facet normal -1.000000e+00  0.000000e+00 -0.000000e+00
   outer loop
     vertex  0.000000e+00  3.109651e+00  3.705524e+01
     vertex  0.000000e+00  2.000000e+01  4.500000e+01
     vertex  0.000000e+00  3.082562e+00  3.697029e+01
   endloop
 endfacet
 facet normal -1.000000e+00  0.000000e+00 -0.000000e+00
   outer loop
     vertex  0.000000e+00  9.234061e-01  3.488394e+01
     vertex  0.000000e+00  9.660663e-01  1.510310e+01
     vertex  0.000000e+00  8.805721e-01  1.512843e+01
   endloop
 endfacet
 facet normal -1.000000e+00  0.000000e+00  0.000000e+00
   outer loop
     vertex  0.000000e+00  9.234061e-01  3.488394e+01
     vertex  0.000000e+00  1.008545e+00  3.491045e+01
     vertex  0.000000e+00  9.660663e-01  1.510310e+01
   endloop
 endfacet
 facet normal -1.000000e+00  0.000000e+00 -0.000000e+00
   outer loop
     vertex  0.000000e+00  3.134399e+00  3.714091e+01
     vertex  0.000000e+00  2.000000e+01  4.500000e+01
     vertex  0.000000e+00  3.109651e+00  3.705524e+01
   endloop
 endfacet
 facet normal -1.000000e+00  0.000000e+00 -0.000000e+00
   outer loop
     vertex  0.000000e+00  8.375725e-01  3.485978e+01
     vertex  0.000000e+00  8.805721e-01  1.512843e+01
     vertex  0.000000e+00  7.944151e-01  1.515141e+01
   endloop
 endfacet
 facet normal -1.000000e+00  0.000000e+00  0.000000e+00
   outer loop
     vertex  0.000000e+00  8.375725e-01  3.485978e+01
     vertex  0.000000e+00  9.234061e-01  3.488394e+01
     vertex  0.000000e+00  8.805721e-01  1.512843e+01
   endloop
 endfacet
 facet normal -1.000000e+00  0.000000e+00 -0.000000e+00
   outer loop
     vertex  0.000000e+00  3.156788e+00  3.722722e+01
     vertex  0.000000e+00  2.000000e+01  4.500000e+01
     vertex  0.000000e+00  3.134399e+00  3.714091e+01
   endloop
 endfacet
 facet normal -1.000000e+00  0.000000e+00 -0.000000e+00
   outer loop
     vertex  0.000000e+00  7.511083e-01  3.483799e+01
     vertex  0.000000e+00  7.944151e-01  1.515141e+01
     vertex  0.000000e+00  7.076601e-01  1.517202e+01
   endloop
 endfacet
 facet normal -1.000000e+00  0.000000e+00  0.000000e+00
   outer loop
     vertex  0.000000e+00  7.511083e-01  3.483799e+01
     vertex  0.000000e+00  8.375725e-01  3.485978e+01
     vertex  0.000000e+00  7.944151e-01  1.515141e+01
   endloop
 endfacet
 facet normal -1.000000e+00  0.000000e+00 -0.000000e+00
   outer loop
     vertex  0.000000e+00  3.176800e+00  3.731411e+01
     vertex  0.000000e+00  2.000000e+01  4.500000e+01
     vertex  0.000000e+00  3.156788e+00  3.722722e+01
   endloop
 endfacet
 facet normal -1.000000e+00  0.000000e+00 -0.000000e+00
   outer loop
     vertex  0.000000e+00  6.640787e-01  3.481857e+01
     vertex  0.000000e+00  7.076601e-01  1.517202e+01
     vertex  0.000000e+00  6.203724e-01  1.519024e+01
   endloop
 endfacet
 facet normal -1.000000e+00  0.000000e+00  0.000000e+00
   outer loop
     vertex  0.000000e+00  6.640787e-01  3.481857e+01
     vertex  0.000000e+00  7.511083e-01  3.483799e+01
     vertex  0.000000e+00  7.076601e-01  1.517202e+01
   endloop
 endfacet
 facet normal -1.000000e+00  0.000000e+00 -0.000000e+00
   outer loop
     vertex  0.000000e+00  3.194421e+00  3.740153e+01
     vertex  0.000000e+00  2.000000e+01  4.500000e+01
     vertex  0.000000e+00  3.176800e+00  3.731411e+01
   endloop
 endfacet
 facet normal -1.000000e+00  0.000000e+00 -0.000000e+00
   outer loop
     vertex  0.000000e+00  5.765493e-01  3.480155e+01
     vertex  0.000000e+00  6.203724e-01  1.519024e+01
     vertex  0.000000e+00  5.326177e-01  1.520606e+01
   endloop
 endfacet
 facet normal -1.000000e+00  0.000000e+00  0.000000e+00
   outer loop
     vertex  0.000000e+00  5.765493e-01  3.480155e+01
     vertex  0.000000e+00  6.640787e-01  3.481857e+01
     vertex  0.000000e+00  6.203724e-01  1.519024e+01
   endloop
 endfacet
 facet normal -1.000000e+00  0.000000e+00 -0.000000e+00
   outer loop
     vertex  0.000000e+00  3.209638e+00  3.748939e+01
     vertex  0.000000e+00  2.000000e+01  4.500000e+01
     vertex  0.000000e+00  3.194421e+00  3.740153e+01
   endloop
 endfacet
 facet normal -1.000000e+00  0.000000e+00  0.000000e+00
   outer loop
     vertex  0.000000e+00  4.885858e-01  3.478694e+01
     vertex  0.000000e+00  5.765493e-01  3.480155e+01
     vertex  0.000000e+00  5.326177e-01  1.520606e+01
   endloop
 endfacet
 facet normal -1.000000e+00  0.000000e+00 -0.000000e+00
   outer loop
     vertex  0.000000e+00  4.885858e-01  3.478694e+01
     vertex  0.000000e+00  5.326177e-01  1.520606e+01
     vertex  0.000000e+00  4.444620e-01  1.521946e+01
   endloop
 endfacet
 facet normal -1.000000e+00  0.000000e+00 -0.000000e+00
   outer loop
     vertex  0.000000e+00  3.222438e+00  3.757763e+01
     vertex  0.000000e+00  2.000000e+01  4.500000e+01
     vertex  0.000000e+00  3.209638e+00  3.748939e+01
   endloop
 endfacet
 facet normal -1.000000e+00  0.000000e+00 -0.000000e+00
   outer loop
     vertex  0.000000e+00  4.002545e-01  3.477474e+01
     vertex  0.000000e+00  4.444620e-01  1.521946e+01
     vertex  0.000000e+00  3.559718e-01  1.523045e+01
   endloop
 endfacet
 facet normal -1.000000e+00  0.000000e+00  0.000000e+00
   outer loop
     vertex  0.000000e+00  4.002545e-01  3.477474e+01
     vertex  0.000000e+00  4.885858e-01  3.478694e+01
     vertex  0.000000e+00  4.444620e-01  1.521946e+01
   endloop
 endfacet
 facet normal -1.000000e+00  0.000000e+00 -0.000000e+00
   outer loop
     vertex  0.000000e+00  3.232812e+00  3.766620e+01
     vertex  0.000000e+00  2.000000e+01  4.500000e+01
     vertex  0.000000e+00  3.222438e+00  3.757763e+01
   endloop
 endfacet
 facet normal -1.000000e+00  0.000000e+00  0.000000e+00
   outer loop
     vertex  0.000000e+00  3.116220e-01  3.476497e+01
     vertex  0.000000e+00  4.002545e-01  3.477474e+01
     vertex  0.000000e+00  3.559718e-01  1.523045e+01
   endloop
 endfacet
 facet normal -1.000000e+00  0.000000e+00 -0.000000e+00
   outer loop
     vertex  0.000000e+00  3.116220e-01  3.476497e+01
     vertex  0.000000e+00  3.559718e-01  1.523045e+01
     vertex  0.000000e+00  2.672135e-01  1.523900e+01
   endloop
 endfacet
 facet normal -1.000000e+00  0.000000e+00 -0.000000e+00
   outer loop
     vertex  0.000000e+00  3.240753e+00  3.775501e+01
     vertex  0.000000e+00  2.000000e+01  4.500000e+01
     vertex  0.000000e+00  3.232812e+00  3.766620e+01
   endloop
 endfacet
 facet normal -1.000000e+00  0.000000e+00 -0.000000e+00
   outer loop
     vertex  0.000000e+00  2.227548e-01  3.475764e+01
     vertex  0.000000e+00  2.672135e-01  1.523900e+01
     vertex  0.000000e+00  1.782542e-01  1.524511e+01
   endloop
 endfacet
 facet normal -1.000000e+00  0.000000e+00  0.000000e+00
   outer loop
     vertex  0.000000e+00  2.227548e-01  3.475764e+01
     vertex  0.000000e+00  3.116220e-01  3.476497e+01
     vertex  0.000000e+00  2.672135e-01  1.523900e+01
   endloop
 endfacet
 facet normal -1.000000e+00  0.000000e+00 -0.000000e+00
   outer loop
     vertex  0.000000e+00  3.246254e+00  3.784401e+01
     vertex  0.000000e+00  2.000000e+01  4.500000e+01
     vertex  0.000000e+00  3.240753e+00  3.775501e+01
   endloop
 endfacet
 facet normal -1.000000e+00  0.000000e+00 -0.000000e+00
   outer loop
     vertex  0.000000e+00  1.337200e-01  3.475275e+01
     vertex  0.000000e+00  1.782542e-01  1.524511e+01
     vertex  0.000000e+00  8.916066e-02  1.524878e+01
   endloop
 endfacet
 facet normal -1.000000e+00  0.000000e+00  0.000000e+00
   outer loop
     vertex  0.000000e+00  1.337200e-01  3.475275e+01
     vertex  0.000000e+00  2.227548e-01  3.475764e+01
     vertex  0.000000e+00  1.782542e-01  1.524511e+01
   endloop
 endfacet
 facet normal -1.000000e+00  0.000000e+00 -0.000000e+00
   outer loop
     vertex  0.000000e+00  3.249312e+00  3.793313e+01
     vertex  0.000000e+00  2.000000e+01  4.500000e+01
     vertex  0.000000e+00  3.246254e+00  3.784401e+01
   endloop
 endfacet
 facet normal -1.000000e+00  0.000000e+00 -0.000000e+00
   outer loop
     vertex  0.000000e+00  4.458452e-02  3.475031e+01
     vertex  0.000000e+00  8.916066e-02  1.524878e+01
     vertex  0.000000e+00  7.960204e-16  1.525000e+01
   endloop
 endfacet
 facet normal -1.000000e+00  0.000000e+00  0.000000e+00
   outer loop
     vertex  0.000000e+00  4.458452e-02  3.475031e+01
     vertex  0.000000e+00  1.337200e-01  3.475275e+01
     vertex  0.000000e+00  8.916066e-02  1.524878e+01
   endloop
 endfacet
 facet normal -1.000000e+00  0.000000e+00 -0.000000e+00
   outer loop
     vertex  0.000000e+00  3.249924e+00  3.802229e+01
     vertex  0.000000e+00  2.000000e+01  4.500000e+01
     vertex  0.000000e+00  3.249312e+00  3.793313e+01
   endloop
 endfacet
 facet normal -1.000000e+00  0.000000e+00 -0.000000e+00
   outer loop
     vertex  0.000000e+00 -4.458452e-02  3.475031e+01
     vertex  0.000000e+00  7.960204e-16  1.525000e+01
     vertex  0.000000e+00 -8.916066e-02  1.524878e+01
   endloop
 endfacet
 facet normal -1.000000e+00  0.000000e+00  0.000000e+00
   outer loop
     vertex  0.000000e+00 -4.458452e-02  3.475031e+01
     vertex  0.000000e+00  4.458452e-02  3.475031e+01
     vertex  0.000000e+00  7.960204e-16  1.525000e+01
   endloop
 endfacet
 facet normal -1.000000e+00  0.000000e+00  0.000000e+00
   outer loop
     vertex  0.000000e+00  3.248089e+00  3.811144e+01
     vertex  0.000000e+00  2.000000e+01  4.500000e+01
     vertex  0.000000e+00  3.249924e+00  3.802229e+01
   endloop
 endfacet
 facet normal -1.000000e+00  0.000000e+00 -0.000000e+00
   outer loop
     vertex  0.000000e+00 -1.337200e-01  3.475275e+01
     vertex  0.000000e+00 -8.916066e-02  1.524878e+01
     vertex  0.000000e+00 -1.782542e-01  1.524511e+01
   endloop
 endfacet
 facet normal -1.000000e+00  0.000000e+00  0.000000e+00
   outer loop
     vertex  0.000000e+00 -1.337200e-01  3.475275e+01
     vertex  0.000000e+00 -4.458452e-02  3.475031e+01
     vertex  0.000000e+00 -8.916066e-02  1.524878e+01
   endloop
 endfacet
 facet normal -1.000000e+00  0.000000e+00  0.000000e+00
   outer loop
     vertex  0.000000e+00  3.243809e+00  3.820051e+01
     vertex  0.000000e+00  2.000000e+01  4.500000e+01
     vertex  0.000000e+00  3.248089e+00  3.811144e+01
   endloop
 endfacet
 facet normal -1.000000e+00  0.000000e+00 -0.000000e+00
   outer loop
     vertex  0.000000e+00 -2.227548e-01  3.475764e+01
     vertex  0.000000e+00 -1.782542e-01  1.524511e+01
     vertex  0.000000e+00 -2.672135e-01  1.523900e+01
   endloop
 endfacet
 facet normal -1.000000e+00  0.000000e+00  0.000000e+00
   outer loop
     vertex  0.000000e+00 -2.227548e-01  3.475764e+01
     vertex  0.000000e+00 -1.337200e-01  3.475275e+01
     vertex  0.000000e+00 -1.782542e-01  1.524511e+01
   endloop
 endfacet
 facet normal -1.000000e+00  0.000000e+00  0.000000e+00
   outer loop
     vertex  0.000000e+00  3.237087e+00  3.828942e+01
     vertex  0.000000e+00  2.000000e+01  4.500000e+01
     vertex  0.000000e+00  3.243809e+00  3.820051e+01
   endloop
 endfacet
 facet normal -1.000000e+00  0.000000e+00 -0.000000e+00
   outer loop
     vertex  0.000000e+00 -3.116220e-01  3.476497e+01
     vertex  0.000000e+00 -2.672135e-01  1.523900e+01
     vertex  0.000000e+00 -3.559718e-01  1.523045e+01
   endloop
 endfacet
 facet normal -1.000000e+00  0.000000e+00  0.000000e+00
   outer loop
     vertex  0.000000e+00 -3.116220e-01  3.476497e+01
     vertex  0.000000e+00 -2.227548e-01  3.475764e+01
     vertex  0.000000e+00 -2.672135e-01  1.523900e+01
   endloop
 endfacet
 facet normal -1.000000e+00  0.000000e+00  0.000000e+00
   outer loop
     vertex  0.000000e+00  3.227929e+00  3.837812e+01
     vertex  0.000000e+00  2.000000e+01  4.500000e+01
     vertex  0.000000e+00  3.237087e+00  3.828942e+01
   endloop
 endfacet
 facet normal -1.000000e+00  0.000000e+00 -0.000000e+00
   outer loop
     vertex  0.000000e+00 -4.002545e-01  3.477474e+01
     vertex  0.000000e+00 -3.559718e-01  1.523045e+01
     vertex  0.000000e+00 -4.444620e-01  1.521946e+01
   endloop
 endfacet
 facet normal -1.000000e+00  0.000000e+00  0.000000e+00
   outer loop
     vertex  0.000000e+00 -4.002545e-01  3.477474e+01
     vertex  0.000000e+00 -3.116220e-01  3.476497e+01
     vertex  0.000000e+00 -3.559718e-01  1.523045e+01
   endloop
 endfacet
 facet normal -1.000000e+00  0.000000e+00  0.000000e+00
   outer loop
     vertex  0.000000e+00  3.216340e+00  3.846653e+01
     vertex  0.000000e+00  2.000000e+01  4.500000e+01
     vertex  0.000000e+00  3.227929e+00  3.837812e+01
   endloop
 endfacet
 facet normal -1.000000e+00  0.000000e+00 -0.000000e+00
   outer loop
     vertex  0.000000e+00 -4.885858e-01  3.478694e+01
     vertex  0.000000e+00 -4.444620e-01  1.521946e+01
     vertex  0.000000e+00 -5.326177e-01  1.520606e+01
   endloop
 endfacet
 facet normal -1.000000e+00  0.000000e+00  0.000000e+00
   outer loop
     vertex  0.000000e+00 -4.885858e-01  3.478694e+01
     vertex  0.000000e+00 -4.002545e-01  3.477474e+01
     vertex  0.000000e+00 -4.444620e-01  1.521946e+01
   endloop
 endfacet
 facet normal -1.000000e+00  0.000000e+00  0.000000e+00
   outer loop
     vertex  0.000000e+00  3.202331e+00  3.855460e+01
     vertex  0.000000e+00  2.000000e+01  4.500000e+01
     vertex  0.000000e+00  3.216340e+00  3.846653e+01
   endloop
 endfacet
 facet normal -1.000000e+00  0.000000e+00 -0.000000e+00
   outer loop
     vertex  0.000000e+00 -5.765493e-01  3.480155e+01
     vertex  0.000000e+00 -5.326177e-01  1.520606e+01
     vertex  0.000000e+00 -6.203724e-01  1.519024e+01
   endloop
 endfacet
 facet normal -1.000000e+00  0.000000e+00  0.000000e+00
   outer loop
     vertex  0.000000e+00 -5.765493e-01  3.480155e+01
     vertex  0.000000e+00 -4.885858e-01  3.478694e+01
     vertex  0.000000e+00 -5.326177e-01  1.520606e+01
   endloop
 endfacet
 facet normal -1.000000e+00  0.000000e+00  0.000000e+00
   outer loop
     vertex  0.000000e+00  3.185911e+00  3.864224e+01
     vertex  0.000000e+00  2.000000e+01  4.500000e+01
     vertex  0.000000e+00  3.202331e+00  3.855460e+01
   endloop
 endfacet
 facet normal -1.000000e+00  0.000000e+00 -0.000000e+00
   outer loop
     vertex  0.000000e+00 -6.640787e-01  3.481857e+01
     vertex  0.000000e+00 -6.203724e-01  1.519024e+01
     vertex  0.000000e+00 -7.076601e-01  1.517202e+01
   endloop
 endfacet
 facet normal -1.000000e+00  0.000000e+00  0.000000e+00
   outer loop
     vertex  0.000000e+00 -6.640787e-01  3.481857e+01
     vertex  0.000000e+00 -5.765493e-01  3.480155e+01
     vertex  0.000000e+00 -6.203724e-01  1.519024e+01
   endloop
 endfacet
 facet normal -1.000000e+00  0.000000e+00  0.000000e+00
   outer loop
     vertex  0.000000e+00  3.167092e+00  3.872940e+01
     vertex  0.000000e+00  2.000000e+01  4.500000e+01
     vertex  0.000000e+00  3.185911e+00  3.864224e+01
   endloop
 endfacet
 facet normal -1.000000e+00  0.000000e+00 -0.000000e+00
   outer loop
     vertex  0.000000e+00 -7.511083e-01  3.483799e+01
     vertex  0.000000e+00 -7.076601e-01  1.517202e+01
     vertex  0.000000e+00 -7.944151e-01  1.515141e+01
   endloop
 endfacet
 facet normal -1.000000e+00  0.000000e+00  0.000000e+00
   outer loop
     vertex  0.000000e+00 -7.511083e-01  3.483799e+01
     vertex  0.000000e+00 -6.640787e-01  3.481857e+01
     vertex  0.000000e+00 -7.076601e-01  1.517202e+01
   endloop
 endfacet
 facet normal -1.000000e+00  0.000000e+00  0.000000e+00
   outer loop
     vertex  0.000000e+00  3.145890e+00  3.881601e+01
     vertex  0.000000e+00  2.000000e+01  4.500000e+01
     vertex  0.000000e+00  3.167092e+00  3.872940e+01
   endloop
 endfacet
 facet normal -1.000000e+00  0.000000e+00 -0.000000e+00
   outer loop
     vertex  0.000000e+00 -8.375725e-01  3.485978e+01
     vertex  0.000000e+00 -7.944151e-01  1.515141e+01
     vertex  0.000000e+00 -8.805721e-01  1.512843e+01
   endloop
 endfacet
 facet normal -1.000000e+00  0.000000e+00  0.000000e+00
   outer loop
     vertex  0.000000e+00 -8.375725e-01  3.485978e+01
     vertex  0.000000e+00 -7.511083e-01  3.483799e+01
     vertex  0.000000e+00 -7.944151e-01  1.515141e+01
   endloop
 endfacet
 facet normal -1.000000e+00  0.000000e+00  0.000000e+00
   outer loop
     vertex  0.000000e+00  3.122319e+00  3.890201e+01
     vertex  0.000000e+00  2.000000e+01  4.500000e+01
     vertex  0.000000e+00  3.145890e+00  3.881601e+01
   endloop
 endfacet
 facet normal -1.000000e+00  0.000000e+00 -0.000000e+00
   outer loop
     vertex  0.000000e+00 -9.234061e-01  3.488394e+01
     vertex  0.000000e+00 -8.805721e-01  1.512843e+01
     vertex  0.000000e+00 -9.660663e-01  1.510310e+01
   endloop
 endfacet
 facet normal -1.000000e+00  0.000000e+00  0.000000e+00
   outer loop
     vertex  0.000000e+00 -9.234061e-01  3.488394e+01
     vertex  0.000000e+00 -8.375725e-01  3.485978e+01
     vertex  0.000000e+00 -8.805721e-01  1.512843e+01
   endloop
 endfacet
 facet normal -1.000000e+00  0.000000e+00  0.000000e+00
   outer loop
     vertex  0.000000e+00  3.096398e+00  3.898733e+01
     vertex  0.000000e+00  2.000000e+01  4.500000e+01
     vertex  0.000000e+00  3.122319e+00  3.890201e+01
   endloop
 endfacet
 facet normal -1.000000e+00  0.000000e+00 -0.000000e+00
   outer loop
     vertex  0.000000e+00 -1.008545e+00  3.491045e+01
     vertex  0.000000e+00 -9.660663e-01  1.510310e+01
     vertex  0.000000e+00 -1.050833e+00  1.507543e+01
   endloop
 endfacet
 facet normal -1.000000e+00  0.000000e+00  0.000000e+00
   outer loop
     vertex  0.000000e+00 -1.008545e+00  3.491045e+01
     vertex  0.000000e+00 -9.234061e-01  3.488394e+01
     vertex  0.000000e+00 -9.660663e-01  1.510310e+01
   endloop
 endfacet
 facet normal -1.000000e+00  0.000000e+00  0.000000e+00
   outer loop
     vertex  0.000000e+00  3.068146e+00  3.907190e+01
     vertex  0.000000e+00  2.000000e+01  4.500000e+01
     vertex  0.000000e+00  3.096398e+00  3.898733e+01
   endloop
 endfacet
 facet normal -1.000000e+00  0.000000e+00 -0.000000e+00
   outer loop
     vertex  0.000000e+00 -1.092924e+00  3.493928e+01
     vertex  0.000000e+00 -1.050833e+00  1.507543e+01
     vertex  0.000000e+00 -1.134809e+00  1.504544e+01
   endloop
 endfacet
 facet normal -1.000000e+00  0.000000e+00  0.000000e+00
   outer loop
     vertex  0.000000e+00 -1.092924e+00  3.493928e+01
     vertex  0.000000e+00 -1.008545e+00  3.491045e+01
     vertex  0.000000e+00 -1.050833e+00  1.507543e+01
   endloop
 endfacet
 facet normal -1.000000e+00  0.000000e+00  0.000000e+00
   outer loop
     vertex  0.000000e+00  3.037585e+00  3.915567e+01
     vertex  0.000000e+00  2.000000e+01  4.500000e+01
     vertex  0.000000e+00  3.068146e+00  3.907190e+01
   endloop
 endfacet
 facet normal -1.000000e+00  0.000000e+00 -0.000000e+00
   outer loop
     vertex  0.000000e+00 -1.176481e+00  3.497041e+01
     vertex  0.000000e+00 -1.134809e+00  1.504544e+01
     vertex  0.000000e+00 -1.217931e+00  1.501316e+01
   endloop
 endfacet
 facet normal -1.000000e+00  0.000000e+00  0.000000e+00
   outer loop
     vertex  0.000000e+00 -1.176481e+00  3.497041e+01
     vertex  0.000000e+00 -1.092924e+00  3.493928e+01
     vertex  0.000000e+00 -1.134809e+00  1.504544e+01
   endloop
 endfacet
 facet normal -1.000000e+00  0.000000e+00  0.000000e+00
   outer loop
     vertex  0.000000e+00  3.004737e+00  3.923857e+01
     vertex  0.000000e+00  2.000000e+01  4.500000e+01
     vertex  0.000000e+00  3.037585e+00  3.915567e+01
   endloop
 endfacet
 facet normal -1.000000e+00  0.000000e+00 -0.000000e+00
   outer loop
     vertex  0.000000e+00 -1.259152e+00  3.500383e+01
     vertex  0.000000e+00 -1.217931e+00  1.501316e+01
     vertex  0.000000e+00 -1.300136e+00  1.497862e+01
   endloop
 endfacet
 facet normal -1.000000e+00  0.000000e+00  0.000000e+00
   outer loop
     vertex  0.000000e+00 -1.259152e+00  3.500383e+01
     vertex  0.000000e+00 -1.176481e+00  3.497041e+01
     vertex  0.000000e+00 -1.217931e+00  1.501316e+01
   endloop
 endfacet
 facet normal -1.000000e+00  0.000000e+00  0.000000e+00
   outer loop
     vertex  0.000000e+00  2.969627e+00  3.932054e+01
     vertex  0.000000e+00  2.000000e+01  4.500000e+01
     vertex  0.000000e+00  3.004737e+00  3.923857e+01
   endloop
 endfacet
 facet normal -1.000000e+00  0.000000e+00 -0.000000e+00
   outer loop
     vertex  0.000000e+00 -1.340875e+00  3.503950e+01
     vertex  0.000000e+00 -1.300136e+00  1.497862e+01
     vertex  0.000000e+00 -1.381362e+00  1.494183e+01
   endloop
 endfacet
 facet normal -1.000000e+00  0.000000e+00  0.000000e+00
   outer loop
     vertex  0.000000e+00 -1.340875e+00  3.503950e+01
     vertex  0.000000e+00 -1.259152e+00  3.500383e+01
     vertex  0.000000e+00 -1.300136e+00  1.497862e+01
   endloop
 endfacet
 facet normal -1.000000e+00  0.000000e+00  0.000000e+00
   outer loop
     vertex  0.000000e+00  2.932282e+00  3.940151e+01
     vertex  0.000000e+00  2.000000e+01  4.500000e+01
     vertex  0.000000e+00  2.969627e+00  3.932054e+01
   endloop
 endfacet
 facet normal -1.000000e+00  0.000000e+00  0.000000e+00
   outer loop
     vertex  0.000000e+00 -1.421589e+00  3.507740e+01
     vertex  0.000000e+00 -1.340875e+00  3.503950e+01
     vertex  0.000000e+00 -1.381362e+00  1.494183e+01
   endloop
 endfacet
 facet normal -1.000000e+00  0.000000e+00 -0.000000e+00
   outer loop
     vertex  0.000000e+00 -1.421589e+00  3.507740e+01
     vertex  0.000000e+00 -1.381362e+00  1.494183e+01
     vertex  0.000000e+00 -1.461548e+00  1.490282e+01
   endloop
 endfacet
 facet normal -1.000000e+00  0.000000e+00  0.000000e+00
   outer loop
     vertex  0.000000e+00  2.892729e+00  3.948142e+01
     vertex  0.000000e+00  2.000000e+01  4.500000e+01
     vertex  0.000000e+00  2.932282e+00  3.940151e+01
   endloop
 endfacet
 facet normal -1.000000e+00  0.000000e+00 -0.000000e+00
   outer loop
     vertex  0.000000e+00 -1.501232e+00  3.511750e+01
     vertex  0.000000e+00 -1.461548e+00  1.490282e+01
     vertex  0.000000e+00 -1.540634e+00  1.486163e+01
   endloop
 endfacet
 facet normal -1.000000e+00  0.000000e+00  0.000000e+00
   outer loop
     vertex  0.000000e+00 -1.501232e+00  3.511750e+01
     vertex  0.000000e+00 -1.421589e+00  3.507740e+01
     vertex  0.000000e+00 -1.461548e+00  1.490282e+01
   endloop
 endfacet
 facet normal -1.000000e+00  0.000000e+00  0.000000e+00
   outer loop
     vertex  0.000000e+00  2.850999e+00  3.956023e+01
     vertex  0.000000e+00  2.000000e+01  4.500000e+01
     vertex  0.000000e+00  2.892729e+00  3.948142e+01
   endloop
 endfacet
 facet normal -1.000000e+00  0.000000e+00  0.000000e+00
   outer loop
     vertex  0.000000e+00 -1.579746e+00  3.515977e+01
     vertex  0.000000e+00 -1.501232e+00  3.511750e+01
     vertex  0.000000e+00 -1.540634e+00  1.486163e+01
   endloop
 endfacet
 facet normal -1.000000e+00  0.000000e+00 -0.000000e+00
   outer loop
     vertex  0.000000e+00 -1.579746e+00  3.515977e+01
     vertex  0.000000e+00 -1.540634e+00  1.486163e+01
     vertex  0.000000e+00 -1.618560e+00  1.481829e+01
   endloop
 endfacet
 facet normal -1.000000e+00  0.000000e+00  0.000000e+00
   outer loop
     vertex  0.000000e+00  2.807122e+00  3.963785e+01
     vertex  0.000000e+00  2.000000e+01  4.500000e+01
     vertex  0.000000e+00  2.850999e+00  3.956023e+01
   endloop
 endfacet
 facet normal -1.000000e+00  0.000000e+00 -0.000000e+00
   outer loop
     vertex  0.000000e+00 -1.657070e+00  3.520418e+01
     vertex  0.000000e+00 -1.618560e+00  1.481829e+01
     vertex  0.000000e+00 -1.695268e+00  1.477283e+01
   endloop
 endfacet
 facet normal -1.000000e+00  0.000000e+00  0.000000e+00
   outer loop
     vertex  0.000000e+00 -1.657070e+00  3.520418e+01
     vertex  0.000000e+00 -1.579746e+00  3.515977e+01
     vertex  0.000000e+00 -1.618560e+00  1.481829e+01
   endloop
 endfacet
 facet normal -1.000000e+00  0.000000e+00  0.000000e+00
   outer loop
     vertex  0.000000e+00  2.761133e+00  3.971425e+01
     vertex  0.000000e+00  2.000000e+01  4.500000e+01
     vertex  0.000000e+00  2.807122e+00  3.963785e+01
   endloop
 endfacet
 facet normal -1.000000e+00  0.000000e+00  0.000000e+00
   outer loop
     vertex  0.000000e+00 -1.733147e+00  3.525069e+01
     vertex  0.000000e+00 -1.657070e+00  3.520418e+01
     vertex  0.000000e+00 -1.695268e+00  1.477283e+01
   endloop
 endfacet
 facet normal -1.000000e+00  0.000000e+00 -0.000000e+00
   outer loop
     vertex  0.000000e+00 -1.733147e+00  3.525069e+01
     vertex  0.000000e+00 -1.695268e+00  1.477283e+01
     vertex  0.000000e+00 -1.770700e+00  1.472527e+01
   endloop
 endfacet
 facet normal -1.000000e+00  0.000000e+00  0.000000e+00
   outer loop
     vertex  0.000000e+00  2.713065e+00  3.978935e+01
     vertex  0.000000e+00  2.000000e+01  4.500000e+01
     vertex  0.000000e+00  2.761133e+00  3.971425e+01
   endloop
 endfacet
 facet normal -1.000000e+00  0.000000e+00  0.000000e+00
   outer loop
     vertex  0.000000e+00 -1.807920e+00  3.529927e+01
     vertex  0.000000e+00 -1.733147e+00  3.525069e+01
     vertex  0.000000e+00 -1.770700e+00  1.472527e+01
   endloop
 endfacet
 facet normal -1.000000e+00  0.000000e+00 -0.000000e+00
   outer loop
     vertex  0.000000e+00 -1.807920e+00  3.529927e+01
     vertex  0.000000e+00 -1.770700e+00  1.472527e+01
     vertex  0.000000e+00 -1.844799e+00  1.467567e+01
   endloop
 endfacet
 facet normal -1.000000e+00  0.000000e+00  0.000000e+00
   outer loop
     vertex  0.000000e+00  2.662954e+00  3.986311e+01
     vertex  0.000000e+00  2.000000e+01  4.500000e+01
     vertex  0.000000e+00  2.713065e+00  3.978935e+01
   endloop
 endfacet
 facet normal -1.000000e+00  0.000000e+00 -0.000000e+00
   outer loop
     vertex  0.000000e+00 -1.881331e+00  3.534989e+01
     vertex  0.000000e+00 -1.844799e+00  1.467567e+01
     vertex  0.000000e+00 -1.917509e+00  1.462405e+01
   endloop
 endfacet
 facet normal -1.000000e+00  0.000000e+00  0.000000e+00
   outer loop
     vertex  0.000000e+00 -1.881331e+00  3.534989e+01
     vertex  0.000000e+00 -1.807920e+00  3.529927e+01
     vertex  0.000000e+00 -1.844799e+00  1.467567e+01
   endloop
 endfacet
 facet normal -1.000000e+00  0.000000e+00  0.000000e+00
   outer loop
     vertex  0.000000e+00  2.610839e+00  3.993546e+01
     vertex  0.000000e+00  2.000000e+01  4.500000e+01
     vertex  0.000000e+00  2.662954e+00  3.986311e+01
   endloop
 endfacet
 facet normal -1.000000e+00  0.000000e+00  0.000000e+00
   outer loop
     vertex  0.000000e+00 -1.953326e+00  3.540250e+01
     vertex  0.000000e+00 -1.881331e+00  3.534989e+01
     vertex  0.000000e+00 -1.917509e+00  1.462405e+01
   endloop
 endfacet
 facet normal -1.000000e+00  0.000000e+00 -0.000000e+00
   outer loop
     vertex  0.000000e+00 -1.953326e+00  3.540250e+01
     vertex  0.000000e+00 -1.917509e+00  1.462405e+01
     vertex  0.000000e+00 -1.988776e+00  1.457046e+01
   endloop
 endfacet
 facet normal -1.000000e+00  0.000000e+00  0.000000e+00
   outer loop
     vertex  0.000000e+00  2.556759e+00  4.000636e+01
     vertex  0.000000e+00  2.000000e+01  4.500000e+01
     vertex  0.000000e+00  2.610839e+00  3.993546e+01
   endloop
 endfacet
 facet normal -1.000000e+00  0.000000e+00 -0.000000e+00
   outer loop
     vertex  0.000000e+00 -2.023851e+00  3.545706e+01
     vertex  0.000000e+00 -1.988776e+00  1.457046e+01
     vertex  0.000000e+00 -2.058545e+00  1.451493e+01
   endloop
 endfacet
 facet normal -1.000000e+00  0.000000e+00  0.000000e+00
   outer loop
     vertex  0.000000e+00 -2.023851e+00  3.545706e+01
     vertex  0.000000e+00 -1.953326e+00  3.540250e+01
     vertex  0.000000e+00 -1.988776e+00  1.457046e+01
   endloop
 endfacet
 facet normal -1.000000e+00  0.000000e+00  0.000000e+00
   outer loop
     vertex  0.000000e+00  2.500754e+00  4.007575e+01
     vertex  0.000000e+00  2.000000e+01  4.500000e+01
     vertex  0.000000e+00  2.556759e+00  4.000636e+01
   endloop
 endfacet
 facet normal -1.000000e+00  0.000000e+00  0.000000e+00
   outer loop
     vertex  0.000000e+00 -2.092852e+00  3.551354e+01
     vertex  0.000000e+00 -2.023851e+00  3.545706e+01
     vertex  0.000000e+00 -2.058545e+00  1.451493e+01
   endloop
 endfacet
 facet normal -1.000000e+00  0.000000e+00 -0.000000e+00
   outer loop
     vertex  0.000000e+00 -2.092852e+00  3.551354e+01
     vertex  0.000000e+00 -2.058545e+00  1.451493e+01
     vertex  0.000000e+00 -2.126765e+00  1.445751e+01
   endloop
 endfacet
 facet normal -1.000000e+00  0.000000e+00  0.000000e+00
   outer loop
     vertex  0.000000e+00  2.442867e+00  4.014357e+01
     vertex  0.000000e+00  2.000000e+01  4.500000e+01
     vertex  0.000000e+00  2.500754e+00  4.007575e+01
   endloop
 endfacet
 facet normal -1.000000e+00  0.000000e+00  0.000000e+00
   outer loop
     vertex  0.000000e+00 -2.160278e+00  3.557189e+01
     vertex  0.000000e+00 -2.092852e+00  3.551354e+01
     vertex  0.000000e+00 -2.126765e+00  1.445751e+01
   endloop
 endfacet
 facet normal -1.000000e+00  0.000000e+00 -0.000000e+00
   outer loop
     vertex  0.000000e+00 -2.160278e+00  3.557189e+01
     vertex  0.000000e+00 -2.126765e+00  1.445751e+01
     vertex  0.000000e+00 -2.193384e+00  1.439824e+01
   endloop
 endfacet
 facet normal -1.000000e+00  0.000000e+00  0.000000e+00
   outer loop
     vertex  0.000000e+00  2.383141e+00  4.020978e+01
     vertex  0.000000e+00  2.000000e+01  4.500000e+01
     vertex  0.000000e+00  2.442867e+00  4.014357e+01
   endloop
 endfacet
 facet normal -1.000000e+00  0.000000e+00 -0.000000e+00
   outer loop
     vertex  0.000000e+00 -2.226078e+00  3.563207e+01
     vertex  0.000000e+00 -2.193384e+00  1.439824e+01
     vertex  0.000000e+00 -2.258352e+00  1.433717e+01
   endloop
 endfacet
 facet normal -1.000000e+00  0.000000e+00  0.000000e+00
   outer loop
     vertex  0.000000e+00 -2.226078e+00  3.563207e+01
     vertex  0.000000e+00 -2.160278e+00  3.557189e+01
     vertex  0.000000e+00 -2.193384e+00  1.439824e+01
   endloop
 endfacet
 facet normal -1.000000e+00  0.000000e+00  0.000000e+00
   outer loop
     vertex  0.000000e+00  2.321620e+00  4.027433e+01
     vertex  0.000000e+00  2.000000e+01  4.500000e+01
     vertex  0.000000e+00  2.383141e+00  4.020978e+01
   endloop
 endfacet
 facet normal -1.000000e+00  0.000000e+00  0.000000e+00
   outer loop
     vertex  0.000000e+00 -2.290202e+00  3.569403e+01
     vertex  0.000000e+00 -2.226078e+00  3.563207e+01
     vertex  0.000000e+00 -2.258352e+00  1.433717e+01
   endloop
 endfacet
 facet normal -1.000000e+00  0.000000e+00 -0.000000e+00
   outer loop
     vertex  0.000000e+00 -2.290202e+00  3.569403e+01
     vertex  0.000000e+00 -2.258352e+00  1.433717e+01
     vertex  0.000000e+00 -2.321620e+00  1.427433e+01
   endloop
 endfacet
 facet normal -1.000000e+00  0.000000e+00  0.000000e+00
   outer loop
     vertex  0.000000e+00  2.258352e+00  4.033717e+01
     vertex  0.000000e+00  2.000000e+01  4.500000e+01
     vertex  0.000000e+00  2.321620e+00  4.027433e+01
   endloop
 endfacet
 facet normal -1.000000e+00  0.000000e+00 -0.000000e+00
   outer loop
     vertex  0.000000e+00 -2.352602e+00  3.575773e+01
     vertex  0.000000e+00 -2.321620e+00  1.427433e+01
     vertex  0.000000e+00 -2.383141e+00  1.420978e+01
   endloop
 endfacet
 facet normal -1.000000e+00  0.000000e+00  0.000000e+00
   outer loop
     vertex  0.000000e+00 -2.352602e+00  3.575773e+01
     vertex  0.000000e+00 -2.290202e+00  3.569403e+01
     vertex  0.000000e+00 -2.321620e+00  1.427433e+01
   endloop
 endfacet
 facet normal -1.000000e+00  0.000000e+00  0.000000e+00
   outer loop
     vertex  0.000000e+00  2.193384e+00  4.039824e+01
     vertex  0.000000e+00  2.000000e+01  4.500000e+01
     vertex  0.000000e+00  2.258352e+00  4.033717e+01
   endloop
 endfacet
 facet normal -1.000000e+00  0.000000e+00 -0.000000e+00
   outer loop
     vertex  0.000000e+00 -2.413231e+00  3.582312e+01
     vertex  0.000000e+00 -2.383141e+00  1.420978e+01
     vertex  0.000000e+00 -2.442867e+00  1.414357e+01
   endloop
 endfacet
 facet normal -1.000000e+00  0.000000e+00  0.000000e+00
   outer loop
     vertex  0.000000e+00 -2.413231e+00  3.582312e+01
     vertex  0.000000e+00 -2.352602e+00  3.575773e+01
     vertex  0.000000e+00 -2.383141e+00  1.420978e+01
   endloop
 endfacet
 facet normal -1.000000e+00  0.000000e+00  0.000000e+00
   outer loop
     vertex  0.000000e+00  2.126765e+00  4.045751e+01
     vertex  0.000000e+00  2.000000e+01  4.500000e+01
     vertex  0.000000e+00  2.193384e+00  4.039824e+01
   endloop
 endfacet
 facet normal -1.000000e+00  0.000000e+00 -0.000000e+00
   outer loop
     vertex  0.000000e+00 -2.472043e+00  3.589014e+01
     vertex  0.000000e+00 -2.442867e+00  1.414357e+01
     vertex  0.000000e+00 -2.500754e+00  1.407575e+01
   endloop
 endfacet
 facet normal -1.000000e+00  0.000000e+00  0.000000e+00
   outer loop
     vertex  0.000000e+00 -2.472043e+00  3.589014e+01
     vertex  0.000000e+00 -2.413231e+00  3.582312e+01
     vertex  0.000000e+00 -2.442867e+00  1.414357e+01
   endloop
 endfacet
 facet normal -1.000000e+00  0.000000e+00  0.000000e+00
   outer loop
     vertex  0.000000e+00  2.058545e+00  4.051493e+01
     vertex  0.000000e+00  2.000000e+01  4.500000e+01
     vertex  0.000000e+00  2.126765e+00  4.045751e+01
   endloop
 endfacet
 facet normal -1.000000e+00  0.000000e+00 -0.000000e+00
   outer loop
     vertex  0.000000e+00 -2.528995e+00  3.595875e+01
     vertex  0.000000e+00 -2.500754e+00  1.407575e+01
     vertex  0.000000e+00 -2.556759e+00  1.400636e+01
   endloop
 endfacet
 facet normal -1.000000e+00  0.000000e+00  0.000000e+00
   outer loop
     vertex  0.000000e+00 -2.528995e+00  3.595875e+01
     vertex  0.000000e+00 -2.472043e+00  3.589014e+01
     vertex  0.000000e+00 -2.500754e+00  1.407575e+01
   endloop
 endfacet
 facet normal -1.000000e+00  0.000000e+00  0.000000e+00
   outer loop
     vertex  0.000000e+00  1.988776e+00  4.057046e+01
     vertex  0.000000e+00  2.000000e+01  4.500000e+01
     vertex  0.000000e+00  2.058545e+00  4.051493e+01
   endloop
 endfacet
 facet normal -1.000000e+00  0.000000e+00 -0.000000e+00
   outer loop
     vertex  0.000000e+00 -2.584042e+00  3.602890e+01
     vertex  0.000000e+00 -2.556759e+00  1.400636e+01
     vertex  0.000000e+00 -2.610839e+00  1.393546e+01
   endloop
 endfacet
 facet normal -1.000000e+00  0.000000e+00  0.000000e+00
   outer loop
     vertex  0.000000e+00 -2.584042e+00  3.602890e+01
     vertex  0.000000e+00 -2.528995e+00  3.595875e+01
     vertex  0.000000e+00 -2.556759e+00  1.400636e+01
   endloop
 endfacet
 facet normal -1.000000e+00  0.000000e+00  0.000000e+00
   outer loop
     vertex  0.000000e+00  1.917509e+00  4.062405e+01
     vertex  0.000000e+00  2.000000e+01  4.500000e+01
     vertex  0.000000e+00  1.988776e+00  4.057046e+01
   endloop
 endfacet
 facet normal -1.000000e+00  0.000000e+00 -0.000000e+00
   outer loop
     vertex  0.000000e+00 -2.637145e+00  3.610054e+01
     vertex  0.000000e+00 -2.610839e+00  1.393546e+01
     vertex  0.000000e+00 -2.662954e+00  1.386311e+01
   endloop
 endfacet
 facet normal -1.000000e+00  0.000000e+00  0.000000e+00
   outer loop
     vertex  0.000000e+00 -2.637145e+00  3.610054e+01
     vertex  0.000000e+00 -2.584042e+00  3.602890e+01
     vertex  0.000000e+00 -2.610839e+00  1.393546e+01
   endloop
 endfacet
 facet normal -1.000000e+00  0.000000e+00  0.000000e+00
   outer loop
     vertex  0.000000e+00  1.844799e+00  4.067567e+01
     vertex  0.000000e+00  2.000000e+01  4.500000e+01
     vertex  0.000000e+00  1.917509e+00  4.062405e+01
   endloop
 endfacet
 facet normal -1.000000e+00  0.000000e+00 -0.000000e+00
   outer loop
     vertex  0.000000e+00 -2.688262e+00  3.617360e+01
     vertex  0.000000e+00 -2.662954e+00  1.386311e+01
     vertex  0.000000e+00 -2.713065e+00  1.378935e+01
   endloop
 endfacet
 facet normal -1.000000e+00  0.000000e+00  0.000000e+00
   outer loop
     vertex  0.000000e+00 -2.688262e+00  3.617360e+01
     vertex  0.000000e+00 -2.637145e+00  3.610054e+01
     vertex  0.000000e+00 -2.662954e+00  1.386311e+01
   endloop
 endfacet
 facet normal -1.000000e+00  0.000000e+00  0.000000e+00
   outer loop
     vertex  0.000000e+00  1.770700e+00  4.072527e+01
     vertex  0.000000e+00  2.000000e+01  4.500000e+01
     vertex  0.000000e+00  1.844799e+00  4.067567e+01
   endloop
 endfacet
 facet normal -1.000000e+00  0.000000e+00  0.000000e+00
   outer loop
     vertex  0.000000e+00  1.695268e+00  4.077283e+01
     vertex  0.000000e+00  2.000000e+01  4.500000e+01
     vertex  0.000000e+00  1.770700e+00  4.072527e+01
   endloop
 endfacet
 facet normal -1.000000e+00  0.000000e+00  0.000000e+00
   outer loop
     vertex  0.000000e+00  1.618560e+00  4.081829e+01
     vertex  0.000000e+00  2.000000e+01  4.500000e+01
     vertex  0.000000e+00  1.695268e+00  4.077283e+01
   endloop
 endfacet
 facet normal -1.000000e+00  0.000000e+00  0.000000e+00
   outer loop
     vertex  0.000000e+00  1.540634e+00  4.086163e+01
     vertex  0.000000e+00  2.000000e+01  4.500000e+01
     vertex  0.000000e+00  1.618560e+00  4.081829e+01
   endloop
 endfacet
 facet normal -1.000000e+00  0.000000e+00  0.000000e+00
   outer loop
     vertex  0.000000e+00  1.461548e+00  4.090282e+01
     vertex  0.000000e+00  2.000000e+01  4.500000e+01
     vertex  0.000000e+00  1.540634e+00  4.086163e+01
   endloop
 endfacet
 facet normal -1.000000e+00  0.000000e+00  0.000000e+00
   outer loop
     vertex  0.000000e+00  1.381362e+00  4.094183e+01
     vertex  0.000000e+00  2.000000e+01  4.500000e+01
     vertex  0.000000e+00  1.461548e+00  4.090282e+01
   endloop
 endfacet
 facet normal -1.000000e+00  0.000000e+00  0.000000e+00
   outer loop
     vertex  0.000000e+00  1.300136e+00  4.097862e+01
     vertex  0.000000e+00  2.000000e+01  4.500000e+01
     vertex  0.000000e+00  1.381362e+00  4.094183e+01
   endloop
 endfacet
 facet normal -1.000000e+00  0.000000e+00  0.000000e+00
   outer loop
     vertex  0.000000e+00  1.217931e+00  4.101316e+01
     vertex  0.000000e+00  2.000000e+01  4.500000e+01
     vertex  0.000000e+00  1.300136e+00  4.097862e+01
   endloop
 endfacet
 facet normal -1.000000e+00  0.000000e+00  0.000000e+00
   outer loop
     vertex  0.000000e+00  1.134809e+00  4.104544e+01
     vertex  0.000000e+00  2.000000e+01  4.500000e+01
     vertex  0.000000e+00  1.217931e+00  4.101316e+01
   endloop
 endfacet
 facet normal -1.000000e+00  0.000000e+00  0.000000e+00
   outer loop
     vertex  0.000000e+00  1.050833e+00  4.107543e+01
     vertex  0.000000e+00  2.000000e+01  4.500000e+01
     vertex  0.000000e+00  1.134809e+00  4.104544e+01
   endloop
 endfacet
 facet normal -1.000000e+00  0.000000e+00  0.000000e+00
   outer loop
     vertex  0.000000e+00  9.660663e-01  4.110310e+01
     vertex  0.000000e+00  2.000000e+01  4.500000e+01
     vertex  0.000000e+00  1.050833e+00  4.107543e+01
   endloop
 endfacet
 facet normal -1.000000e+00  0.000000e+00  0.000000e+00
   outer loop
     vertex  0.000000e+00  8.805721e-01  4.112843e+01
     vertex  0.000000e+00  2.000000e+01  4.500000e+01
     vertex  0.000000e+00  9.660663e-01  4.110310e+01
   endloop
 endfacet
 facet normal -1.000000e+00  0.000000e+00  0.000000e+00
   outer loop
     vertex  0.000000e+00  7.944151e-01  4.115141e+01
     vertex  0.000000e+00  2.000000e+01  4.500000e+01
     vertex  0.000000e+00  8.805721e-01  4.112843e+01
   endloop
 endfacet
 facet normal -1.000000e+00  0.000000e+00  0.000000e+00
   outer loop
     vertex  0.000000e+00  7.076601e-01  4.117202e+01
     vertex  0.000000e+00  2.000000e+01  4.500000e+01
     vertex  0.000000e+00  7.944151e-01  4.115141e+01
   endloop
 endfacet
 facet normal -1.000000e+00  0.000000e+00  0.000000e+00
   outer loop
     vertex  0.000000e+00  6.203724e-01  4.119024e+01
     vertex  0.000000e+00  2.000000e+01  4.500000e+01
     vertex  0.000000e+00  7.076601e-01  4.117202e+01
   endloop
 endfacet
 facet normal -1.000000e+00  0.000000e+00  0.000000e+00
   outer loop
     vertex  0.000000e+00  5.326177e-01  4.120606e+01
     vertex  0.000000e+00  2.000000e+01  4.500000e+01
     vertex  0.000000e+00  6.203724e-01  4.119024e+01
   endloop
 endfacet
 facet normal -1.000000e+00  0.000000e+00  0.000000e+00
   outer loop
     vertex  0.000000e+00  4.444620e-01  4.121946e+01
     vertex  0.000000e+00  2.000000e+01  4.500000e+01
     vertex  0.000000e+00  5.326177e-01  4.120606e+01
   endloop
 endfacet
 facet normal -1.000000e+00  0.000000e+00  0.000000e+00
   outer loop
     vertex  0.000000e+00  3.559718e-01  4.123045e+01
     vertex  0.000000e+00  2.000000e+01  4.500000e+01
     vertex  0.000000e+00  4.444620e-01  4.121946e+01
   endloop
 endfacet
 facet normal -1.000000e+00  0.000000e+00  0.000000e+00
   outer loop
     vertex  0.000000e+00  2.672135e-01  4.123900e+01
     vertex  0.000000e+00  2.000000e+01  4.500000e+01
     vertex  0.000000e+00  3.559718e-01  4.123045e+01
   endloop
 endfacet
 facet normal -1.000000e+00  0.000000e+00  0.000000e+00
   outer loop
     vertex  0.000000e+00  1.782542e-01  4.124511e+01
     vertex  0.000000e+00  2.000000e+01  4.500000e+01
     vertex  0.000000e+00  2.672135e-01  4.123900e+01
   endloop
 endfacet
 facet normal -1.000000e+00  0.000000e+00  0.000000e+00
   outer loop
     vertex  0.000000e+00  8.916066e-02  4.124878e+01
     vertex  0.000000e+00  2.000000e+01  4.500000e+01
     vertex  0.000000e+00  1.782542e-01  4.124511e+01
   endloop
 endfacet
 facet normal -1.000000e+00  0.000000e+00  0.000000e+00
   outer loop
     vertex  0.000000e+00  7.960204e-16  4.125000e+01
     vertex  0.000000e+00  2.000000e+01  4.500000e+01
     vertex  0.000000e+00  8.916066e-02  4.124878e+01
   endloop
 endfacet
 facet normal -1.000000e+00  0.000000e+00  0.000000e+00
   outer loop
     vertex  0.000000e+00 -2.000000e+01  4.500000e+01
     vertex  0.000000e+00 -3.082562e+00  3.697029e+01
     vertex  0.000000e+00 -3.053153e+00  3.688611e+01
   endloop
 endfacet
 facet normal -1.000000e+00  0.000000e+00  0.000000e+00
   outer loop
     vertex  0.000000e+00 -2.000000e+01  4.500000e+01
     vertex  0.000000e+00 -3.053153e+00  3.688611e+01
     vertex  0.000000e+00 -3.021445e+00  3.680277e+01
   endloop
 endfacet
 facet normal -1.000000e+00  0.000000e+00  0.000000e+00
   outer loop
     vertex  0.000000e+00 -2.000000e+01  4.500000e+01
     vertex  0.000000e+00 -3.021445e+00  3.680277e+01
     vertex  0.000000e+00 -2.987463e+00  3.672033e+01
   endloop
 endfacet
 facet normal -1.000000e+00  0.000000e+00  0.000000e+00
   outer loop
     vertex  0.000000e+00 -2.000000e+01  4.500000e+01
     vertex  0.000000e+00 -2.987463e+00  3.672033e+01
     vertex  0.000000e+00 -2.951232e+00  3.663885e+01
   endloop
 endfacet
 facet normal -1.000000e+00  0.000000e+00  0.000000e+00
   outer loop
     vertex  0.000000e+00 -2.000000e+01  4.500000e+01
     vertex  0.000000e+00 -2.951232e+00  3.663885e+01
     vertex  0.000000e+00 -2.912779e+00  3.655840e+01
   endloop
 endfacet
 facet normal -1.000000e+00  0.000000e+00  0.000000e+00
   outer loop
     vertex  0.000000e+00 -2.000000e+01  4.500000e+01
     vertex  0.000000e+00 -2.912779e+00  3.655840e+01
     vertex  0.000000e+00 -2.872134e+00  3.647903e+01
   endloop
 endfacet
 facet normal -1.000000e+00  0.000000e+00  0.000000e+00
   outer loop
     vertex  0.000000e+00 -2.000000e+01  4.500000e+01
     vertex  0.000000e+00 -2.872134e+00  3.647903e+01
     vertex  0.000000e+00 -2.829327e+00  3.640081e+01
   endloop
 endfacet
 facet normal -1.000000e+00  0.000000e+00  0.000000e+00
   outer loop
     vertex  0.000000e+00 -2.000000e+01  4.500000e+01
     vertex  0.000000e+00 -2.829327e+00  3.640081e+01
     vertex  0.000000e+00 -2.784389e+00  3.632379e+01
   endloop
 endfacet
 facet normal -1.000000e+00  0.000000e+00  0.000000e+00
   outer loop
     vertex  0.000000e+00 -2.000000e+01  4.500000e+01
     vertex  0.000000e+00 -2.784389e+00  3.632379e+01
     vertex  0.000000e+00 -2.737356e+00  3.624804e+01
   endloop
 endfacet
 facet normal -1.000000e+00  0.000000e+00  0.000000e+00
   outer loop
     vertex  0.000000e+00 -2.000000e+01  4.500000e+01
     vertex  0.000000e+00 -2.737356e+00  3.624804e+01
     vertex  0.000000e+00 -2.688262e+00  3.617360e+01
   endloop
 endfacet
 facet normal -1.000000e+00  0.000000e+00  0.000000e+00
   outer loop
     vertex  0.000000e+00 -2.000000e+01  4.500000e+01
     vertex  0.000000e+00  7.960204e-16  4.125000e+01
     vertex  0.000000e+00 -8.916066e-02  4.124878e+01
   endloop
 endfacet
 facet normal -1.000000e+00  0.000000e+00  0.000000e+00
   outer loop
     vertex  0.000000e+00 -2.000000e+01  4.500000e+01
     vertex  0.000000e+00 -8.916066e-02  4.124878e+01
     vertex  0.000000e+00 -1.782542e-01  4.124511e+01
   endloop
 endfacet
 facet normal -1.000000e+00  0.000000e+00  0.000000e+00
   outer loop
     vertex  0.000000e+00 -2.000000e+01  4.500000e+01
     vertex  0.000000e+00 -1.782542e-01  4.124511e+01
     vertex  0.000000e+00 -2.672135e-01  4.123900e+01
   endloop
 endfacet
 facet normal -1.000000e+00  0.000000e+00  0.000000e+00
   outer loop
     vertex  0.000000e+00 -2.000000e+01  4.500000e+01
     vertex  0.000000e+00 -2.672135e-01  4.123900e+01
     vertex  0.000000e+00 -3.559718e-01  4.123045e+01
   endloop
 endfacet
 facet normal -1.000000e+00  0.000000e+00  0.000000e+00
   outer loop
     vertex  0.000000e+00 -2.000000e+01  4.500000e+01
     vertex  0.000000e+00 -3.559718e-01  4.123045e+01
     vertex  0.000000e+00 -4.444620e-01  4.121946e+01
   endloop
 endfacet
 facet normal -1.000000e+00  0.000000e+00  0.000000e+00
   outer loop
     vertex  0.000000e+00 -2.000000e+01  4.500000e+01
     vertex  0.000000e+00 -4.444620e-01  4.121946e+01
     vertex  0.000000e+00 -5.326177e-01  4.120606e+01
   endloop
 endfacet
 facet normal -1.000000e+00  0.000000e+00  0.000000e+00
   outer loop
     vertex  0.000000e+00 -2.000000e+01  4.500000e+01
     vertex  0.000000e+00 -5.326177e-01  4.120606e+01
     vertex  0.000000e+00 -6.203724e-01  4.119024e+01
   endloop
 endfacet
 facet normal -1.000000e+00  0.000000e+00  0.000000e+00
   outer loop
     vertex  0.000000e+00 -2.000000e+01  4.500000e+01
     vertex  0.000000e+00 -6.203724e-01  4.119024e+01
     vertex  0.000000e+00 -7.076601e-01  4.117202e+01
   endloop
 endfacet
 facet normal -1.000000e+00  0.000000e+00  0.000000e+00
   outer loop
     vertex  0.000000e+00 -2.000000e+01  4.500000e+01
     vertex  0.000000e+00 -7.076601e-01  4.117202e+01
     vertex  0.000000e+00 -7.944151e-01  4.115141e+01
   endloop
 endfacet
 facet normal -1.000000e+00  0.000000e+00  0.000000e+00
   outer loop
     vertex  0.000000e+00 -2.000000e+01  4.500000e+01
     vertex  0.000000e+00 -2.713065e+00  1.378935e+01
     vertex  0.000000e+00 -2.761133e+00  1.371425e+01
   endloop
 endfacet
 facet normal -1.000000e+00  0.000000e+00  0.000000e+00
   outer loop
     vertex  0.000000e+00 -2.000000e+01  4.500000e+01
     vertex  0.000000e+00 -7.944151e-01  4.115141e+01
     vertex  0.000000e+00 -8.805721e-01  4.112843e+01
   endloop
 endfacet
 facet normal -1.000000e+00  0.000000e+00  0.000000e+00
   outer loop
     vertex  0.000000e+00 -2.000000e+01  4.500000e+01
     vertex  0.000000e+00 -2.761133e+00  1.371425e+01
     vertex  0.000000e+00 -2.807122e+00  1.363785e+01
   endloop
 endfacet
 facet normal -1.000000e+00  0.000000e+00  0.000000e+00
   outer loop
     vertex  0.000000e+00 -2.000000e+01  4.500000e+01
     vertex  0.000000e+00 -8.805721e-01  4.112843e+01
     vertex  0.000000e+00 -9.660663e-01  4.110310e+01
   endloop
 endfacet
 facet normal -1.000000e+00  0.000000e+00  0.000000e+00
   outer loop
     vertex  0.000000e+00 -2.000000e+01  4.500000e+01
     vertex  0.000000e+00 -2.807122e+00  1.363785e+01
     vertex  0.000000e+00 -2.850999e+00  1.356023e+01
   endloop
 endfacet
 facet normal -1.000000e+00  0.000000e+00  0.000000e+00
   outer loop
     vertex  0.000000e+00 -2.000000e+01  4.500000e+01
     vertex  0.000000e+00 -9.660663e-01  4.110310e+01
     vertex  0.000000e+00 -1.050833e+00  4.107543e+01
   endloop
 endfacet
 facet normal -1.000000e+00  0.000000e+00  0.000000e+00
   outer loop
     vertex  0.000000e+00 -2.000000e+01  4.500000e+01
     vertex  0.000000e+00 -2.850999e+00  1.356023e+01
     vertex  0.000000e+00 -2.892729e+00  1.348142e+01
   endloop
 endfacet
 facet normal -1.000000e+00  0.000000e+00  0.000000e+00
   outer loop
     vertex  0.000000e+00 -2.000000e+01  4.500000e+01
     vertex  0.000000e+00 -1.050833e+00  4.107543e+01
     vertex  0.000000e+00 -1.134809e+00  4.104544e+01
   endloop
 endfacet
 facet normal -1.000000e+00  0.000000e+00  0.000000e+00
   outer loop
     vertex  0.000000e+00 -2.000000e+01  4.500000e+01
     vertex  0.000000e+00 -2.892729e+00  1.348142e+01
     vertex  0.000000e+00 -2.932282e+00  1.340151e+01
   endloop
 endfacet
 facet normal -1.000000e+00  0.000000e+00  0.000000e+00
   outer loop
     vertex  0.000000e+00 -2.000000e+01  4.500000e+01
     vertex  0.000000e+00 -2.688262e+00  3.617360e+01
     vertex  0.000000e+00 -2.713065e+00  1.378935e+01
   endloop
 endfacet
 facet normal -1.000000e+00  0.000000e+00  0.000000e+00
   outer loop
     vertex  0.000000e+00 -2.000000e+01  4.500000e+01
     vertex  0.000000e+00 -1.134809e+00  4.104544e+01
     vertex  0.000000e+00 -1.217931e+00  4.101316e+01
   endloop
 endfacet
 facet normal -1.000000e+00  0.000000e+00  0.000000e+00
   outer loop
     vertex  0.000000e+00 -2.000000e+01  4.500000e+01
     vertex  0.000000e+00 -2.932282e+00  1.340151e+01
     vertex  0.000000e+00 -2.969627e+00  1.332054e+01
   endloop
 endfacet
 facet normal -1.000000e+00  0.000000e+00  0.000000e+00
   outer loop
     vertex  0.000000e+00 -2.000000e+01  4.500000e+01
     vertex  0.000000e+00 -1.217931e+00  4.101316e+01
     vertex  0.000000e+00 -1.300136e+00  4.097862e+01
   endloop
 endfacet
 facet normal -1.000000e+00  0.000000e+00  0.000000e+00
   outer loop
     vertex  0.000000e+00 -2.000000e+01  4.500000e+01
     vertex  0.000000e+00 -1.300136e+00  4.097862e+01
     vertex  0.000000e+00 -1.381362e+00  4.094183e+01
   endloop
 endfacet
 facet normal -1.000000e+00  0.000000e+00  0.000000e+00
   outer loop
     vertex  0.000000e+00 -2.000000e+01  4.500000e+01
     vertex  0.000000e+00 -1.381362e+00  4.094183e+01
     vertex  0.000000e+00 -1.461548e+00  4.090282e+01
   endloop
 endfacet
 facet normal -1.000000e+00  0.000000e+00  0.000000e+00
   outer loop
     vertex  0.000000e+00 -2.000000e+01  4.500000e+01
     vertex  0.000000e+00 -1.461548e+00  4.090282e+01
     vertex  0.000000e+00 -1.540634e+00  4.086163e+01
   endloop
 endfacet
 facet normal -1.000000e+00  0.000000e+00  0.000000e+00
   outer loop
     vertex  0.000000e+00 -2.000000e+01  4.500000e+01
     vertex  0.000000e+00 -1.540634e+00  4.086163e+01
     vertex  0.000000e+00 -1.618560e+00  4.081829e+01
   endloop
 endfacet
 facet normal -1.000000e+00  0.000000e+00  0.000000e+00
   outer loop
     vertex  0.000000e+00 -2.000000e+01  4.500000e+01
     vertex  0.000000e+00 -2.969627e+00  1.332054e+01
     vertex  0.000000e+00 -2.000000e+01  0.000000e+00
   endloop
 endfacet
 facet normal -1.000000e+00  0.000000e+00  0.000000e+00
   outer loop
     vertex  0.000000e+00 -2.000000e+01  4.500000e+01
     vertex  0.000000e+00 -1.618560e+00  4.081829e+01
     vertex  0.000000e+00 -1.695268e+00  4.077283e+01
   endloop
 endfacet
 facet normal -1.000000e+00  0.000000e+00  0.000000e+00
   outer loop
     vertex  0.000000e+00 -2.000000e+01  4.500000e+01
     vertex  0.000000e+00 -1.695268e+00  4.077283e+01
     vertex  0.000000e+00 -1.770700e+00  4.072527e+01
   endloop
 endfacet
 facet normal -1.000000e+00  0.000000e+00  0.000000e+00
   outer loop
     vertex  0.000000e+00 -2.000000e+01  4.500000e+01
     vertex  0.000000e+00 -1.770700e+00  4.072527e+01
     vertex  0.000000e+00 -1.844799e+00  4.067567e+01
   endloop
 endfacet
 facet normal -1.000000e+00  0.000000e+00  0.000000e+00
   outer loop
     vertex  0.000000e+00 -2.000000e+01  4.500000e+01
     vertex  0.000000e+00 -1.844799e+00  4.067567e+01
     vertex  0.000000e+00 -1.917509e+00  4.062405e+01
   endloop
 endfacet
 facet normal -1.000000e+00  0.000000e+00  0.000000e+00
   outer loop
     vertex  0.000000e+00 -2.000000e+01  4.500000e+01
     vertex  0.000000e+00 -1.917509e+00  4.062405e+01
     vertex  0.000000e+00 -1.988776e+00  4.057046e+01
   endloop
 endfacet
 facet normal -1.000000e+00  0.000000e+00  0.000000e+00
   outer loop
     vertex  0.000000e+00 -2.000000e+01  4.500000e+01
     vertex  0.000000e+00 -1.988776e+00  4.057046e+01
     vertex  0.000000e+00 -2.058545e+00  4.051493e+01
   endloop
 endfacet
 facet normal -1.000000e+00  0.000000e+00  0.000000e+00
   outer loop
     vertex  0.000000e+00 -2.000000e+01  4.500000e+01
     vertex  0.000000e+00 -2.058545e+00  4.051493e+01
     vertex  0.000000e+00 -2.126765e+00  4.045751e+01
   endloop
 endfacet
 facet normal -1.000000e+00  0.000000e+00  0.000000e+00
   outer loop
     vertex  0.000000e+00 -2.000000e+01  4.500000e+01
     vertex  0.000000e+00  2.000000e+01  4.500000e+01
     vertex  0.000000e+00  7.960204e-16  4.125000e+01
   endloop
 endfacet
 facet normal -1.000000e+00  0.000000e+00  0.000000e+00
   outer loop
     vertex  0.000000e+00 -2.000000e+01  4.500000e+01
     vertex  0.000000e+00 -2.126765e+00  4.045751e+01
     vertex  0.000000e+00 -2.193384e+00  4.039824e+01
   endloop
 endfacet
 facet normal -1.000000e+00  0.000000e+00  0.000000e+00
   outer loop
     vertex  0.000000e+00 -2.000000e+01  4.500000e+01
     vertex  0.000000e+00 -2.193384e+00  4.039824e+01
     vertex  0.000000e+00 -2.258352e+00  4.033717e+01
   endloop
 endfacet
 facet normal -1.000000e+00  0.000000e+00  0.000000e+00
   outer loop
     vertex  0.000000e+00 -2.000000e+01  4.500000e+01
     vertex  0.000000e+00 -2.258352e+00  4.033717e+01
     vertex  0.000000e+00 -2.321620e+00  4.027433e+01
   endloop
 endfacet
 facet normal -1.000000e+00  0.000000e+00  0.000000e+00
   outer loop
     vertex  0.000000e+00 -2.000000e+01  4.500000e+01
     vertex  0.000000e+00 -2.321620e+00  4.027433e+01
     vertex  0.000000e+00 -2.383141e+00  4.020978e+01
   endloop
 endfacet
 facet normal -1.000000e+00  0.000000e+00  0.000000e+00
   outer loop
     vertex  0.000000e+00 -2.000000e+01  4.500000e+01
     vertex  0.000000e+00 -2.383141e+00  4.020978e+01
     vertex  0.000000e+00 -2.442867e+00  4.014357e+01
   endloop
 endfacet
 facet normal -1.000000e+00  0.000000e+00  0.000000e+00
   outer loop
     vertex  0.000000e+00 -2.000000e+01  4.500000e+01
     vertex  0.000000e+00 -2.442867e+00  4.014357e+01
     vertex  0.000000e+00 -2.500754e+00  4.007575e+01
   endloop
 endfacet
 facet normal -1.000000e+00  0.000000e+00  0.000000e+00
   outer loop
     vertex  0.000000e+00 -2.000000e+01  4.500000e+01
     vertex  0.000000e+00 -2.500754e+00  4.007575e+01
     vertex  0.000000e+00 -2.556759e+00  4.000636e+01
   endloop
 endfacet
 facet normal -1.000000e+00  0.000000e+00  0.000000e+00
   outer loop
     vertex  0.000000e+00 -2.000000e+01  4.500000e+01
     vertex  0.000000e+00 -2.556759e+00  4.000636e+01
     vertex  0.000000e+00 -2.610839e+00  3.993546e+01
   endloop
 endfacet
 facet normal -1.000000e+00  0.000000e+00  0.000000e+00
   outer loop
     vertex  0.000000e+00 -2.000000e+01  4.500000e+01
     vertex  0.000000e+00 -2.610839e+00  3.993546e+01
     vertex  0.000000e+00 -2.662954e+00  3.986311e+01
   endloop
 endfacet
 facet normal -1.000000e+00  0.000000e+00  0.000000e+00
   outer loop
     vertex  0.000000e+00 -2.000000e+01  4.500000e+01
     vertex  0.000000e+00 -2.662954e+00  3.986311e+01
     vertex  0.000000e+00 -2.713065e+00  3.978935e+01
   endloop
 endfacet
 facet normal -1.000000e+00  0.000000e+00  0.000000e+00
   outer loop
     vertex  0.000000e+00 -2.000000e+01  4.500000e+01
     vertex  0.000000e+00 -2.713065e+00  3.978935e+01
     vertex  0.000000e+00 -2.761133e+00  3.971425e+01
   endloop
 endfacet
 facet normal -1.000000e+00  0.000000e+00  0.000000e+00
   outer loop
     vertex  0.000000e+00 -2.000000e+01  4.500000e+01
     vertex  0.000000e+00 -2.761133e+00  3.971425e+01
     vertex  0.000000e+00 -2.807122e+00  3.963785e+01
   endloop
 endfacet
 facet normal -1.000000e+00  0.000000e+00  0.000000e+00
   outer loop
     vertex  0.000000e+00 -2.000000e+01  4.500000e+01
     vertex  0.000000e+00 -2.807122e+00  3.963785e+01
     vertex  0.000000e+00 -2.850999e+00  3.956023e+01
   endloop
 endfacet
 facet normal -1.000000e+00  0.000000e+00  0.000000e+00
   outer loop
     vertex  0.000000e+00 -2.000000e+01  4.500000e+01
     vertex  0.000000e+00 -2.850999e+00  3.956023e+01
     vertex  0.000000e+00 -2.892729e+00  3.948142e+01
   endloop
 endfacet
 facet normal -1.000000e+00  0.000000e+00  0.000000e+00
   outer loop
     vertex  0.000000e+00 -2.000000e+01  4.500000e+01
     vertex  0.000000e+00 -2.892729e+00  3.948142e+01
     vertex  0.000000e+00 -2.932282e+00  3.940151e+01
   endloop
 endfacet
 facet normal -1.000000e+00  0.000000e+00  0.000000e+00
   outer loop
     vertex  0.000000e+00 -2.000000e+01  4.500000e+01
     vertex  0.000000e+00 -2.932282e+00  3.940151e+01
     vertex  0.000000e+00 -2.969627e+00  3.932054e+01
   endloop
 endfacet
 facet normal -1.000000e+00  0.000000e+00  0.000000e+00
   outer loop
     vertex  0.000000e+00 -2.000000e+01  4.500000e+01
     vertex  0.000000e+00 -2.969627e+00  3.932054e+01
     vertex  0.000000e+00 -3.004737e+00  3.923857e+01
   endloop
 endfacet
 facet normal -1.000000e+00  0.000000e+00  0.000000e+00
   outer loop
     vertex  0.000000e+00 -2.000000e+01  4.500000e+01
     vertex  0.000000e+00 -3.004737e+00  3.923857e+01
     vertex  0.000000e+00 -3.037585e+00  3.915567e+01
   endloop
 endfacet
 facet normal -1.000000e+00  0.000000e+00  0.000000e+00
   outer loop
     vertex  0.000000e+00 -2.000000e+01  4.500000e+01
     vertex  0.000000e+00 -3.037585e+00  3.915567e+01
     vertex  0.000000e+00 -3.068146e+00  3.907190e+01
   endloop
 endfacet
 facet normal -1.000000e+00  0.000000e+00  0.000000e+00
   outer loop
     vertex  0.000000e+00 -2.000000e+01  4.500000e+01
     vertex  0.000000e+00 -3.068146e+00  3.907190e+01
     vertex  0.000000e+00 -3.096398e+00  3.898733e+01
   endloop
 endfacet
 facet normal -1.000000e+00  0.000000e+00  0.000000e+00
   outer loop
     vertex  0.000000e+00 -2.000000e+01  4.500000e+01
     vertex  0.000000e+00 -3.096398e+00  3.898733e+01
     vertex  0.000000e+00 -3.122319e+00  3.890201e+01
   endloop
 endfacet
 facet normal -1.000000e+00  0.000000e+00  0.000000e+00
   outer loop
     vertex  0.000000e+00 -2.000000e+01  4.500000e+01
     vertex  0.000000e+00 -3.122319e+00  3.890201e+01
     vertex  0.000000e+00 -3.145890e+00  3.881601e+01
   endloop
 endfacet
 facet normal -1.000000e+00  0.000000e+00  0.000000e+00
   outer loop
     vertex  0.000000e+00 -2.000000e+01  4.500000e+01
     vertex  0.000000e+00 -3.145890e+00  3.881601e+01
     vertex  0.000000e+00 -3.167092e+00  3.872940e+01
   endloop
 endfacet
 facet normal -1.000000e+00  0.000000e+00  0.000000e+00
   outer loop
     vertex  0.000000e+00 -2.000000e+01  4.500000e+01
     vertex  0.000000e+00 -3.167092e+00  3.872940e+01
     vertex  0.000000e+00 -3.185911e+00  3.864224e+01
   endloop
 endfacet
 facet normal -1.000000e+00  0.000000e+00  0.000000e+00
   outer loop
     vertex  0.000000e+00 -2.000000e+01  4.500000e+01
     vertex  0.000000e+00 -3.185911e+00  3.864224e+01
     vertex  0.000000e+00 -3.202331e+00  3.855460e+01
   endloop
 endfacet
 facet normal -1.000000e+00  0.000000e+00  0.000000e+00
   outer loop
     vertex  0.000000e+00 -2.000000e+01  4.500000e+01
     vertex  0.000000e+00 -3.202331e+00  3.855460e+01
     vertex  0.000000e+00 -3.216340e+00  3.846653e+01
   endloop
 endfacet
 facet normal -1.000000e+00  0.000000e+00  0.000000e+00
   outer loop
     vertex  0.000000e+00 -2.000000e+01  4.500000e+01
     vertex  0.000000e+00 -3.216340e+00  3.846653e+01
     vertex  0.000000e+00 -3.227929e+00  3.837812e+01
   endloop
 endfacet
 facet normal -1.000000e+00  0.000000e+00  0.000000e+00
   outer loop
     vertex  0.000000e+00 -2.000000e+01  4.500000e+01
     vertex  0.000000e+00 -3.227929e+00  3.837812e+01
     vertex  0.000000e+00 -3.237087e+00  3.828942e+01
   endloop
 endfacet
 facet normal -1.000000e+00  0.000000e+00  0.000000e+00
   outer loop
     vertex  0.000000e+00 -2.000000e+01  4.500000e+01
     vertex  0.000000e+00 -3.237087e+00  3.828942e+01
     vertex  0.000000e+00 -3.243809e+00  3.820051e+01
   endloop
 endfacet
 facet normal -1.000000e+00  0.000000e+00  0.000000e+00
   outer loop
     vertex  0.000000e+00 -2.000000e+01  4.500000e+01
     vertex  0.000000e+00 -3.243809e+00  3.820051e+01
     vertex  0.000000e+00 -3.248089e+00  3.811144e+01
   endloop
 endfacet
 facet normal -1.000000e+00  0.000000e+00  0.000000e+00
   outer loop
     vertex  0.000000e+00 -2.000000e+01  4.500000e+01
     vertex  0.000000e+00 -3.248089e+00  3.811144e+01
     vertex  0.000000e+00 -3.249924e+00  3.802229e+01
   endloop
 endfacet
 facet normal -1.000000e+00  0.000000e+00  0.000000e+00
   outer loop
     vertex  0.000000e+00 -2.000000e+01  4.500000e+01
     vertex  0.000000e+00 -3.249924e+00  3.802229e+01
     vertex  0.000000e+00 -3.249312e+00  3.793313e+01
   endloop
 endfacet
 facet normal -1.000000e+00  0.000000e+00  0.000000e+00
   outer loop
     vertex  0.000000e+00 -2.000000e+01  4.500000e+01
     vertex  0.000000e+00 -3.249312e+00  3.793313e+01
     vertex  0.000000e+00 -3.246254e+00  3.784401e+01
   endloop
 endfacet
 facet normal -1.000000e+00  0.000000e+00  0.000000e+00
   outer loop
     vertex  0.000000e+00 -2.000000e+01  4.500000e+01
     vertex  0.000000e+00 -3.246254e+00  3.784401e+01
     vertex  0.000000e+00 -3.240753e+00  3.775501e+01
   endloop
 endfacet
 facet normal -1.000000e+00  0.000000e+00  0.000000e+00
   outer loop
     vertex  0.000000e+00 -2.000000e+01  4.500000e+01
     vertex  0.000000e+00 -3.240753e+00  3.775501e+01
     vertex  0.000000e+00 -3.232812e+00  3.766620e+01
   endloop
 endfacet
 facet normal -1.000000e+00  0.000000e+00  0.000000e+00
   outer loop
     vertex  0.000000e+00 -2.000000e+01  4.500000e+01
     vertex  0.000000e+00 -3.232812e+00  3.766620e+01
     vertex  0.000000e+00 -3.222438e+00  3.757763e+01
   endloop
 endfacet
 facet normal -1.000000e+00  0.000000e+00  0.000000e+00
   outer loop
     vertex  0.000000e+00 -2.000000e+01  4.500000e+01
     vertex  0.000000e+00 -3.222438e+00  3.757763e+01
     vertex  0.000000e+00 -3.209638e+00  3.748939e+01
   endloop
 endfacet
 facet normal -1.000000e+00  0.000000e+00  0.000000e+00
   outer loop
     vertex  0.000000e+00 -2.000000e+01  4.500000e+01
     vertex  0.000000e+00 -3.209638e+00  3.748939e+01
     vertex  0.000000e+00 -3.194421e+00  3.740153e+01
   endloop
 endfacet
 facet normal -1.000000e+00  0.000000e+00  0.000000e+00
   outer loop
     vertex  0.000000e+00 -2.000000e+01  4.500000e+01
     vertex  0.000000e+00 -3.194421e+00  3.740153e+01
     vertex  0.000000e+00 -3.176800e+00  3.731411e+01
   endloop
 endfacet
 facet normal -1.000000e+00  0.000000e+00  0.000000e+00
   outer loop
     vertex  0.000000e+00 -2.000000e+01  4.500000e+01
     vertex  0.000000e+00 -3.176800e+00  3.731411e+01
     vertex  0.000000e+00 -3.156788e+00  3.722722e+01
   endloop
 endfacet
 facet normal -1.000000e+00  0.000000e+00  0.000000e+00
   outer loop
     vertex  0.000000e+00 -2.000000e+01  4.500000e+01
     vertex  0.000000e+00 -3.156788e+00  3.722722e+01
     vertex  0.000000e+00 -3.134399e+00  3.714091e+01
   endloop
 endfacet
 facet normal -1.000000e+00  0.000000e+00  0.000000e+00
   outer loop
     vertex  0.000000e+00 -2.000000e+01  4.500000e+01
     vertex  0.000000e+00 -3.134399e+00  3.714091e+01
     vertex  0.000000e+00 -3.109651e+00  3.705524e+01
   endloop
 endfacet
 facet normal -1.000000e+00  0.000000e+00  0.000000e+00
   outer loop
     vertex  0.000000e+00 -2.000000e+01  4.500000e+01
     vertex  0.000000e+00 -3.109651e+00  3.705524e+01
     vertex  0.000000e+00 -3.082562e+00  3.697029e+01
   endloop
 endfacet
 facet normal  0.000000e+00 -1.000000e+00 -0.000000e+00
   outer loop
     vertex  8.000000e+00 -2.000000e+01  4.500000e+01
     vertex  0.000000e+00 -2.000000e+01  0.000000e+00
     vertex  8.000000e+00 -2.000000e+01  0.000000e+00
   endloop
 endfacet
 facet normal -0.000000e+00 -1.000000e+00  0.000000e+00
   outer loop
     vertex  8.000000e+00 -2.000000e+01  4.500000e+01
     vertex  0.000000e+00 -2.000000e+01  4.500000e+01
     vertex  0.000000e+00 -2.000000e+01  0.000000e+00
   endloop
 endfacet
 facet normal  0.000000e+00  0.000000e+00  1.000000e+00
   outer loop
     vertex  0.000000e+00  2.000000e+01  4.500000e+01
     vertex  0.000000e+00 -2.000000e+01  4.500000e+01
     vertex  8.000000e+00 -2.000000e+01  4.500000e+01
   endloop
 endfacet
 facet normal  0.000000e+00  0.000000e+00  1.000000e+00
   outer loop
     vertex  8.000000e+00  2.000000e+01  4.500000e+01
     vertex  0.000000e+00  2.000000e+01  4.500000e+01
     vertex  8.000000e+00 -2.000000e+01  4.500000e+01
   endloop
 endfacet
 facet normal  0.000000e+00  1.000000e+00  0.000000e+00
   outer loop
     vertex  8.000000e+00  2.000000e+01  4.500000e+01
     vertex  8.000000e+00  2.000000e+01  0.000000e+00
     vertex  0.000000e+00  2.000000e+01  0.000000e+00
   endloop
 endfacet
 facet normal  0.000000e+00  1.000000e+00  0.000000e+00
   outer loop
     vertex  8.000000e+00  2.000000e+01  4.500000e+01
     vertex  0.000000e+00  2.000000e+01  0.000000e+00
     vertex  0.000000e+00  2.000000e+01  4.500000e+01
   endloop
 endfacet
 facet normal  2.366703e-21  1.371831e-02 -9.999059e-01
   outer loop
     vertex  1.600000e+01 -8.916066e-02  1.524878e+01
     vertex  0.000000e+00  7.960204e-16  1.525000e+01
     vertex  1.600000e+01  7.960204e-16  1.525000e+01
   endloop
 endfacet
 facet normal  0.000000e+00  1.371831e-02 -9.999059e-01
   outer loop
     vertex  1.600000e+01 -8.916066e-02  1.524878e+01
     vertex  0.000000e+00 -8.916066e-02  1.524878e+01
     vertex  0.000000e+00  7.960204e-16  1.525000e+01
   endloop
 endfacet
 facet normal  0.000000e+00  4.114462e-02 -9.991532e-01
   outer loop
     vertex  1.600000e+01 -1.782542e-01  1.524511e+01
     vertex  0.000000e+00 -1.782542e-01  1.524511e+01
     vertex  0.000000e+00 -8.916066e-02  1.524878e+01
   endloop
 endfacet
 facet normal -1.700231e-20  4.114462e-02 -9.991532e-01
   outer loop
     vertex  1.600000e+01 -1.782542e-01  1.524511e+01
     vertex  0.000000e+00 -8.916066e-02  1.524878e+01
     vertex  1.600000e+01 -8.916066e-02  1.524878e+01
   endloop
 endfacet
 facet normal  0.000000e+00  6.853995e-02 -9.976484e-01
   outer loop
     vertex  1.600000e+01 -2.672135e-01  1.523900e+01
     vertex  0.000000e+00 -2.672135e-01  1.523900e+01
     vertex  0.000000e+00 -1.782542e-01  1.524511e+01
   endloop
 endfacet
 facet normal  0.000000e+00  9.588368e-02 -9.953925e-01
   outer loop
     vertex  1.600000e+01 -2.672135e-01  1.523900e+01
     vertex  0.000000e+00 -3.559718e-01  1.523045e+01
     vertex  0.000000e+00 -2.672135e-01  1.523900e+01
   endloop
 endfacet
 facet normal -3.611694e-20  6.853995e-02 -9.976484e-01
   outer loop
     vertex  1.600000e+01 -2.672135e-01  1.523900e+01
     vertex  0.000000e+00 -1.782542e-01  1.524511e+01
     vertex  1.600000e+01 -1.782542e-01  1.524511e+01
   endloop
 endfacet
 facet normal  0.000000e+00  9.588368e-02 -9.953925e-01
   outer loop
     vertex  1.600000e+01 -3.559718e-01  1.523045e+01
     vertex  0.000000e+00 -3.559718e-01  1.523045e+01
     vertex  1.600000e+01 -2.672135e-01  1.523900e+01
   endloop
 endfacet
 facet normal  0.000000e+00  1.231552e-01 -9.923874e-01
   outer loop
     vertex  1.600000e+01 -4.444620e-01  1.521946e+01
     vertex  0.000000e+00 -4.444620e-01  1.521946e+01
     vertex  0.000000e+00 -3.559718e-01  1.523045e+01
   endloop
 endfacet
 facet normal  1.492250e-20  1.231552e-01 -9.923874e-01
   outer loop
     vertex  1.600000e+01 -4.444620e-01  1.521946e+01
     vertex  0.000000e+00 -3.559718e-01  1.523045e+01
     vertex  1.600000e+01 -3.559718e-01  1.523045e+01
   endloop
 endfacet
 facet normal  0.000000e+00  1.503341e-01 -9.886353e-01
   outer loop
     vertex  1.600000e+01 -5.326177e-01  1.520606e+01
     vertex  0.000000e+00 -5.326177e-01  1.520606e+01
     vertex  0.000000e+00 -4.444620e-01  1.521946e+01
   endloop
 endfacet
 facet normal -2.549599e-20  1.503341e-01 -9.886353e-01
   outer loop
     vertex  1.600000e+01 -5.326177e-01  1.520606e+01
     vertex  0.000000e+00 -4.444620e-01  1.521946e+01
     vertex  1.600000e+01 -4.444620e-01  1.521946e+01
   endloop
 endfacet
 facet normal  0.000000e+00  1.773998e-01 -9.841389e-01
   outer loop
     vertex  1.600000e+01 -6.203724e-01  1.519024e+01
     vertex  0.000000e+00 -6.203724e-01  1.519024e+01
     vertex  0.000000e+00 -5.326177e-01  1.520606e+01
   endloop
 endfacet
 facet normal -4.246382e-20  1.773998e-01 -9.841389e-01
   outer loop
     vertex  1.600000e+01 -6.203724e-01  1.519024e+01
     vertex  0.000000e+00 -5.326177e-01  1.520606e+01
     vertex  1.600000e+01 -5.326177e-01  1.520606e+01
   endloop
 endfacet
 facet normal  0.000000e+00  2.043319e-01 -9.789017e-01
   outer loop
     vertex  1.600000e+01 -7.076601e-01  1.517202e+01
     vertex  0.000000e+00 -7.076601e-01  1.517202e+01
     vertex  0.000000e+00 -6.203724e-01  1.519024e+01
   endloop
 endfacet
 facet normal -5.457075e-20  2.043319e-01 -9.789017e-01
   outer loop
     vertex  1.600000e+01 -7.076601e-01  1.517202e+01
     vertex  0.000000e+00 -6.203724e-01  1.519024e+01
     vertex  1.600000e+01 -6.203724e-01  1.519024e+01
   endloop
 endfacet
 facet normal  0.000000e+00  2.311102e-01 -9.729276e-01
   outer loop
     vertex  1.600000e+01 -7.944151e-01  1.515141e+01
     vertex  0.000000e+00 -7.944151e-01  1.515141e+01
     vertex  0.000000e+00 -7.076601e-01  1.517202e+01
   endloop
 endfacet
 facet normal  7.547581e-21  2.311102e-01 -9.729276e-01
   outer loop
     vertex  1.600000e+01 -7.944151e-01  1.515141e+01
     vertex  0.000000e+00 -7.076601e-01  1.517202e+01
     vertex  1.600000e+01 -7.076601e-01  1.517202e+01
   endloop
 endfacet
 facet normal -7.893478e-20  2.577146e-01 -9.662211e-01
   outer loop
     vertex  1.600000e+01 -8.805721e-01  1.512843e+01
     vertex  0.000000e+00 -7.944151e-01  1.515141e+01
     vertex  1.600000e+01 -7.944151e-01  1.515141e+01
   endloop
 endfacet
 facet normal  0.000000e+00  2.577146e-01 -9.662211e-01
   outer loop
     vertex  1.600000e+01 -8.805721e-01  1.512843e+01
     vertex  0.000000e+00 -8.805721e-01  1.512843e+01
     vertex  0.000000e+00 -7.944151e-01  1.515141e+01
   endloop
 endfacet
 facet normal  0.000000e+00  2.841250e-01 -9.587873e-01
   outer loop
     vertex  1.600000e+01 -8.805721e-01  1.512843e+01
     vertex  0.000000e+00 -9.660663e-01  1.510310e+01
     vertex  0.000000e+00 -8.805721e-01  1.512843e+01
   endloop
 endfacet
 facet normal  0.000000e+00  2.841250e-01 -9.587873e-01
   outer loop
     vertex  1.600000e+01 -9.660663e-01  1.510310e+01
     vertex  0.000000e+00 -9.660663e-01  1.510310e+01
     vertex  1.600000e+01 -8.805721e-01  1.512843e+01
   endloop
 endfacet
 facet normal  5.686064e-20  3.103214e-01 -9.506317e-01
   outer loop
     vertex  1.600000e+01 -1.050833e+00  1.507543e+01
     vertex  0.000000e+00 -9.660663e-01  1.510310e+01
     vertex  1.600000e+01 -9.660663e-01  1.510310e+01
   endloop
 endfacet
 facet normal  0.000000e+00  3.103214e-01 -9.506317e-01
   outer loop
     vertex  1.600000e+01 -1.050833e+00  1.507543e+01
     vertex  0.000000e+00 -1.050833e+00  1.507543e+01
     vertex  0.000000e+00 -9.660663e-01  1.510310e+01
   endloop
 endfacet
 facet normal -1.449945e-19  3.362843e-01 -9.417605e-01
   outer loop
     vertex  1.600000e+01 -1.134809e+00  1.504544e+01
     vertex  0.000000e+00 -1.050833e+00  1.507543e+01
     vertex  1.600000e+01 -1.050833e+00  1.507543e+01
   endloop
 endfacet
 facet normal  0.000000e+00  3.362843e-01 -9.417605e-01
   outer loop
     vertex  1.600000e+01 -1.134809e+00  1.504544e+01
     vertex  0.000000e+00 -1.134809e+00  1.504544e+01
     vertex  0.000000e+00 -1.050833e+00  1.507543e+01
   endloop
 endfacet
 facet normal -1.338524e-20  3.619940e-01 -9.321804e-01
   outer loop
     vertex  1.600000e+01 -1.217931e+00  1.501316e+01
     vertex  0.000000e+00 -1.134809e+00  1.504544e+01
     vertex  1.600000e+01 -1.134809e+00  1.504544e+01
   endloop
 endfacet
 facet normal  0.000000e+00  3.619940e-01 -9.321804e-01
   outer loop
     vertex  1.600000e+01 -1.217931e+00  1.501316e+01
     vertex  0.000000e+00 -1.217931e+00  1.501316e+01
     vertex  0.000000e+00 -1.134809e+00  1.504544e+01
   endloop
 endfacet
 facet normal  1.209261e-19  3.874313e-01 -9.218986e-01
   outer loop
     vertex  1.600000e+01 -1.300136e+00  1.497862e+01
     vertex  0.000000e+00 -1.217931e+00  1.501316e+01
     vertex  1.600000e+01 -1.217931e+00  1.501316e+01
   endloop
 endfacet
 facet normal  0.000000e+00  3.874313e-01 -9.218986e-01
   outer loop
     vertex  1.600000e+01 -1.300136e+00  1.497862e+01
     vertex  0.000000e+00 -1.300136e+00  1.497862e+01
     vertex  0.000000e+00 -1.217931e+00  1.501316e+01
   endloop
 endfacet
 facet normal  1.225832e-19  4.125769e-01 -9.109228e-01
   outer loop
     vertex  1.600000e+01 -1.381362e+00  1.494183e+01
     vertex  0.000000e+00 -1.300136e+00  1.497862e+01
     vertex  1.600000e+01 -1.300136e+00  1.497862e+01
   endloop
 endfacet
 facet normal  0.000000e+00  4.125769e-01 -9.109228e-01
   outer loop
     vertex  1.600000e+01 -1.381362e+00  1.494183e+01
     vertex  0.000000e+00 -1.381362e+00  1.494183e+01
     vertex  0.000000e+00 -1.300136e+00  1.497862e+01
   endloop
 endfacet
 facet normal -4.068478e-20  4.374119e-01 -8.992613e-01
   outer loop
     vertex  1.600000e+01 -1.461548e+00  1.490282e+01
     vertex  0.000000e+00 -1.381362e+00  1.494183e+01
     vertex  1.600000e+01 -1.381362e+00  1.494183e+01
   endloop
 endfacet
 facet normal  0.000000e+00  4.374119e-01 -8.992613e-01
   outer loop
     vertex  1.600000e+01 -1.461548e+00  1.490282e+01
     vertex  0.000000e+00 -1.461548e+00  1.490282e+01
     vertex  0.000000e+00 -1.381362e+00  1.494183e+01
   endloop
 endfacet
 facet normal  0.000000e+00  4.619176e-01 -8.869228e-01
   outer loop
     vertex  1.600000e+01 -1.461548e+00  1.490282e+01
     vertex  0.000000e+00 -1.540634e+00  1.486163e+01
     vertex  0.000000e+00 -1.461548e+00  1.490282e+01
   endloop
 endfacet
 facet normal  0.000000e+00  4.619176e-01 -8.869228e-01
   outer loop
     vertex  1.600000e+01 -1.540634e+00  1.486163e+01
     vertex  0.000000e+00 -1.540634e+00  1.486163e+01
     vertex  1.600000e+01 -1.461548e+00  1.490282e+01
   endloop
 endfacet
 facet normal  1.175695e-19  4.860756e-01 -8.739167e-01
   outer loop
     vertex  1.600000e+01 -1.618560e+00  1.481829e+01
     vertex  0.000000e+00 -1.540634e+00  1.486163e+01
     vertex  1.600000e+01 -1.540634e+00  1.486163e+01
   endloop
 endfacet
 facet normal  0.000000e+00  4.860756e-01 -8.739167e-01
   outer loop
     vertex  1.600000e+01 -1.618560e+00  1.481829e+01
     vertex  0.000000e+00 -1.618560e+00  1.481829e+01
     vertex  0.000000e+00 -1.540634e+00  1.486163e+01
   endloop
 endfacet
 facet normal  1.361457e-19  5.098678e-01 -8.602528e-01
   outer loop
     vertex  1.600000e+01 -1.695268e+00  1.477283e+01
     vertex  0.000000e+00 -1.618560e+00  1.481829e+01
     vertex  1.600000e+01 -1.618560e+00  1.481829e+01
   endloop
 endfacet
 facet normal  0.000000e+00  5.098678e-01 -8.602528e-01
   outer loop
     vertex  1.600000e+01 -1.695268e+00  1.477283e+01
     vertex  0.000000e+00 -1.695268e+00  1.477283e+01
     vertex  0.000000e+00 -1.618560e+00  1.481829e+01
   endloop
 endfacet
 facet normal  1.675470e-20  5.332761e-01 -8.459413e-01
   outer loop
     vertex  1.600000e+01 -1.770700e+00  1.472527e+01
     vertex  0.000000e+00 -1.695268e+00  1.477283e+01
     vertex  1.600000e+01 -1.695268e+00  1.477283e+01
   endloop
 endfacet
 facet normal  0.000000e+00  5.332761e-01 -8.459413e-01
   outer loop
     vertex  1.600000e+01 -1.770700e+00  1.472527e+01
     vertex  0.000000e+00 -1.770700e+00  1.472527e+01
     vertex  0.000000e+00 -1.695268e+00  1.477283e+01
   endloop
 endfacet
 facet normal  0.000000e+00  5.562829e-01 -8.309929e-01
   outer loop
     vertex  1.600000e+01 -1.770700e+00  1.472527e+01
     vertex  0.000000e+00 -1.844799e+00  1.467567e+01
     vertex  0.000000e+00 -1.770700e+00  1.472527e+01
   endloop
 endfacet
 facet normal  0.000000e+00  5.562829e-01 -8.309929e-01
   outer loop
     vertex  1.600000e+01 -1.844799e+00  1.467567e+01
     vertex  0.000000e+00 -1.844799e+00  1.467567e+01
     vertex  1.600000e+01 -1.770700e+00  1.472527e+01
   endloop
 endfacet
 facet normal  0.000000e+00  5.788711e-01 -8.154191e-01
   outer loop
     vertex  1.600000e+01 -1.917509e+00  1.462405e+01
     vertex  0.000000e+00 -1.917509e+00  1.462405e+01
     vertex  0.000000e+00 -1.844799e+00  1.467567e+01
   endloop
 endfacet
 facet normal -6.865312e-20  5.788711e-01 -8.154191e-01
   outer loop
     vertex  1.600000e+01 -1.917509e+00  1.462405e+01
     vertex  0.000000e+00 -1.844799e+00  1.467567e+01
     vertex  1.600000e+01 -1.844799e+00  1.467567e+01
   endloop
 endfacet
 facet normal  0.000000e+00  6.010234e-01 -7.992314e-01
   outer loop
     vertex  1.600000e+01 -1.988776e+00  1.457046e+01
     vertex  0.000000e+00 -1.988776e+00  1.457046e+01
     vertex  0.000000e+00 -1.917509e+00  1.462405e+01
   endloop
 endfacet
 facet normal  0.000000e+00  6.227234e-01 -7.824421e-01
   outer loop
     vertex  1.600000e+01 -1.988776e+00  1.457046e+01
     vertex  0.000000e+00 -2.058545e+00  1.451493e+01
     vertex  0.000000e+00 -1.988776e+00  1.457046e+01
   endloop
 endfacet
 facet normal  5.254419e-20  6.010234e-01 -7.992314e-01
   outer loop
     vertex  1.600000e+01 -1.988776e+00  1.457046e+01
     vertex  0.000000e+00 -1.917509e+00  1.462405e+01
     vertex  1.600000e+01 -1.917509e+00  1.462405e+01
   endloop
 endfacet
 facet normal  0.000000e+00  6.227234e-01 -7.824421e-01
   outer loop
     vertex  1.600000e+01 -2.058545e+00  1.451493e+01
     vertex  0.000000e+00 -2.058545e+00  1.451493e+01
     vertex  1.600000e+01 -1.988776e+00  1.457046e+01
   endloop
 endfacet
 facet normal  0.000000e+00  6.439545e-01 -7.650637e-01
   outer loop
     vertex  1.600000e+01 -2.126765e+00  1.445751e+01
     vertex  0.000000e+00 -2.126765e+00  1.445751e+01
     vertex  0.000000e+00 -2.058545e+00  1.451493e+01
   endloop
 endfacet
 facet normal  1.473094e-19  6.439545e-01 -7.650637e-01
   outer loop
     vertex  1.600000e+01 -2.126765e+00  1.445751e+01
     vertex  0.000000e+00 -2.058545e+00  1.451493e+01
     vertex  1.600000e+01 -2.058545e+00  1.451493e+01
   endloop
 endfacet
 facet normal  0.000000e+00  6.647010e-01 -7.471095e-01
   outer loop
     vertex  1.600000e+01 -2.193384e+00  1.439824e+01
     vertex  0.000000e+00 -2.193384e+00  1.439824e+01
     vertex  0.000000e+00 -2.126765e+00  1.445751e+01
   endloop
 endfacet
 facet normal -2.881522e-19  6.647010e-01 -7.471095e-01
   outer loop
     vertex  1.600000e+01 -2.193384e+00  1.439824e+01
     vertex  0.000000e+00 -2.126765e+00  1.445751e+01
     vertex  1.600000e+01 -2.126765e+00  1.445751e+01
   endloop
 endfacet
 facet normal  0.000000e+00  6.849470e-01 -7.285929e-01
   outer loop
     vertex  1.600000e+01 -2.258352e+00  1.433717e+01
     vertex  0.000000e+00 -2.258352e+00  1.433717e+01
     vertex  0.000000e+00 -2.193384e+00  1.439824e+01
   endloop
 endfacet
 facet normal -7.073003e-20  6.849470e-01 -7.285929e-01
   outer loop
     vertex  1.600000e+01 -2.258352e+00  1.433717e+01
     vertex  0.000000e+00 -2.193384e+00  1.439824e+01
     vertex  1.600000e+01 -2.193384e+00  1.439824e+01
   endloop
 endfacet
 facet normal  0.000000e+00  7.046775e-01 -7.095278e-01
   outer loop
     vertex  1.600000e+01 -2.321620e+00  1.427433e+01
     vertex  0.000000e+00 -2.321620e+00  1.427433e+01
     vertex  0.000000e+00 -2.258352e+00  1.433717e+01
   endloop
 endfacet
 facet normal  6.332216e-20  7.046775e-01 -7.095278e-01
   outer loop
     vertex  1.600000e+01 -2.321620e+00  1.427433e+01
     vertex  0.000000e+00 -2.258352e+00  1.433717e+01
     vertex  1.600000e+01 -2.258352e+00  1.433717e+01
   endloop
 endfacet
 facet normal  0.000000e+00  7.238775e-01 -6.899286e-01
   outer loop
     vertex  1.600000e+01 -2.383141e+00  1.420978e+01
     vertex  0.000000e+00 -2.383141e+00  1.420978e+01
     vertex  0.000000e+00 -2.321620e+00  1.427433e+01
   endloop
 endfacet
 facet normal -1.070893e-19  7.238775e-01 -6.899286e-01
   outer loop
     vertex  1.600000e+01 -2.383141e+00  1.420978e+01
     vertex  0.000000e+00 -2.321620e+00  1.427433e+01
     vertex  1.600000e+01 -2.321620e+00  1.427433e+01
   endloop
 endfacet
 facet normal  0.000000e+00  7.425325e-01 -6.698100e-01
   outer loop
     vertex  1.600000e+01 -2.442867e+00  1.414357e+01
     vertex  0.000000e+00 -2.442867e+00  1.414357e+01
     vertex  0.000000e+00 -2.383141e+00  1.420978e+01
   endloop
 endfacet
 facet normal -2.215108e-19  7.425325e-01 -6.698100e-01
   outer loop
     vertex  1.600000e+01 -2.442867e+00  1.414357e+01
     vertex  0.000000e+00 -2.383141e+00  1.420978e+01
     vertex  1.600000e+01 -2.383141e+00  1.420978e+01
   endloop
 endfacet
 facet normal  0.000000e+00  7.606287e-01 -6.491872e-01
   outer loop
     vertex  1.600000e+01 -2.500754e+00  1.407575e+01
     vertex  0.000000e+00 -2.500754e+00  1.407575e+01
     vertex  0.000000e+00 -2.442867e+00  1.414357e+01
   endloop
 endfacet
 facet normal -7.330606e-20  7.606287e-01 -6.491872e-01
   outer loop
     vertex  1.600000e+01 -2.500754e+00  1.407575e+01
     vertex  0.000000e+00 -2.442867e+00  1.414357e+01
     vertex  1.600000e+01 -2.442867e+00  1.414357e+01
   endloop
 endfacet
 facet normal  0.000000e+00  7.781522e-01 -6.280757e-01
   outer loop
     vertex  1.600000e+01 -2.556759e+00  1.400636e+01
     vertex  0.000000e+00 -2.556759e+00  1.400636e+01
     vertex  0.000000e+00 -2.500754e+00  1.407575e+01
   endloop
 endfacet
 facet normal  0.000000e+00  7.950900e-01 -6.064915e-01
   outer loop
     vertex  1.600000e+01 -2.556759e+00  1.400636e+01
     vertex  0.000000e+00 -2.610839e+00  1.393546e+01
     vertex  0.000000e+00 -2.556759e+00  1.400636e+01
   endloop
 endfacet
 facet normal  3.683942e-20  7.781522e-01 -6.280757e-01
   outer loop
     vertex  1.600000e+01 -2.556759e+00  1.400636e+01
     vertex  0.000000e+00 -2.500754e+00  1.407575e+01
     vertex  1.600000e+01 -2.500754e+00  1.407575e+01
   endloop
 endfacet
 facet normal  0.000000e+00  7.950900e-01 -6.064915e-01
   outer loop
     vertex  1.600000e+01 -2.610839e+00  1.393546e+01
     vertex  0.000000e+00 -2.610839e+00  1.393546e+01
     vertex  1.600000e+01 -2.556759e+00  1.400636e+01
   endloop
 endfacet
 facet normal -8.669188e-20  8.114292e-01 -5.844507e-01
   outer loop
     vertex  1.600000e+01 -2.662954e+00  1.386311e+01
     vertex  0.000000e+00 -2.610839e+00  1.393546e+01
     vertex  1.600000e+01 -2.610839e+00  1.393546e+01
   endloop
 endfacet
 facet normal  0.000000e+00  8.114292e-01 -5.844507e-01
   outer loop
     vertex  1.600000e+01 -2.662954e+00  1.386311e+01
     vertex  0.000000e+00 -2.662954e+00  1.386311e+01
     vertex  0.000000e+00 -2.610839e+00  1.393546e+01
   endloop
 endfacet
 facet normal  0.000000e+00  8.271577e-01 -5.619699e-01
   outer loop
     vertex  1.600000e+01 -2.713065e+00  1.378935e+01
     vertex  0.000000e+00 -2.713065e+00  1.378935e+01
     vertex  0.000000e+00 -2.662954e+00  1.386311e+01
   endloop
 endfacet
 facet normal -9.462403e-20  8.271577e-01 -5.619699e-01
   outer loop
     vertex  1.600000e+01 -2.713065e+00  1.378935e+01
     vertex  0.000000e+00 -2.662954e+00  1.386311e+01
     vertex  1.600000e+01 -2.662954e+00  1.386311e+01
   endloop
 endfacet
 facet normal -4.133829e-20  8.422635e-01 -5.390661e-01
   outer loop
     vertex  1.600000e+01 -2.761133e+00  1.371425e+01
     vertex  0.000000e+00 -2.713065e+00  1.378935e+01
     vertex  1.600000e+01 -2.713065e+00  1.378935e+01
   endloop
 endfacet
 facet normal  0.000000e+00  8.422635e-01 -5.390661e-01
   outer loop
     vertex  1.600000e+01 -2.761133e+00  1.371425e+01
     vertex  0.000000e+00 -2.761133e+00  1.371425e+01
     vertex  0.000000e+00 -2.713065e+00  1.378935e+01
   endloop
 endfacet
 facet normal  1.012957e-19  8.567352e-01 -5.157565e-01
   outer loop
     vertex  1.600000e+01 -2.807122e+00  1.363785e+01
     vertex  0.000000e+00 -2.761133e+00  1.371425e+01
     vertex  1.600000e+01 -2.761133e+00  1.371425e+01
   endloop
 endfacet
 facet normal  0.000000e+00  8.567352e-01 -5.157565e-01
   outer loop
     vertex  1.600000e+01 -2.807122e+00  1.363785e+01
     vertex  0.000000e+00 -2.807122e+00  1.363785e+01
     vertex  0.000000e+00 -2.761133e+00  1.371425e+01
   endloop
 endfacet
 facet normal  1.071628e-19  8.705620e-01 -4.920587e-01
   outer loop
     vertex  1.600000e+01 -2.850999e+00  1.356023e+01
     vertex  0.000000e+00 -2.807122e+00  1.363785e+01
     vertex  1.600000e+01 -2.807122e+00  1.363785e+01
   endloop
 endfacet
 facet normal  0.000000e+00  8.705620e-01 -4.920587e-01
   outer loop
     vertex  1.600000e+01 -2.850999e+00  1.356023e+01
     vertex  0.000000e+00 -2.850999e+00  1.356023e+01
     vertex  0.000000e+00 -2.807122e+00  1.363785e+01
   endloop
 endfacet
 facet normal -8.903240e-20  8.837335e-01 -4.679904e-01
   outer loop
     vertex  1.600000e+01 -2.892729e+00  1.348142e+01
     vertex  0.000000e+00 -2.850999e+00  1.356023e+01
     vertex  1.600000e+01 -2.850999e+00  1.356023e+01
   endloop
 endfacet
 facet normal  0.000000e+00  8.837335e-01 -4.679904e-01
   outer loop
     vertex  1.600000e+01 -2.892729e+00  1.348142e+01
     vertex  0.000000e+00 -2.892729e+00  1.348142e+01
     vertex  0.000000e+00 -2.850999e+00  1.356023e+01
   endloop
 endfacet
 facet normal  1.130734e-19  8.962398e-01 -4.435699e-01
   outer loop
     vertex  1.600000e+01 -2.932282e+00  1.340151e+01
     vertex  0.000000e+00 -2.892729e+00  1.348142e+01
     vertex  1.600000e+01 -2.892729e+00  1.348142e+01
   endloop
 endfacet
 facet normal  0.000000e+00  8.962398e-01 -4.435699e-01
   outer loop
     vertex  1.600000e+01 -2.932282e+00  1.340151e+01
     vertex  0.000000e+00 -2.932282e+00  1.340151e+01
     vertex  0.000000e+00 -2.892729e+00  1.348142e+01
   endloop
 endfacet
 facet normal  0.000000e+00  9.080714e-01 -4.188155e-01
   outer loop
     vertex  1.600000e+01 -2.932282e+00  1.340151e+01
     vertex  0.000000e+00 -2.969627e+00  1.332054e+01
     vertex  0.000000e+00 -2.932282e+00  1.340151e+01
   endloop
 endfacet
 facet normal  0.000000e+00  9.080714e-01 -4.188155e-01
   outer loop
     vertex  1.600000e+01 -2.969627e+00  1.332054e+01
     vertex  0.000000e+00 -2.969627e+00  1.332054e+01
     vertex  1.600000e+01 -2.932282e+00  1.340151e+01
   endloop
 endfacet
 facet normal -1.398984e-19  9.192194e-01 -3.937458e-01
   outer loop
     vertex  1.600000e+01 -3.004737e+00  1.323857e+01
     vertex  0.000000e+00 -2.969627e+00  1.332054e+01
     vertex  1.600000e+01 -2.969627e+00  1.332054e+01
   endloop
 endfacet
 facet normal  0.000000e+00  9.192194e-01 -3.937458e-01
   outer loop
     vertex  1.600000e+01 -3.004737e+00  1.323857e+01
     vertex  0.000000e+00 -3.004737e+00  1.323857e+01
     vertex  0.000000e+00 -2.969627e+00  1.332054e+01
   endloop
 endfacet
 facet normal  2.786491e-20  9.296754e-01 -3.683796e-01
   outer loop
     vertex  1.600000e+01 -3.037585e+00  1.315567e+01
     vertex  0.000000e+00 -3.004737e+00  1.323857e+01
     vertex  1.600000e+01 -3.004737e+00  1.323857e+01
   endloop
 endfacet
 facet normal  0.000000e+00  9.296754e-01 -3.683796e-01
   outer loop
     vertex  1.600000e+01 -3.037585e+00  1.315567e+01
     vertex  0.000000e+00 -3.037585e+00  1.315567e+01
     vertex  0.000000e+00 -3.004737e+00  1.323857e+01
   endloop
 endfacet
 facet normal  0.000000e+00  9.394317e-01 -3.427362e-01
   outer loop
     vertex  1.600000e+01 -3.037585e+00  1.315567e+01
     vertex  0.000000e+00 -3.068146e+00  1.307190e+01
     vertex  0.000000e+00 -3.037585e+00  1.315567e+01
   endloop
 endfacet
 facet normal  0.000000e+00  9.394317e-01 -3.427362e-01
   outer loop
     vertex  1.600000e+01 -3.068146e+00  1.307190e+01
     vertex  0.000000e+00 -3.068146e+00  1.307190e+01
     vertex  1.600000e+01 -3.037585e+00  1.315567e+01
   endloop
 endfacet
 facet normal  0.000000e+00  9.484807e-01 -3.168348e-01
   outer loop
     vertex  1.600000e+01 -3.068146e+00  1.307190e+01
     vertex  0.000000e+00 -3.096398e+00  1.298733e+01
     vertex  0.000000e+00 -3.068146e+00  1.307190e+01
   endloop
 endfacet
 facet normal  0.000000e+00  9.484807e-01 -3.168348e-01
   outer loop
     vertex  1.600000e+01 -3.096398e+00  1.298733e+01
     vertex  0.000000e+00 -3.096398e+00  1.298733e+01
     vertex  1.600000e+01 -3.068146e+00  1.307190e+01
   endloop
 endfacet
 facet normal -1.059359e-19  9.568158e-01 -2.906949e-01
   outer loop
     vertex  1.600000e+01 -3.122319e+00  1.290201e+01
     vertex  0.000000e+00 -3.096398e+00  1.298733e+01
     vertex  1.600000e+01 -3.096398e+00  1.298733e+01
   endloop
 endfacet
 facet normal  0.000000e+00  9.568158e-01 -2.906949e-01
   outer loop
     vertex  1.600000e+01 -3.122319e+00  1.290201e+01
     vertex  0.000000e+00 -3.122319e+00  1.290201e+01
     vertex  0.000000e+00 -3.096398e+00  1.298733e+01
   endloop
 endfacet
 facet normal -5.942644e-20  9.644306e-01 -2.643362e-01
   outer loop
     vertex  1.600000e+01 -3.145890e+00  1.281601e+01
     vertex  0.000000e+00 -3.122319e+00  1.290201e+01
     vertex  1.600000e+01 -3.122319e+00  1.290201e+01
   endloop
 endfacet
 facet normal  0.000000e+00  9.644306e-01 -2.643362e-01
   outer loop
     vertex  1.600000e+01 -3.145890e+00  1.281601e+01
     vertex  0.000000e+00 -3.145890e+00  1.281601e+01
     vertex  0.000000e+00 -3.122319e+00  1.290201e+01
   endloop
 endfacet
 facet normal -1.201734e-20  9.713194e-01 -2.377784e-01
   outer loop
     vertex  1.600000e+01 -3.167092e+00  1.272940e+01
     vertex  0.000000e+00 -3.145890e+00  1.281601e+01
     vertex  1.600000e+01 -3.145890e+00  1.281601e+01
   endloop
 endfacet
 facet normal  0.000000e+00  9.713194e-01 -2.377784e-01
   outer loop
     vertex  1.600000e+01 -3.167092e+00  1.272940e+01
     vertex  0.000000e+00 -3.167092e+00  1.272940e+01
     vertex  0.000000e+00 -3.145890e+00  1.281601e+01
   endloop
 endfacet
 facet normal -1.393193e-20  9.774771e-01 -2.110417e-01
   outer loop
     vertex  1.600000e+01 -3.185911e+00  1.264224e+01
     vertex  0.000000e+00 -3.167092e+00  1.272940e+01
     vertex  1.600000e+01 -3.167092e+00  1.272940e+01
   endloop
 endfacet
 facet normal  0.000000e+00  9.774771e-01 -2.110417e-01
   outer loop
     vertex  1.600000e+01 -3.185911e+00  1.264224e+01
     vertex  0.000000e+00 -3.185911e+00  1.264224e+01
     vertex  0.000000e+00 -3.167092e+00  1.272940e+01
   endloop
 endfacet
 facet normal -7.538717e-20  9.828989e-01 -1.841461e-01
   outer loop
     vertex  1.600000e+01 -3.202331e+00  1.255460e+01
     vertex  0.000000e+00 -3.185911e+00  1.264224e+01
     vertex  1.600000e+01 -3.185911e+00  1.264224e+01
   endloop
 endfacet
 facet normal  0.000000e+00  9.828989e-01 -1.841461e-01
   outer loop
     vertex  1.600000e+01 -3.202331e+00  1.255460e+01
     vertex  0.000000e+00 -3.202331e+00  1.255460e+01
     vertex  0.000000e+00 -3.185911e+00  1.264224e+01
   endloop
 endfacet
 facet normal -8.127391e-21  9.875808e-01 -1.571119e-01
   outer loop
     vertex  1.600000e+01 -3.216340e+00  1.246653e+01
     vertex  0.000000e+00 -3.202331e+00  1.255460e+01
     vertex  1.600000e+01 -3.202331e+00  1.255460e+01
   endloop
 endfacet
 facet normal  0.000000e+00  9.875808e-01 -1.571119e-01
   outer loop
     vertex  1.600000e+01 -3.216340e+00  1.246653e+01
     vertex  0.000000e+00 -3.216340e+00  1.246653e+01
     vertex  0.000000e+00 -3.202331e+00  1.255460e+01
   endloop
 endfacet
 facet normal  7.224306e-20  9.915193e-01 -1.299594e-01
   outer loop
     vertex  1.600000e+01 -3.227929e+00  1.237812e+01
     vertex  0.000000e+00 -3.216340e+00  1.246653e+01
     vertex  1.600000e+01 -3.216340e+00  1.246653e+01
   endloop
 endfacet
 facet normal  0.000000e+00  9.915193e-01 -1.299594e-01
   outer loop
     vertex  1.600000e+01 -3.227929e+00  1.237812e+01
     vertex  0.000000e+00 -3.227929e+00  1.237812e+01
     vertex  0.000000e+00 -3.216340e+00  1.246653e+01
   endloop
 endfacet
 facet normal  0.000000e+00  9.947114e-01 -1.027091e-01
   outer loop
     vertex  1.600000e+01 -3.227929e+00  1.237812e+01
     vertex  0.000000e+00 -3.237087e+00  1.228942e+01
     vertex  0.000000e+00 -3.227929e+00  1.237812e+01
   endloop
 endfacet
 facet normal  0.000000e+00  9.947114e-01 -1.027091e-01
   outer loop
     vertex  1.600000e+01 -3.237087e+00  1.228942e+01
     vertex  0.000000e+00 -3.237087e+00  1.228942e+01
     vertex  1.600000e+01 -3.227929e+00  1.237812e+01
   endloop
 endfacet
 facet normal -3.706286e-20  9.971548e-01 -7.538152e-02
   outer loop
     vertex  1.600000e+01 -3.243809e+00  1.220051e+01
     vertex  0.000000e+00 -3.237087e+00  1.228942e+01
     vertex  1.600000e+01 -3.237087e+00  1.228942e+01
   endloop
 endfacet
 facet normal  0.000000e+00  9.971548e-01 -7.538152e-02
   outer loop
     vertex  1.600000e+01 -3.243809e+00  1.220051e+01
     vertex  0.000000e+00 -3.243809e+00  1.220051e+01
     vertex  0.000000e+00 -3.237087e+00  1.228942e+01
   endloop
 endfacet
 facet normal  0.000000e+00  9.988475e-01 -4.799716e-02
   outer loop
     vertex  1.600000e+01 -3.248089e+00  1.211144e+01
     vertex  0.000000e+00 -3.248089e+00  1.211144e+01
     vertex  0.000000e+00 -3.243809e+00  1.220051e+01
   endloop
 endfacet
 facet normal  6.069063e-21  9.988475e-01 -4.799716e-02
   outer loop
     vertex  1.600000e+01 -3.248089e+00  1.211144e+01
     vertex  0.000000e+00 -3.243809e+00  1.220051e+01
     vertex  1.600000e+01 -3.243809e+00  1.220051e+01
   endloop
 endfacet
 facet normal  0.000000e+00  9.997883e-01 -2.057667e-02
   outer loop
     vertex  1.600000e+01 -3.249924e+00  1.202229e+01
     vertex  0.000000e+00 -3.249924e+00  1.202229e+01
     vertex  0.000000e+00 -3.248089e+00  1.211144e+01
   endloop
 endfacet
 facet normal  5.489671e-21  9.997883e-01 -2.057667e-02
   outer loop
     vertex  1.600000e+01 -3.249924e+00  1.202229e+01
     vertex  0.000000e+00 -3.248089e+00  1.211144e+01
     vertex  1.600000e+01 -3.248089e+00  1.211144e+01
   endloop
 endfacet
 facet normal  0.000000e+00  9.999765e-01  6.859319e-03
   outer loop
     vertex  1.600000e+01 -3.249312e+00  1.193313e+01
     vertex  0.000000e+00 -3.249312e+00  1.193313e+01
     vertex  0.000000e+00 -3.249924e+00  1.202229e+01
   endloop
 endfacet
 facet normal  0.000000e+00  9.994119e-01  3.429014e-02
   outer loop
     vertex  1.600000e+01 -3.249312e+00  1.193313e+01
     vertex  0.000000e+00 -3.246254e+00  1.184401e+01
     vertex  0.000000e+00 -3.249312e+00  1.193313e+01
   endloop
 endfacet
 facet normal  1.526959e-22  9.999765e-01  6.859319e-03
   outer loop
     vertex  1.600000e+01 -3.249312e+00  1.193313e+01
     vertex  0.000000e+00 -3.249924e+00  1.202229e+01
     vertex  1.600000e+01 -3.249924e+00  1.202229e+01
   endloop
 endfacet
 facet normal  0.000000e+00  9.994119e-01  3.429014e-02
   outer loop
     vertex  1.600000e+01 -3.246254e+00  1.184401e+01
     vertex  0.000000e+00 -3.246254e+00  1.184401e+01
     vertex  1.600000e+01 -3.249312e+00  1.193313e+01
   endloop
 endfacet
 facet normal  0.000000e+00  9.980950e-01  6.169515e-02
   outer loop
     vertex  1.600000e+01 -3.240753e+00  1.175501e+01
     vertex  0.000000e+00 -3.240753e+00  1.175501e+01
     vertex  0.000000e+00 -3.246254e+00  1.184401e+01
   endloop
 endfacet
 facet normal -1.139441e-20  9.980950e-01  6.169515e-02
   outer loop
     vertex  1.600000e+01 -3.240753e+00  1.175501e+01
     vertex  0.000000e+00 -3.246254e+00  1.184401e+01
     vertex  1.600000e+01 -3.246254e+00  1.184401e+01
   endloop
 endfacet
 facet normal -4.085191e-21  9.960268e-01  8.905371e-02
   outer loop
     vertex  1.600000e+01 -3.232812e+00  1.166620e+01
     vertex  0.000000e+00 -3.240753e+00  1.175501e+01
     vertex  1.600000e+01 -3.240753e+00  1.175501e+01
   endloop
 endfacet
 facet normal  0.000000e+00  9.960268e-01  8.905371e-02
   outer loop
     vertex  1.600000e+01 -3.232812e+00  1.166620e+01
     vertex  0.000000e+00 -3.232812e+00  1.166620e+01
     vertex  0.000000e+00 -3.240753e+00  1.175501e+01
   endloop
 endfacet
 facet normal  1.365760e-20  9.932088e-01  1.163452e-01
   outer loop
     vertex  1.600000e+01 -3.222438e+00  1.157763e+01
     vertex  0.000000e+00 -3.232812e+00  1.166620e+01
     vertex  1.600000e+01 -3.232812e+00  1.166620e+01
   endloop
 endfacet
 facet normal  0.000000e+00  9.932088e-01  1.163452e-01
   outer loop
     vertex  1.600000e+01 -3.222438e+00  1.157763e+01
     vertex  0.000000e+00 -3.222438e+00  1.157763e+01
     vertex  0.000000e+00 -3.232812e+00  1.166620e+01
   endloop
 endfacet
 facet normal -4.971757e-20  9.896432e-01  1.435492e-01
   outer loop
     vertex  1.600000e+01 -3.209638e+00  1.148939e+01
     vertex  0.000000e+00 -3.222438e+00  1.157763e+01
     vertex  1.600000e+01 -3.222438e+00  1.157763e+01
   endloop
 endfacet
 facet normal  0.000000e+00  9.896432e-01  1.435492e-01
   outer loop
     vertex  1.600000e+01 -3.209638e+00  1.148939e+01
     vertex  0.000000e+00 -3.209638e+00  1.148939e+01
     vertex  0.000000e+00 -3.222438e+00  1.157763e+01
   endloop
 endfacet
 facet normal -1.469891e-20  9.853326e-01  1.706451e-01
   outer loop
     vertex  1.600000e+01 -3.194421e+00  1.140153e+01
     vertex  0.000000e+00 -3.209638e+00  1.148939e+01
     vertex  1.600000e+01 -3.209638e+00  1.148939e+01
   endloop
 endfacet
 facet normal  0.000000e+00  9.853326e-01  1.706451e-01
   outer loop
     vertex  1.600000e+01 -3.194421e+00  1.140153e+01
     vertex  0.000000e+00 -3.194421e+00  1.140153e+01
     vertex  0.000000e+00 -3.209638e+00  1.148939e+01
   endloop
 endfacet
 facet normal  0.000000e+00  9.802802e-01  1.976125e-01
   outer loop
     vertex  1.600000e+01 -3.194421e+00  1.140153e+01
     vertex  0.000000e+00 -3.176800e+00  1.131411e+01
     vertex  0.000000e+00 -3.194421e+00  1.140153e+01
   endloop
 endfacet
 facet normal  0.000000e+00  9.802802e-01  1.976125e-01
   outer loop
     vertex  1.600000e+01 -3.176800e+00  1.131411e+01
     vertex  0.000000e+00 -3.176800e+00  1.131411e+01
     vertex  1.600000e+01 -3.194421e+00  1.140153e+01
   endloop
 endfacet
 facet normal -3.389278e-20  9.744899e-01  2.244312e-01
   outer loop
     vertex  1.600000e+01 -3.156788e+00  1.122722e+01
     vertex  0.000000e+00 -3.176800e+00  1.131411e+01
     vertex  1.600000e+01 -3.176800e+00  1.131411e+01
   endloop
 endfacet
 facet normal  0.000000e+00  9.744899e-01  2.244312e-01
   outer loop
     vertex  1.600000e+01 -3.156788e+00  1.122722e+01
     vertex  0.000000e+00 -3.156788e+00  1.122722e+01
     vertex  0.000000e+00 -3.176800e+00  1.131411e+01
   endloop
 endfacet
 facet normal -2.885236e-20  9.679661e-01  2.510809e-01
   outer loop
     vertex  1.600000e+01 -3.134399e+00  1.114091e+01
     vertex  0.000000e+00 -3.156788e+00  1.122722e+01
     vertex  1.600000e+01 -3.156788e+00  1.122722e+01
   endloop
 endfacet
 facet normal  0.000000e+00  9.679661e-01  2.510809e-01
   outer loop
     vertex  1.600000e+01 -3.134399e+00  1.114091e+01
     vertex  0.000000e+00 -3.134399e+00  1.114091e+01
     vertex  0.000000e+00 -3.156788e+00  1.122722e+01
   endloop
 endfacet
 facet normal -6.939754e-20  9.607136e-01  2.775416e-01
   outer loop
     vertex  1.600000e+01 -3.109651e+00  1.105524e+01
     vertex  0.000000e+00 -3.134399e+00  1.114091e+01
     vertex  1.600000e+01 -3.134399e+00  1.114091e+01
   endloop
 endfacet
 facet normal  0.000000e+00  9.607136e-01  2.775416e-01
   outer loop
     vertex  1.600000e+01 -3.109651e+00  1.105524e+01
     vertex  0.000000e+00 -3.109651e+00  1.105524e+01
     vertex  0.000000e+00 -3.134399e+00  1.114091e+01
   endloop
 endfacet
 facet normal -1.123669e-19  9.527379e-01  3.037934e-01
   outer loop
     vertex  1.600000e+01 -3.082562e+00  1.097029e+01
     vertex  0.000000e+00 -3.109651e+00  1.105524e+01
     vertex  1.600000e+01 -3.109651e+00  1.105524e+01
   endloop
 endfacet
 facet normal  0.000000e+00  9.527379e-01  3.037934e-01
   outer loop
     vertex  1.600000e+01 -3.082562e+00  1.097029e+01
     vertex  0.000000e+00 -3.082562e+00  1.097029e+01
     vertex  0.000000e+00 -3.109651e+00  1.105524e+01
   endloop
 endfacet
 facet normal  7.557556e-20  9.440450e-01  3.298166e-01
   outer loop
     vertex  1.600000e+01 -3.053153e+00  1.088611e+01
     vertex  0.000000e+00 -3.082562e+00  1.097029e+01
     vertex  1.600000e+01 -3.082562e+00  1.097029e+01
   endloop
 endfacet
 facet normal  0.000000e+00  9.440450e-01  3.298166e-01
   outer loop
     vertex  1.600000e+01 -3.053153e+00  1.088611e+01
     vertex  0.000000e+00 -3.053153e+00  1.088611e+01
     vertex  0.000000e+00 -3.082562e+00  1.097029e+01
   endloop
 endfacet
 facet normal  0.000000e+00  9.245344e-01  3.810986e-01
   outer loop
     vertex  1.600000e+01 -3.021445e+00  1.080277e+01
     vertex  0.000000e+00 -2.987463e+00  1.072033e+01
     vertex  0.000000e+00 -3.021445e+00  1.080277e+01
   endloop
 endfacet
 facet normal  1.318928e-19  9.346415e-01  3.555914e-01
   outer loop
     vertex  1.600000e+01 -3.021445e+00  1.080277e+01
     vertex  0.000000e+00 -3.053153e+00  1.088611e+01
     vertex  1.600000e+01 -3.053153e+00  1.088611e+01
   endloop
 endfacet
 facet normal  0.000000e+00  9.346415e-01  3.555914e-01
   outer loop
     vertex  1.600000e+01 -3.021445e+00  1.080277e+01
     vertex  0.000000e+00 -3.021445e+00  1.080277e+01
     vertex  0.000000e+00 -3.053153e+00  1.088611e+01
   endloop
 endfacet
 facet normal  0.000000e+00  9.245344e-01  3.810986e-01
   outer loop
     vertex  1.600000e+01 -2.987463e+00  1.072033e+01
     vertex  0.000000e+00 -2.987463e+00  1.072033e+01
     vertex  1.600000e+01 -3.021445e+00  1.080277e+01
   endloop
 endfacet
 facet normal  0.000000e+00  9.137314e-01  4.063188e-01
   outer loop
     vertex  1.600000e+01 -2.951232e+00  1.063885e+01
     vertex  0.000000e+00 -2.951232e+00  1.063885e+01
     vertex  0.000000e+00 -2.987463e+00  1.072033e+01
   endloop
 endfacet
 facet normal  6.005440e-20  9.137314e-01  4.063188e-01
   outer loop
     vertex  1.600000e+01 -2.951232e+00  1.063885e+01
     vertex  0.000000e+00 -2.987463e+00  1.072033e+01
     vertex  1.600000e+01 -2.987463e+00  1.072033e+01
   endloop
 endfacet
 facet normal  0.000000e+00  9.022405e-01  4.312333e-01
   outer loop
     vertex  1.600000e+01 -2.912779e+00  1.055840e+01
     vertex  0.000000e+00 -2.912779e+00  1.055840e+01
     vertex  0.000000e+00 -2.951232e+00  1.063885e+01
   endloop
 endfacet
 facet normal  1.979045e-20  9.022405e-01  4.312333e-01
   outer loop
     vertex  1.600000e+01 -2.912779e+00  1.055840e+01
     vertex  0.000000e+00 -2.951232e+00  1.063885e+01
     vertex  1.600000e+01 -2.951232e+00  1.063885e+01
   endloop
 endfacet
 facet normal  0.000000e+00  8.900704e-01  4.558231e-01
   outer loop
     vertex  1.600000e+01 -2.872134e+00  1.047903e+01
     vertex  0.000000e+00 -2.872134e+00  1.047903e+01
     vertex  0.000000e+00 -2.912779e+00  1.055840e+01
   endloop
 endfacet
 facet normal  0.000000e+00  8.772303e-01  4.800697e-01
   outer loop
     vertex  1.600000e+01 -2.872134e+00  1.047903e+01
     vertex  0.000000e+00 -2.829327e+00  1.040081e+01
     vertex  0.000000e+00 -2.872134e+00  1.047903e+01
   endloop
 endfacet
 facet normal  1.672221e-20  8.900704e-01  4.558231e-01
   outer loop
     vertex  1.600000e+01 -2.872134e+00  1.047903e+01
     vertex  0.000000e+00 -2.912779e+00  1.055840e+01
     vertex  1.600000e+01 -2.912779e+00  1.055840e+01
   endloop
 endfacet
 facet normal  0.000000e+00  8.637299e-01  5.039550e-01
   outer loop
     vertex  1.600000e+01 -2.829327e+00  1.040081e+01
     vertex  0.000000e+00 -2.784389e+00  1.032379e+01
     vertex  0.000000e+00 -2.829327e+00  1.040081e+01
   endloop
 endfacet
 facet normal  0.000000e+00  8.772303e-01  4.800697e-01
   outer loop
     vertex  1.600000e+01 -2.829327e+00  1.040081e+01
     vertex  0.000000e+00 -2.829327e+00  1.040081e+01
     vertex  1.600000e+01 -2.872134e+00  1.047903e+01
   endloop
 endfacet
 facet normal  0.000000e+00  8.637299e-01  5.039550e-01
   outer loop
     vertex  1.600000e+01 -2.784389e+00  1.032379e+01
     vertex  0.000000e+00 -2.784389e+00  1.032379e+01
     vertex  1.600000e+01 -2.829327e+00  1.040081e+01
   endloop
 endfacet
 facet normal  0.000000e+00  8.495793e-01  5.274609e-01
   outer loop
     vertex  1.600000e+01 -2.737356e+00  1.024804e+01
     vertex  0.000000e+00 -2.737356e+00  1.024804e+01
     vertex  0.000000e+00 -2.784389e+00  1.032379e+01
   endloop
 endfacet
 facet normal -6.991714e-20  8.495793e-01  5.274609e-01
   outer loop
     vertex  1.600000e+01 -2.737356e+00  1.024804e+01
     vertex  0.000000e+00 -2.784389e+00  1.032379e+01
     vertex  1.600000e+01 -2.784389e+00  1.032379e+01
   endloop
 endfacet
 facet normal  0.000000e+00  8.347891e-01  5.505698e-01
   outer loop
     vertex  1.600000e+01 -2.688262e+00  1.017360e+01
     vertex  0.000000e+00 -2.688262e+00  1.017360e+01
     vertex  0.000000e+00 -2.737356e+00  1.024804e+01
   endloop
 endfacet
 facet normal  9.686649e-21  8.347891e-01  5.505698e-01
   outer loop
     vertex  1.600000e+01 -2.688262e+00  1.017360e+01
     vertex  0.000000e+00 -2.737356e+00  1.024804e+01
     vertex  1.600000e+01 -2.737356e+00  1.024804e+01
   endloop
 endfacet
 facet normal  0.000000e+00  8.193706e-01  5.732642e-01
   outer loop
     vertex  1.600000e+01 -2.637145e+00  1.010054e+01
     vertex  0.000000e+00 -2.637145e+00  1.010054e+01
     vertex  0.000000e+00 -2.688262e+00  1.017360e+01
   endloop
 endfacet
 facet normal -1.212176e-22  8.193706e-01  5.732642e-01
   outer loop
     vertex  1.600000e+01 -2.637145e+00  1.010054e+01
     vertex  0.000000e+00 -2.688262e+00  1.017360e+01
     vertex  1.600000e+01 -2.688262e+00  1.017360e+01
   endloop
 endfacet
 facet normal  0.000000e+00  8.033352e-01  5.955271e-01
   outer loop
     vertex  1.600000e+01 -2.584042e+00  1.002890e+01
     vertex  0.000000e+00 -2.584042e+00  1.002890e+01
     vertex  0.000000e+00 -2.637145e+00  1.010054e+01
   endloop
 endfacet
 facet normal -1.147775e-19  8.033352e-01  5.955271e-01
   outer loop
     vertex  1.600000e+01 -2.584042e+00  1.002890e+01
     vertex  0.000000e+00 -2.637145e+00  1.010054e+01
     vertex  1.600000e+01 -2.637145e+00  1.010054e+01
   endloop
 endfacet
 facet normal  0.000000e+00  7.866951e-01  6.173417e-01
   outer loop
     vertex  1.600000e+01 -2.528995e+00  9.958754e+00
     vertex  0.000000e+00 -2.528995e+00  9.958754e+00
     vertex  0.000000e+00 -2.584042e+00  1.002890e+01
   endloop
 endfacet
 facet normal -1.132352e-19  7.866951e-01  6.173417e-01
   outer loop
     vertex  1.600000e+01 -2.528995e+00  9.958754e+00
     vertex  0.000000e+00 -2.584042e+00  1.002890e+01
     vertex  1.600000e+01 -2.584042e+00  1.002890e+01
   endloop
 endfacet
 facet normal  0.000000e+00  7.694628e-01  6.386916e-01
   outer loop
     vertex  1.600000e+01 -2.472043e+00  9.890142e+00
     vertex  0.000000e+00 -2.472043e+00  9.890142e+00
     vertex  0.000000e+00 -2.528995e+00  9.958754e+00
   endloop
 endfacet
 facet normal  0.000000e+00  7.516513e-01  6.595607e-01
   outer loop
     vertex  1.600000e+01 -2.472043e+00  9.890142e+00
     vertex  0.000000e+00 -2.413231e+00  9.823118e+00
     vertex  0.000000e+00 -2.472043e+00  9.890142e+00
   endloop
 endfacet
 facet normal  1.501582e-19  7.694628e-01  6.386916e-01
   outer loop
     vertex  1.600000e+01 -2.472043e+00  9.890142e+00
     vertex  0.000000e+00 -2.528995e+00  9.958754e+00
     vertex  1.600000e+01 -2.528995e+00  9.958754e+00
   endloop
 endfacet
 facet normal  0.000000e+00  7.332740e-01  6.799333e-01
   outer loop
     vertex  1.600000e+01 -2.413231e+00  9.823118e+00
     vertex  0.000000e+00 -2.352602e+00  9.757732e+00
     vertex  0.000000e+00 -2.413231e+00  9.823118e+00
   endloop
 endfacet
 facet normal  0.000000e+00  7.516513e-01  6.595607e-01
   outer loop
     vertex  1.600000e+01 -2.413231e+00  9.823118e+00
     vertex  0.000000e+00 -2.413231e+00  9.823118e+00
     vertex  1.600000e+01 -2.472043e+00  9.890142e+00
   endloop
 endfacet
 facet normal  0.000000e+00  7.332740e-01  6.799333e-01
   outer loop
     vertex  1.600000e+01 -2.352602e+00  9.757732e+00
     vertex  0.000000e+00 -2.352602e+00  9.757732e+00
     vertex  1.600000e+01 -2.413231e+00  9.823118e+00
   endloop
 endfacet
 facet normal  0.000000e+00  7.143447e-01  6.997940e-01
   outer loop
     vertex  1.600000e+01 -2.290202e+00  9.694035e+00
     vertex  0.000000e+00 -2.290202e+00  9.694035e+00
     vertex  0.000000e+00 -2.352602e+00  9.757732e+00
   endloop
 endfacet
 facet normal -1.736226e-20  7.143447e-01  6.997940e-01
   outer loop
     vertex  1.600000e+01 -2.290202e+00  9.694035e+00
     vertex  0.000000e+00 -2.352602e+00  9.757732e+00
     vertex  1.600000e+01 -2.352602e+00  9.757732e+00
   endloop
 endfacet
 facet normal  1.711996e-19  6.948776e-01  7.191280e-01
   outer loop
     vertex  1.600000e+01 -2.226078e+00  9.632073e+00
     vertex  0.000000e+00 -2.290202e+00  9.694035e+00
     vertex  1.600000e+01 -2.290202e+00  9.694035e+00
   endloop
 endfacet
 facet normal  0.000000e+00  6.948776e-01  7.191280e-01
   outer loop
     vertex  1.600000e+01 -2.226078e+00  9.632073e+00
     vertex  0.000000e+00 -2.226078e+00  9.632073e+00
     vertex  0.000000e+00 -2.290202e+00  9.694035e+00
   endloop
 endfacet
 facet normal  2.816604e-19  6.748875e-01  7.379206e-01
   outer loop
     vertex  1.600000e+01 -2.160278e+00  9.571894e+00
     vertex  0.000000e+00 -2.226078e+00  9.632073e+00
     vertex  1.600000e+01 -2.226078e+00  9.632073e+00
   endloop
 endfacet
 facet normal  0.000000e+00  6.748875e-01  7.379206e-01
   outer loop
     vertex  1.600000e+01 -2.160278e+00  9.571894e+00
     vertex  0.000000e+00 -2.160278e+00  9.571894e+00
     vertex  0.000000e+00 -2.226078e+00  9.632073e+00
   endloop
 endfacet
 facet normal  1.765284e-19  6.543893e-01  7.561578e-01
   outer loop
     vertex  1.600000e+01 -2.092852e+00  9.513543e+00
     vertex  0.000000e+00 -2.160278e+00  9.571894e+00
     vertex  1.600000e+01 -2.160278e+00  9.571894e+00
   endloop
 endfacet
 facet normal  0.000000e+00  6.543893e-01  7.561578e-01
   outer loop
     vertex  1.600000e+01 -2.092852e+00  9.513543e+00
     vertex  0.000000e+00 -2.092852e+00  9.513543e+00
     vertex  0.000000e+00 -2.160278e+00  9.571894e+00
   endloop
 endfacet
 facet normal  0.000000e+00  6.333986e-01  7.738257e-01
   outer loop
     vertex  1.600000e+01 -2.023851e+00  9.457063e+00
     vertex  0.000000e+00 -2.023851e+00  9.457063e+00
     vertex  0.000000e+00 -2.092852e+00  9.513543e+00
   endloop
 endfacet
 facet normal  8.332650e-20  6.333986e-01  7.738257e-01
   outer loop
     vertex  1.600000e+01 -2.023851e+00  9.457063e+00
     vertex  0.000000e+00 -2.092852e+00  9.513543e+00
     vertex  1.600000e+01 -2.092852e+00  9.513543e+00
   endloop
 endfacet
 facet normal  0.000000e+00  6.119310e-01  7.909112e-01
   outer loop
     vertex  1.600000e+01 -1.953326e+00  9.402498e+00
     vertex  0.000000e+00 -1.953326e+00  9.402498e+00
     vertex  0.000000e+00 -2.023851e+00  9.457063e+00
   endloop
 endfacet
 facet normal  1.192870e-19  6.119310e-01  7.909112e-01
   outer loop
     vertex  1.600000e+01 -1.953326e+00  9.402498e+00
     vertex  0.000000e+00 -2.023851e+00  9.457063e+00
     vertex  1.600000e+01 -2.023851e+00  9.457063e+00
   endloop
 endfacet
 facet normal  0.000000e+00  5.900028e-01  8.074012e-01
   outer loop
     vertex  1.600000e+01 -1.953326e+00  9.402498e+00
     vertex  0.000000e+00 -1.881331e+00  9.349888e+00
     vertex  0.000000e+00 -1.953326e+00  9.402498e+00
   endloop
 endfacet
 facet normal  0.000000e+00  5.900028e-01  8.074012e-01
   outer loop
     vertex  1.600000e+01 -1.881331e+00  9.349888e+00
     vertex  0.000000e+00 -1.881331e+00  9.349888e+00
     vertex  1.600000e+01 -1.953326e+00  9.402498e+00
   endloop
 endfacet
 facet normal  0.000000e+00  5.676304e-01  8.232835e-01
   outer loop
     vertex  1.600000e+01 -1.807920e+00  9.299273e+00
     vertex  0.000000e+00 -1.807920e+00  9.299273e+00
     vertex  0.000000e+00 -1.881331e+00  9.349888e+00
   endloop
 endfacet
 facet normal  1.435670e-19  5.676304e-01  8.232835e-01
   outer loop
     vertex  1.600000e+01 -1.807920e+00  9.299273e+00
     vertex  0.000000e+00 -1.881331e+00  9.349888e+00
     vertex  1.600000e+01 -1.881331e+00  9.349888e+00
   endloop
 endfacet
 facet normal  0.000000e+00  5.448308e-01  8.385460e-01
   outer loop
     vertex  1.600000e+01 -1.733147e+00  9.250691e+00
     vertex  0.000000e+00 -1.733147e+00  9.250691e+00
     vertex  0.000000e+00 -1.807920e+00  9.299273e+00
   endloop
 endfacet
 facet normal -3.384129e-20  5.448308e-01  8.385460e-01
   outer loop
     vertex  1.600000e+01 -1.733147e+00  9.250691e+00
     vertex  0.000000e+00 -1.807920e+00  9.299273e+00
     vertex  1.600000e+01 -1.807920e+00  9.299273e+00
   endloop
 endfacet
 facet normal  0.000000e+00  5.216210e-01  8.531773e-01
   outer loop
     vertex  1.600000e+01 -1.657070e+00  9.204178e+00
     vertex  0.000000e+00 -1.657070e+00  9.204178e+00
     vertex  0.000000e+00 -1.733147e+00  9.250691e+00
   endloop
 endfacet
 facet normal  6.917498e-20  5.216210e-01  8.531773e-01
   outer loop
     vertex  1.600000e+01 -1.657070e+00  9.204178e+00
     vertex  0.000000e+00 -1.733147e+00  9.250691e+00
     vertex  1.600000e+01 -1.733147e+00  9.250691e+00
   endloop
 endfacet
 facet normal  0.000000e+00  4.980186e-01  8.671664e-01
   outer loop
     vertex  1.600000e+01 -1.579746e+00  9.159771e+00
     vertex  0.000000e+00 -1.579746e+00  9.159771e+00
     vertex  0.000000e+00 -1.657070e+00  9.204178e+00
   endloop
 endfacet
 facet normal  0.000000e+00  4.740412e-01  8.805026e-01
   outer loop
     vertex  1.600000e+01 -1.579746e+00  9.159771e+00
     vertex  0.000000e+00 -1.501232e+00  9.117501e+00
     vertex  0.000000e+00 -1.579746e+00  9.159771e+00
   endloop
 endfacet
 facet normal  3.048711e-20  4.980186e-01  8.671664e-01
   outer loop
     vertex  1.600000e+01 -1.579746e+00  9.159771e+00
     vertex  0.000000e+00 -1.657070e+00  9.204178e+00
     vertex  1.600000e+01 -1.657070e+00  9.204178e+00
   endloop
 endfacet
 facet normal  0.000000e+00  4.740412e-01  8.805026e-01
   outer loop
     vertex  1.600000e+01 -1.501232e+00  9.117501e+00
     vertex  0.000000e+00 -1.501232e+00  9.117501e+00
     vertex  1.600000e+01 -1.579746e+00  9.159771e+00
   endloop
 endfacet
 facet normal  0.000000e+00  4.497071e-01  8.931761e-01
   outer loop
     vertex  1.600000e+01 -1.421589e+00  9.077401e+00
     vertex  0.000000e+00 -1.421589e+00  9.077401e+00
     vertex  0.000000e+00 -1.501232e+00  9.117501e+00
   endloop
 endfacet
 facet normal  1.280015e-19  4.497071e-01  8.931761e-01
   outer loop
     vertex  1.600000e+01 -1.421589e+00  9.077401e+00
     vertex  0.000000e+00 -1.501232e+00  9.117501e+00
     vertex  1.600000e+01 -1.501232e+00  9.117501e+00
   endloop
 endfacet
 facet normal  0.000000e+00  4.250344e-01  9.051772e-01
   outer loop
     vertex  1.600000e+01 -1.340875e+00  9.039501e+00
     vertex  0.000000e+00 -1.340875e+00  9.039501e+00
     vertex  0.000000e+00 -1.421589e+00  9.077401e+00
   endloop
 endfacet
 facet normal -1.295692e-19  4.250344e-01  9.051772e-01
   outer loop
     vertex  1.600000e+01 -1.340875e+00  9.039501e+00
     vertex  0.000000e+00 -1.421589e+00  9.077401e+00
     vertex  1.600000e+01 -1.421589e+00  9.077401e+00
   endloop
 endfacet
 facet normal  0.000000e+00  4.000417e-01  9.164969e-01
   outer loop
     vertex  1.600000e+01 -1.259152e+00  9.003830e+00
     vertex  0.000000e+00 -1.259152e+00  9.003830e+00
     vertex  0.000000e+00 -1.340875e+00  9.039501e+00
   endloop
 endfacet
 facet normal -5.299956e-20  4.000417e-01  9.164969e-01
   outer loop
     vertex  1.600000e+01 -1.259152e+00  9.003830e+00
     vertex  0.000000e+00 -1.340875e+00  9.039501e+00
     vertex  1.600000e+01 -1.340875e+00  9.039501e+00
   endloop
 endfacet
 facet normal  0.000000e+00  3.747479e-01  9.271267e-01
   outer loop
     vertex  1.600000e+01 -1.176481e+00  8.970414e+00
     vertex  0.000000e+00 -1.176481e+00  8.970414e+00
     vertex  0.000000e+00 -1.259152e+00  9.003830e+00
   endloop
 endfacet
 facet normal  7.081822e-20  3.747479e-01  9.271267e-01
   outer loop
     vertex  1.600000e+01 -1.176481e+00  8.970414e+00
     vertex  0.000000e+00 -1.259152e+00  9.003830e+00
     vertex  1.600000e+01 -1.259152e+00  9.003830e+00
   endloop
 endfacet
 facet normal  0.000000e+00  3.491720e-01  9.370586e-01
   outer loop
     vertex  1.600000e+01 -1.092924e+00  8.939278e+00
     vertex  0.000000e+00 -1.092924e+00  8.939278e+00
     vertex  0.000000e+00 -1.176481e+00  8.970414e+00
   endloop
 endfacet
 facet normal  0.000000e+00  3.233333e-01  9.462851e-01
   outer loop
     vertex  1.600000e+01 -1.092924e+00  8.939278e+00
     vertex  0.000000e+00 -1.008545e+00  8.910447e+00
     vertex  0.000000e+00 -1.092924e+00  8.939278e+00
   endloop
 endfacet
 facet normal -1.860097e-20  3.491720e-01  9.370586e-01
   outer loop
     vertex  1.600000e+01 -1.092924e+00  8.939278e+00
     vertex  0.000000e+00 -1.176481e+00  8.970414e+00
     vertex  1.600000e+01 -1.176481e+00  8.970414e+00
   endloop
 endfacet
 facet normal  0.000000e+00  3.233333e-01  9.462851e-01
   outer loop
     vertex  1.600000e+01 -1.008545e+00  8.910447e+00
     vertex  0.000000e+00 -1.008545e+00  8.910447e+00
     vertex  1.600000e+01 -1.092924e+00  8.939278e+00
   endloop
 endfacet
 facet normal  0.000000e+00  2.972512e-01  9.547993e-01
   outer loop
     vertex  1.600000e+01 -9.234061e-01  8.883941e+00
     vertex  0.000000e+00 -9.234061e-01  8.883941e+00
     vertex  0.000000e+00 -1.008545e+00  8.910447e+00
   endloop
 endfacet
 facet normal  7.132041e-20  2.972512e-01  9.547993e-01
   outer loop
     vertex  1.600000e+01 -9.234061e-01  8.883941e+00
     vertex  0.000000e+00 -1.008545e+00  8.910447e+00
     vertex  1.600000e+01 -1.008545e+00  8.910447e+00
   endloop
 endfacet
 facet normal  0.000000e+00  2.709453e-01  9.625948e-01
   outer loop
     vertex  1.600000e+01 -8.375725e-01  8.859781e+00
     vertex  0.000000e+00 -8.375725e-01  8.859781e+00
     vertex  0.000000e+00 -9.234061e-01  8.883941e+00
   endloop
 endfacet
 facet normal  4.633892e-20  2.709453e-01  9.625948e-01
   outer loop
     vertex  1.600000e+01 -8.375725e-01  8.859781e+00
     vertex  0.000000e+00 -9.234061e-01  8.883941e+00
     vertex  1.600000e+01 -9.234061e-01  8.883941e+00
   endloop
 endfacet
 facet normal  0.000000e+00  2.444354e-01  9.696656e-01
   outer loop
     vertex  1.600000e+01 -7.511083e-01  8.837985e+00
     vertex  0.000000e+00 -7.511083e-01  8.837985e+00
     vertex  0.000000e+00 -8.375725e-01  8.859781e+00
   endloop
 endfacet
 facet normal -4.942873e-20  2.444354e-01  9.696656e-01
   outer loop
     vertex  1.600000e+01 -7.511083e-01  8.837985e+00
     vertex  0.000000e+00 -8.375725e-01  8.859781e+00
     vertex  1.600000e+01 -8.375725e-01  8.859781e+00
   endloop
 endfacet
 facet normal  0.000000e+00  2.177416e-01  9.760065e-01
   outer loop
     vertex  1.600000e+01 -6.640787e-01  8.818570e+00
     vertex  0.000000e+00 -6.640787e-01  8.818570e+00
     vertex  0.000000e+00 -7.511083e-01  8.837985e+00
   endloop
 endfacet
 facet normal  0.000000e+00  1.908838e-01  9.816126e-01
   outer loop
     vertex  1.600000e+01 -6.640787e-01  8.818570e+00
     vertex  0.000000e+00 -5.765493e-01  8.801549e+00
     vertex  0.000000e+00 -6.640787e-01  8.818570e+00
   endloop
 endfacet
 facet normal -5.052953e-20  2.177416e-01  9.760065e-01
   outer loop
     vertex  1.600000e+01 -6.640787e-01  8.818570e+00
     vertex  0.000000e+00 -7.511083e-01  8.837985e+00
     vertex  1.600000e+01 -7.511083e-01  8.837985e+00
   endloop
 endfacet
 facet normal  0.000000e+00  1.638824e-01  9.864799e-01
   outer loop
     vertex  1.600000e+01 -5.765493e-01  8.801549e+00
     vertex  0.000000e+00 -4.885858e-01  8.786935e+00
     vertex  0.000000e+00 -5.765493e-01  8.801549e+00
   endloop
 endfacet
 facet normal  0.000000e+00  1.908838e-01  9.816126e-01
   outer loop
     vertex  1.600000e+01 -5.765493e-01  8.801549e+00
     vertex  0.000000e+00 -5.765493e-01  8.801549e+00
     vertex  1.600000e+01 -6.640787e-01  8.818570e+00
   endloop
 endfacet
 facet normal  0.000000e+00  1.638824e-01  9.864799e-01
   outer loop
     vertex  1.600000e+01 -4.885858e-01  8.786935e+00
     vertex  0.000000e+00 -4.885858e-01  8.786935e+00
     vertex  1.600000e+01 -5.765493e-01  8.801549e+00
   endloop
 endfacet
 facet normal  0.000000e+00  1.367575e-01  9.906046e-01
   outer loop
     vertex  1.600000e+01 -4.002545e-01  8.774741e+00
     vertex  0.000000e+00 -4.002545e-01  8.774741e+00
     vertex  0.000000e+00 -4.885858e-01  8.786935e+00
   endloop
 endfacet
 facet normal  0.000000e+00  1.095298e-01  9.939835e-01
   outer loop
     vertex  1.600000e+01 -4.002545e-01  8.774741e+00
     vertex  0.000000e+00 -3.116220e-01  8.764974e+00
     vertex  0.000000e+00 -4.002545e-01  8.774741e+00
   endloop
 endfacet
 facet normal  1.389186e-20  1.367575e-01  9.906046e-01
   outer loop
     vertex  1.600000e+01 -4.002545e-01  8.774741e+00
     vertex  0.000000e+00 -4.885858e-01  8.786935e+00
     vertex  1.600000e+01 -4.885858e-01  8.786935e+00
   endloop
 endfacet
 facet normal  0.000000e+00  1.095298e-01  9.939835e-01
   outer loop
     vertex  1.600000e+01 -3.116220e-01  8.764974e+00
     vertex  0.000000e+00 -3.116220e-01  8.764974e+00
     vertex  1.600000e+01 -4.002545e-01  8.774741e+00
   endloop
 endfacet
 facet normal  3.455716e-20  8.221955e-02  9.966142e-01
   outer loop
     vertex  1.600000e+01 -2.227548e-01  8.757643e+00
     vertex  0.000000e+00 -3.116220e-01  8.764974e+00
     vertex  1.600000e+01 -3.116220e-01  8.764974e+00
   endloop
 endfacet
 facet normal  0.000000e+00  8.221955e-02  9.966142e-01
   outer loop
     vertex  1.600000e+01 -2.227548e-01  8.757643e+00
     vertex  0.000000e+00 -2.227548e-01  8.757643e+00
     vertex  0.000000e+00 -3.116220e-01  8.764974e+00
   endloop
 endfacet
 facet normal -1.416602e-20  5.484744e-02  9.984947e-01
   outer loop
     vertex  1.600000e+01 -1.337200e-01  8.752752e+00
     vertex  0.000000e+00 -2.227548e-01  8.757643e+00
     vertex  1.600000e+01 -2.227548e-01  8.757643e+00
   endloop
 endfacet
 facet normal  0.000000e+00  5.484744e-02  9.984947e-01
   outer loop
     vertex  1.600000e+01 -1.337200e-01  8.752752e+00
     vertex  0.000000e+00 -1.337200e-01  8.752752e+00
     vertex  0.000000e+00 -2.227548e-01  8.757643e+00
   endloop
 endfacet
 facet normal  1.076993e-21  2.743405e-02  9.996236e-01
   outer loop
     vertex  1.600000e+01 -4.458452e-02  8.750306e+00
     vertex  0.000000e+00 -1.337200e-01  8.752752e+00
     vertex  1.600000e+01 -1.337200e-01  8.752752e+00
   endloop
 endfacet
 facet normal  0.000000e+00  2.743405e-02  9.996236e-01
   outer loop
     vertex  1.600000e+01 -4.458452e-02  8.750306e+00
     vertex  0.000000e+00 -4.458452e-02  8.750306e+00
     vertex  0.000000e+00 -1.337200e-01  8.752752e+00
   endloop
 endfacet
 facet normal  0.000000e+00  0.000000e+00  1.000000e+00
   outer loop
     vertex  1.600000e+01  4.458452e-02  8.750306e+00
     vertex  0.000000e+00 -4.458452e-02  8.750306e+00
     vertex  1.600000e+01 -4.458452e-02  8.750306e+00
   endloop
 endfacet
 facet normal  0.000000e+00  0.000000e+00  1.000000e+00
   outer loop
     vertex  1.600000e+01  4.458452e-02  8.750306e+00
     vertex  0.000000e+00  4.458452e-02  8.750306e+00
     vertex  0.000000e+00 -4.458452e-02  8.750306e+00
   endloop
 endfacet
 facet normal -5.873874e-21 -2.743405e-02  9.996236e-01
   outer loop
     vertex  1.600000e+01  1.337200e-01  8.752752e+00
     vertex  0.000000e+00  4.458452e-02  8.750306e+00
     vertex  1.600000e+01  4.458452e-02  8.750306e+00
   endloop
 endfacet
 facet normal  0.000000e+00 -2.743405e-02  9.996236e-01
   outer loop
     vertex  1.600000e+01  1.337200e-01  8.752752e+00
     vertex  0.000000e+00  1.337200e-01  8.752752e+00
     vertex  0.000000e+00  4.458452e-02  8.750306e+00
   endloop
 endfacet
 facet normal  1.333786e-20 -5.484744e-02  9.984947e-01
   outer loop
     vertex  1.600000e+01  2.227548e-01  8.757643e+00
     vertex  0.000000e+00  1.337200e-01  8.752752e+00
     vertex  1.600000e+01  1.337200e-01  8.752752e+00
   endloop
 endfacet
 facet normal  0.000000e+00 -5.484744e-02  9.984947e-01
   outer loop
     vertex  1.600000e+01  2.227548e-01  8.757643e+00
     vertex  0.000000e+00  2.227548e-01  8.757643e+00
     vertex  0.000000e+00  1.337200e-01  8.752752e+00
   endloop
 endfacet
 facet normal -2.519844e-20 -8.221955e-02  9.966142e-01
   outer loop
     vertex  1.600000e+01  3.116220e-01  8.764974e+00
     vertex  0.000000e+00  2.227548e-01  8.757643e+00
     vertex  1.600000e+01  2.227548e-01  8.757643e+00
   endloop
 endfacet
 facet normal  0.000000e+00 -8.221955e-02  9.966142e-01
   outer loop
     vertex  1.600000e+01  3.116220e-01  8.764974e+00
     vertex  0.000000e+00  3.116220e-01  8.764974e+00
     vertex  0.000000e+00  2.227548e-01  8.757643e+00
   endloop
 endfacet
 facet normal  2.738781e-20 -1.095298e-01  9.939835e-01
   outer loop
     vertex  1.600000e+01  4.002545e-01  8.774741e+00
     vertex  0.000000e+00  3.116220e-01  8.764974e+00
     vertex  1.600000e+01  3.116220e-01  8.764974e+00
   endloop
 endfacet
 facet normal  0.000000e+00 -1.095298e-01  9.939835e-01
   outer loop
     vertex  1.600000e+01  4.002545e-01  8.774741e+00
     vertex  0.000000e+00  4.002545e-01  8.774741e+00
     vertex  0.000000e+00  3.116220e-01  8.764974e+00
   endloop
 endfacet
 facet normal  0.000000e+00 -1.367575e-01  9.906046e-01
   outer loop
     vertex  1.600000e+01  4.002545e-01  8.774741e+00
     vertex  0.000000e+00  4.885858e-01  8.786935e+00
     vertex  0.000000e+00  4.002545e-01  8.774741e+00
   endloop
 endfacet
 facet normal  0.000000e+00 -1.367575e-01  9.906046e-01
   outer loop
     vertex  1.600000e+01  4.885858e-01  8.786935e+00
     vertex  0.000000e+00  4.885858e-01  8.786935e+00
     vertex  1.600000e+01  4.002545e-01  8.774741e+00
   endloop
 endfacet
 facet normal  3.710356e-20 -1.638824e-01  9.864799e-01
   outer loop
     vertex  1.600000e+01  5.765493e-01  8.801549e+00
     vertex  0.000000e+00  4.885858e-01  8.786935e+00
     vertex  1.600000e+01  4.885858e-01  8.786935e+00
   endloop
 endfacet
 facet normal  0.000000e+00 -1.638824e-01  9.864799e-01
   outer loop
     vertex  1.600000e+01  5.765493e-01  8.801549e+00
     vertex  0.000000e+00  5.765493e-01  8.801549e+00
     vertex  0.000000e+00  4.885858e-01  8.786935e+00
   endloop
 endfacet
 facet normal -4.513543e-21 -1.908838e-01  9.816126e-01
   outer loop
     vertex  1.600000e+01  6.640787e-01  8.818570e+00
     vertex  0.000000e+00  5.765493e-01  8.801549e+00
     vertex  1.600000e+01  5.765493e-01  8.801549e+00
   endloop
 endfacet
 facet normal  0.000000e+00 -1.908838e-01  9.816126e-01
   outer loop
     vertex  1.600000e+01  6.640787e-01  8.818570e+00
     vertex  0.000000e+00  6.640787e-01  8.818570e+00
     vertex  0.000000e+00  5.765493e-01  8.801549e+00
   endloop
 endfacet
 facet normal  6.031957e-20 -2.177416e-01  9.760065e-01
   outer loop
     vertex  1.600000e+01  7.511083e-01  8.837985e+00
     vertex  0.000000e+00  6.640787e-01  8.818570e+00
     vertex  1.600000e+01  6.640787e-01  8.818570e+00
   endloop
 endfacet
 facet normal  0.000000e+00 -2.177416e-01  9.760065e-01
   outer loop
     vertex  1.600000e+01  7.511083e-01  8.837985e+00
     vertex  0.000000e+00  7.511083e-01  8.837985e+00
     vertex  0.000000e+00  6.640787e-01  8.818570e+00
   endloop
 endfacet
 facet normal  4.942873e-20 -2.444354e-01  9.696656e-01
   outer loop
     vertex  1.600000e+01  8.375725e-01  8.859781e+00
     vertex  0.000000e+00  7.511083e-01  8.837985e+00
     vertex  1.600000e+01  7.511083e-01  8.837985e+00
   endloop
 endfacet
 facet normal  0.000000e+00 -2.444354e-01  9.696656e-01
   outer loop
     vertex  1.600000e+01  8.375725e-01  8.859781e+00
     vertex  0.000000e+00  8.375725e-01  8.859781e+00
     vertex  0.000000e+00  7.511083e-01  8.837985e+00
   endloop
 endfacet
 facet normal  0.000000e+00 -2.709453e-01  9.625948e-01
   outer loop
     vertex  1.600000e+01  9.234061e-01  8.883941e+00
     vertex  0.000000e+00  9.234061e-01  8.883941e+00
     vertex  0.000000e+00  8.375725e-01  8.859781e+00
   endloop
 endfacet
 facet normal -4.031128e-20 -2.709453e-01  9.625948e-01
   outer loop
     vertex  1.600000e+01  9.234061e-01  8.883941e+00
     vertex  0.000000e+00  8.375725e-01  8.859781e+00
     vertex  1.600000e+01  8.375725e-01  8.859781e+00
   endloop
 endfacet
 facet normal  0.000000e+00 -2.972512e-01  9.547993e-01
   outer loop
     vertex  1.600000e+01  1.008545e+00  8.910447e+00
     vertex  0.000000e+00  1.008545e+00  8.910447e+00
     vertex  0.000000e+00  9.234061e-01  8.883941e+00
   endloop
 endfacet
 facet normal  4.150815e-20 -2.972512e-01  9.547993e-01
   outer loop
     vertex  1.600000e+01  1.008545e+00  8.910447e+00
     vertex  0.000000e+00  9.234061e-01  8.883941e+00
     vertex  1.600000e+01  9.234061e-01  8.883941e+00
   endloop
 endfacet
 facet normal  0.000000e+00 -3.233333e-01  9.462851e-01
   outer loop
     vertex  1.600000e+01  1.092924e+00  8.939278e+00
     vertex  0.000000e+00  1.092924e+00  8.939278e+00
     vertex  0.000000e+00  1.008545e+00  8.910447e+00
   endloop
 endfacet
 facet normal -1.374684e-19 -3.233333e-01  9.462851e-01
   outer loop
     vertex  1.600000e+01  1.092924e+00  8.939278e+00
     vertex  0.000000e+00  1.008545e+00  8.910447e+00
     vertex  1.600000e+01  1.008545e+00  8.910447e+00
   endloop
 endfacet
 facet normal  0.000000e+00 -3.491720e-01  9.370586e-01
   outer loop
     vertex  1.600000e+01  1.176481e+00  8.970414e+00
     vertex  0.000000e+00  1.176481e+00  8.970414e+00
     vertex  0.000000e+00  1.092924e+00  8.939278e+00
   endloop
 endfacet
 facet normal  0.000000e+00 -3.747479e-01  9.271267e-01
   outer loop
     vertex  1.600000e+01  1.176481e+00  8.970414e+00
     vertex  0.000000e+00  1.259152e+00  9.003830e+00
     vertex  0.000000e+00  1.176481e+00  8.970414e+00
   endloop
 endfacet
 facet normal  1.296588e-19 -3.491720e-01  9.370586e-01
   outer loop
     vertex  1.600000e+01  1.176481e+00  8.970414e+00
     vertex  0.000000e+00  1.092924e+00  8.939278e+00
     vertex  1.600000e+01  1.092924e+00  8.939278e+00
   endloop
 endfacet
 facet normal  0.000000e+00 -4.000417e-01  9.164969e-01
   outer loop
     vertex  1.600000e+01  1.259152e+00  9.003830e+00
     vertex  0.000000e+00  1.340875e+00  9.039501e+00
     vertex  0.000000e+00  1.259152e+00  9.003830e+00
   endloop
 endfacet
 facet normal  0.000000e+00 -3.747479e-01  9.271267e-01
   outer loop
     vertex  1.600000e+01  1.259152e+00  9.003830e+00
     vertex  0.000000e+00  1.259152e+00  9.003830e+00
     vertex  1.600000e+01  1.176481e+00  8.970414e+00
   endloop
 endfacet
 facet normal  0.000000e+00 -4.000417e-01  9.164969e-01
   outer loop
     vertex  1.600000e+01  1.340875e+00  9.039501e+00
     vertex  0.000000e+00  1.340875e+00  9.039501e+00
     vertex  1.600000e+01  1.259152e+00  9.003830e+00
   endloop
 endfacet
 facet normal  0.000000e+00 -4.250344e-01  9.051772e-01
   outer loop
     vertex  1.600000e+01  1.421589e+00  9.077401e+00
     vertex  0.000000e+00  1.421589e+00  9.077401e+00
     vertex  0.000000e+00  1.340875e+00  9.039501e+00
   endloop
 endfacet
 facet normal -1.164996e-19 -4.250344e-01  9.051772e-01
   outer loop
     vertex  1.600000e+01  1.421589e+00  9.077401e+00
     vertex  0.000000e+00  1.340875e+00  9.039501e+00
     vertex  1.600000e+01  1.340875e+00  9.039501e+00
   endloop
 endfacet
 facet normal  0.000000e+00 -4.497071e-01  8.931761e-01
   outer loop
     vertex  1.600000e+01  1.501232e+00  9.117501e+00
     vertex  0.000000e+00  1.501232e+00  9.117501e+00
     vertex  0.000000e+00  1.421589e+00  9.077401e+00
   endloop
 endfacet
 facet normal  1.450919e-20 -4.497071e-01  8.931761e-01
   outer loop
     vertex  1.600000e+01  1.501232e+00  9.117501e+00
     vertex  0.000000e+00  1.421589e+00  9.077401e+00
     vertex  1.600000e+01  1.421589e+00  9.077401e+00
   endloop
 endfacet
 facet normal  0.000000e+00 -4.740412e-01  8.805026e-01
   outer loop
     vertex  1.600000e+01  1.579746e+00  9.159771e+00
     vertex  0.000000e+00  1.579746e+00  9.159771e+00
     vertex  0.000000e+00  1.501232e+00  9.117501e+00
   endloop
 endfacet
 facet normal  0.000000e+00 -4.980186e-01  8.671664e-01
   outer loop
     vertex  1.600000e+01  1.579746e+00  9.159771e+00
     vertex  0.000000e+00  1.657070e+00  9.204178e+00
     vertex  0.000000e+00  1.579746e+00  9.159771e+00
   endloop
 endfacet
 facet normal  5.960806e-20 -4.740412e-01  8.805026e-01
   outer loop
     vertex  1.600000e+01  1.579746e+00  9.159771e+00
     vertex  0.000000e+00  1.501232e+00  9.117501e+00
     vertex  1.600000e+01  1.501232e+00  9.117501e+00
   endloop
 endfacet
 facet normal  0.000000e+00 -5.216210e-01  8.531773e-01
   outer loop
     vertex  1.600000e+01  1.657070e+00  9.204178e+00
     vertex  0.000000e+00  1.733147e+00  9.250691e+00
     vertex  0.000000e+00  1.657070e+00  9.204178e+00
   endloop
 endfacet
 facet normal  0.000000e+00 -4.980186e-01  8.671664e-01
   outer loop
     vertex  1.600000e+01  1.657070e+00  9.204178e+00
     vertex  0.000000e+00  1.657070e+00  9.204178e+00
     vertex  1.600000e+01  1.579746e+00  9.159771e+00
   endloop
 endfacet
 facet normal  0.000000e+00 -5.216210e-01  8.531773e-01
   outer loop
     vertex  1.600000e+01  1.733147e+00  9.250691e+00
     vertex  0.000000e+00  1.733147e+00  9.250691e+00
     vertex  1.600000e+01  1.657070e+00  9.204178e+00
   endloop
 endfacet
 facet normal  2.911394e-20 -5.448308e-01  8.385460e-01
   outer loop
     vertex  1.600000e+01  1.807920e+00  9.299273e+00
     vertex  0.000000e+00  1.733147e+00  9.250691e+00
     vertex  1.600000e+01  1.733147e+00  9.250691e+00
   endloop
 endfacet
 facet normal  0.000000e+00 -5.448308e-01  8.385460e-01
   outer loop
     vertex  1.600000e+01  1.807920e+00  9.299273e+00
     vertex  0.000000e+00  1.807920e+00  9.299273e+00
     vertex  0.000000e+00  1.733147e+00  9.250691e+00
   endloop
 endfacet
 facet normal  0.000000e+00 -5.676304e-01  8.232835e-01
   outer loop
     vertex  1.600000e+01  1.807920e+00  9.299273e+00
     vertex  0.000000e+00  1.881331e+00  9.349888e+00
     vertex  0.000000e+00  1.807920e+00  9.299273e+00
   endloop
 endfacet
 facet normal  0.000000e+00 -5.676304e-01  8.232835e-01
   outer loop
     vertex  1.600000e+01  1.881331e+00  9.349888e+00
     vertex  0.000000e+00  1.881331e+00  9.349888e+00
     vertex  1.600000e+01  1.807920e+00  9.299273e+00
   endloop
 endfacet
 facet normal  0.000000e+00 -5.900028e-01  8.074012e-01
   outer loop
     vertex  1.600000e+01  1.881331e+00  9.349888e+00
     vertex  0.000000e+00  1.953326e+00  9.402498e+00
     vertex  0.000000e+00  1.881331e+00  9.349888e+00
   endloop
 endfacet
 facet normal  0.000000e+00 -5.900028e-01  8.074012e-01
   outer loop
     vertex  1.600000e+01  1.953326e+00  9.402498e+00
     vertex  0.000000e+00  1.953326e+00  9.402498e+00
     vertex  1.600000e+01  1.881331e+00  9.349888e+00
   endloop
 endfacet
 facet normal -1.018843e-19 -6.119310e-01  7.909112e-01
   outer loop
     vertex  1.600000e+01  2.023851e+00  9.457063e+00
     vertex  0.000000e+00  1.953326e+00  9.402498e+00
     vertex  1.600000e+01  1.953326e+00  9.402498e+00
   endloop
 endfacet
 facet normal  0.000000e+00 -6.119310e-01  7.909112e-01
   outer loop
     vertex  1.600000e+01  2.023851e+00  9.457063e+00
     vertex  0.000000e+00  2.023851e+00  9.457063e+00
     vertex  0.000000e+00  1.953326e+00  9.402498e+00
   endloop
 endfacet
 facet normal  0.000000e+00 -6.333986e-01  7.738257e-01
   outer loop
     vertex  1.600000e+01  2.023851e+00  9.457063e+00
     vertex  0.000000e+00  2.092852e+00  9.513543e+00
     vertex  0.000000e+00  2.023851e+00  9.457063e+00
   endloop
 endfacet
 facet normal  0.000000e+00 -6.333986e-01  7.738257e-01
   outer loop
     vertex  1.600000e+01  2.092852e+00  9.513543e+00
     vertex  0.000000e+00  2.092852e+00  9.513543e+00
     vertex  1.600000e+01  2.023851e+00  9.457063e+00
   endloop
 endfacet
 facet normal  2.803117e-20 -6.543893e-01  7.561578e-01
   outer loop
     vertex  1.600000e+01  2.160278e+00  9.571894e+00
     vertex  0.000000e+00  2.092852e+00  9.513543e+00
     vertex  1.600000e+01  2.092852e+00  9.513543e+00
   endloop
 endfacet
 facet normal  0.000000e+00 -6.543893e-01  7.561578e-01
   outer loop
     vertex  1.600000e+01  2.160278e+00  9.571894e+00
     vertex  0.000000e+00  2.160278e+00  9.571894e+00
     vertex  0.000000e+00  2.092852e+00  9.513543e+00
   endloop
 endfacet
 facet normal -1.671758e-19 -6.748875e-01  7.379206e-01
   outer loop
     vertex  1.600000e+01  2.226078e+00  9.632073e+00
     vertex  0.000000e+00  2.160278e+00  9.571894e+00
     vertex  1.600000e+01  2.160278e+00  9.571894e+00
   endloop
 endfacet
 facet normal  0.000000e+00 -6.748875e-01  7.379206e-01
   outer loop
     vertex  1.600000e+01  2.226078e+00  9.632073e+00
     vertex  0.000000e+00  2.226078e+00  9.632073e+00
     vertex  0.000000e+00  2.160278e+00  9.571894e+00
   endloop
 endfacet
 facet normal -1.711996e-19 -6.948776e-01  7.191280e-01
   outer loop
     vertex  1.600000e+01  2.290202e+00  9.694035e+00
     vertex  0.000000e+00  2.226078e+00  9.632073e+00
     vertex  1.600000e+01  2.226078e+00  9.632073e+00
   endloop
 endfacet
 facet normal  0.000000e+00 -6.948776e-01  7.191280e-01
   outer loop
     vertex  1.600000e+01  2.290202e+00  9.694035e+00
     vertex  0.000000e+00  2.290202e+00  9.694035e+00
     vertex  0.000000e+00  2.226078e+00  9.632073e+00
   endloop
 endfacet
 facet normal  2.525853e-19 -7.143447e-01  6.997940e-01
   outer loop
     vertex  1.600000e+01  2.352602e+00  9.757732e+00
     vertex  0.000000e+00  2.290202e+00  9.694035e+00
     vertex  1.600000e+01  2.290202e+00  9.694035e+00
   endloop
 endfacet
 facet normal  0.000000e+00 -7.143447e-01  6.997940e-01
   outer loop
     vertex  1.600000e+01  2.352602e+00  9.757732e+00
     vertex  0.000000e+00  2.352602e+00  9.757732e+00
     vertex  0.000000e+00  2.290202e+00  9.694035e+00
   endloop
 endfacet
 facet normal -1.876244e-19 -7.332740e-01  6.799333e-01
   outer loop
     vertex  1.600000e+01  2.413231e+00  9.823118e+00
     vertex  0.000000e+00  2.352602e+00  9.757732e+00
     vertex  1.600000e+01  2.352602e+00  9.757732e+00
   endloop
 endfacet
 facet normal  0.000000e+00 -7.332740e-01  6.799333e-01
   outer loop
     vertex  1.600000e+01  2.413231e+00  9.823118e+00
     vertex  0.000000e+00  2.413231e+00  9.823118e+00
     vertex  0.000000e+00  2.352602e+00  9.757732e+00
   endloop
 endfacet
 facet normal  3.191297e-20 -7.516513e-01  6.595607e-01
   outer loop
     vertex  1.600000e+01  2.472043e+00  9.890142e+00
     vertex  0.000000e+00  2.413231e+00  9.823118e+00
     vertex  1.600000e+01  2.413231e+00  9.823118e+00
   endloop
 endfacet
 facet normal  0.000000e+00 -7.516513e-01  6.595607e-01
   outer loop
     vertex  1.600000e+01  2.472043e+00  9.890142e+00
     vertex  0.000000e+00  2.472043e+00  9.890142e+00
     vertex  0.000000e+00  2.413231e+00  9.823118e+00
   endloop
 endfacet
 facet normal  7.949385e-20 -7.694628e-01  6.386916e-01
   outer loop
     vertex  1.600000e+01  2.528995e+00  9.958754e+00
     vertex  0.000000e+00  2.472043e+00  9.890142e+00
     vertex  1.600000e+01  2.472043e+00  9.890142e+00
   endloop
 endfacet
 facet normal  0.000000e+00 -7.694628e-01  6.386916e-01
   outer loop
     vertex  1.600000e+01  2.528995e+00  9.958754e+00
     vertex  0.000000e+00  2.528995e+00  9.958754e+00
     vertex  0.000000e+00  2.472043e+00  9.890142e+00
   endloop
 endfacet
 facet normal -1.398007e-19 -7.866951e-01  6.173417e-01
   outer loop
     vertex  1.600000e+01  2.584042e+00  1.002890e+01
     vertex  0.000000e+00  2.528995e+00  9.958754e+00
     vertex  1.600000e+01  2.528995e+00  9.958754e+00
   endloop
 endfacet
 facet normal  0.000000e+00 -7.866951e-01  6.173417e-01
   outer loop
     vertex  1.600000e+01  2.584042e+00  1.002890e+01
     vertex  0.000000e+00  2.584042e+00  1.002890e+01
     vertex  0.000000e+00  2.528995e+00  9.958754e+00
   endloop
 endfacet
 facet normal  0.000000e+00 -8.033352e-01  5.955271e-01
   outer loop
     vertex  1.600000e+01  2.584042e+00  1.002890e+01
     vertex  0.000000e+00  2.637145e+00  1.010054e+01
     vertex  0.000000e+00  2.584042e+00  1.002890e+01
   endloop
 endfacet
 facet normal  0.000000e+00 -8.033352e-01  5.955271e-01
   outer loop
     vertex  1.600000e+01  2.637145e+00  1.010054e+01
     vertex  0.000000e+00  2.637145e+00  1.010054e+01
     vertex  1.600000e+01  2.584042e+00  1.002890e+01
   endloop
 endfacet
 facet normal  5.605491e-20 -8.193706e-01  5.732642e-01
   outer loop
     vertex  1.600000e+01  2.688262e+00  1.017360e+01
     vertex  0.000000e+00  2.637145e+00  1.010054e+01
     vertex  1.600000e+01  2.637145e+00  1.010054e+01
   endloop
 endfacet
 facet normal  0.000000e+00 -8.193706e-01  5.732642e-01
   outer loop
     vertex  1.600000e+01  2.688262e+00  1.017360e+01
     vertex  0.000000e+00  2.688262e+00  1.017360e+01
     vertex  0.000000e+00  2.637145e+00  1.010054e+01
   endloop
 endfacet
 facet normal -1.457737e-19 -8.347891e-01  5.505698e-01
   outer loop
     vertex  1.600000e+01  2.737356e+00  1.024804e+01
     vertex  0.000000e+00  2.688262e+00  1.017360e+01
     vertex  1.600000e+01  2.688262e+00  1.017360e+01
   endloop
 endfacet
 facet normal  0.000000e+00 -8.347891e-01  5.505698e-01
   outer loop
     vertex  1.600000e+01  2.737356e+00  1.024804e+01
     vertex  0.000000e+00  2.737356e+00  1.024804e+01
     vertex  0.000000e+00  2.688262e+00  1.017360e+01
   endloop
 endfacet
 facet normal  0.000000e+00 -8.495793e-01  5.274609e-01
   outer loop
     vertex  1.600000e+01  2.737356e+00  1.024804e+01
     vertex  0.000000e+00  2.784389e+00  1.032379e+01
     vertex  0.000000e+00  2.737356e+00  1.024804e+01
   endloop
 endfacet
 facet normal  0.000000e+00 -8.495793e-01  5.274609e-01
   outer loop
     vertex  1.600000e+01  2.784389e+00  1.032379e+01
     vertex  0.000000e+00  2.784389e+00  1.032379e+01
     vertex  1.600000e+01  2.737356e+00  1.024804e+01
   endloop
 endfacet
 facet normal -5.415423e-20 -8.637299e-01  5.039550e-01
   outer loop
     vertex  1.600000e+01  2.829327e+00  1.040081e+01
     vertex  0.000000e+00  2.784389e+00  1.032379e+01
     vertex  1.600000e+01  2.784389e+00  1.032379e+01
   endloop
 endfacet
 facet normal  0.000000e+00 -8.637299e-01  5.039550e-01
   outer loop
     vertex  1.600000e+01  2.829327e+00  1.040081e+01
     vertex  0.000000e+00  2.829327e+00  1.040081e+01
     vertex  0.000000e+00  2.784389e+00  1.032379e+01
   endloop
 endfacet
 facet normal  9.014136e-20 -8.772303e-01  4.800697e-01
   outer loop
     vertex  1.600000e+01  2.872134e+00  1.047903e+01
     vertex  0.000000e+00  2.829327e+00  1.040081e+01
     vertex  1.600000e+01  2.829327e+00  1.040081e+01
   endloop
 endfacet
 facet normal  0.000000e+00 -8.772303e-01  4.800697e-01
   outer loop
     vertex  1.600000e+01  2.872134e+00  1.047903e+01
     vertex  0.000000e+00  2.872134e+00  1.047903e+01
     vertex  0.000000e+00  2.829327e+00  1.040081e+01
   endloop
 endfacet
 facet normal  1.221745e-19 -8.900704e-01  4.558231e-01
   outer loop
     vertex  1.600000e+01  2.912779e+00  1.055840e+01
     vertex  0.000000e+00  2.872134e+00  1.047903e+01
     vertex  1.600000e+01  2.872134e+00  1.047903e+01
   endloop
 endfacet
 facet normal  0.000000e+00 -8.900704e-01  4.558231e-01
   outer loop
     vertex  1.600000e+01  2.912779e+00  1.055840e+01
     vertex  0.000000e+00  2.912779e+00  1.055840e+01
     vertex  0.000000e+00  2.872134e+00  1.047903e+01
   endloop
 endfacet
 facet normal -1.979045e-20 -9.022405e-01  4.312333e-01
   outer loop
     vertex  1.600000e+01  2.951232e+00  1.063885e+01
     vertex  0.000000e+00  2.912779e+00  1.055840e+01
     vertex  1.600000e+01  2.912779e+00  1.055840e+01
   endloop
 endfacet
 facet normal  0.000000e+00 -9.022405e-01  4.312333e-01
   outer loop
     vertex  1.600000e+01  2.951232e+00  1.063885e+01
     vertex  0.000000e+00  2.951232e+00  1.063885e+01
     vertex  0.000000e+00  2.912779e+00  1.055840e+01
   endloop
 endfacet
 facet normal  0.000000e+00 -9.137314e-01  4.063188e-01
   outer loop
     vertex  1.600000e+01  2.987463e+00  1.072033e+01
     vertex  0.000000e+00  2.987463e+00  1.072033e+01
     vertex  0.000000e+00  2.951232e+00  1.063885e+01
   endloop
 endfacet
 facet normal -6.903787e-20 -9.137314e-01  4.063188e-01
   outer loop
     vertex  1.600000e+01  2.987463e+00  1.072033e+01
     vertex  0.000000e+00  2.951232e+00  1.063885e+01
     vertex  1.600000e+01  2.951232e+00  1.063885e+01
   endloop
 endfacet
 facet normal  0.000000e+00 -9.245344e-01  3.810986e-01
   outer loop
     vertex  1.600000e+01  2.987463e+00  1.072033e+01
     vertex  0.000000e+00  3.021445e+00  1.080277e+01
     vertex  0.000000e+00  2.987463e+00  1.072033e+01
   endloop
 endfacet
 facet normal  0.000000e+00 -9.245344e-01  3.810986e-01
   outer loop
     vertex  1.600000e+01  3.021445e+00  1.080277e+01
     vertex  0.000000e+00  3.021445e+00  1.080277e+01
     vertex  1.600000e+01  2.987463e+00  1.072033e+01
   endloop
 endfacet
 facet normal  0.000000e+00 -9.346415e-01  3.555914e-01
   outer loop
     vertex  1.600000e+01  3.053153e+00  1.088611e+01
     vertex  0.000000e+00  3.053153e+00  1.088611e+01
     vertex  0.000000e+00  3.021445e+00  1.080277e+01
   endloop
 endfacet
 facet normal -7.341713e-20 -9.346415e-01  3.555914e-01
   outer loop
     vertex  1.600000e+01  3.053153e+00  1.088611e+01
     vertex  0.000000e+00  3.021445e+00  1.080277e+01
     vertex  1.600000e+01  3.021445e+00  1.080277e+01
   endloop
 endfacet
 facet normal  0.000000e+00 -9.440450e-01  3.298166e-01
   outer loop
     vertex  1.600000e+01  3.082562e+00  1.097029e+01
     vertex  0.000000e+00  3.082562e+00  1.097029e+01
     vertex  0.000000e+00  3.053153e+00  1.088611e+01
   endloop
 endfacet
 facet normal  1.068655e-19 -9.440450e-01  3.298166e-01
   outer loop
     vertex  1.600000e+01  3.082562e+00  1.097029e+01
     vertex  0.000000e+00  3.053153e+00  1.088611e+01
     vertex  1.600000e+01  3.053153e+00  1.088611e+01
   endloop
 endfacet
 facet normal  0.000000e+00 -9.527379e-01  3.037934e-01
   outer loop
     vertex  1.600000e+01  3.109651e+00  1.105524e+01
     vertex  0.000000e+00  3.109651e+00  1.105524e+01
     vertex  0.000000e+00  3.082562e+00  1.097029e+01
   endloop
 endfacet
 facet normal  1.142985e-19 -9.527379e-01  3.037934e-01
   outer loop
     vertex  1.600000e+01  3.109651e+00  1.105524e+01
     vertex  0.000000e+00  3.082562e+00  1.097029e+01
     vertex  1.600000e+01  3.082562e+00  1.097029e+01
   endloop
 endfacet
 facet normal -1.500407e-19 -9.607136e-01  2.775416e-01
   outer loop
     vertex  1.600000e+01  3.134399e+00  1.114091e+01
     vertex  0.000000e+00  3.109651e+00  1.105524e+01
     vertex  1.600000e+01  3.109651e+00  1.105524e+01
   endloop
 endfacet
 facet normal  0.000000e+00 -9.607136e-01  2.775416e-01
   outer loop
     vertex  1.600000e+01  3.134399e+00  1.114091e+01
     vertex  0.000000e+00  3.134399e+00  1.114091e+01
     vertex  0.000000e+00  3.109651e+00  1.105524e+01
   endloop
 endfacet
 facet normal -5.268391e-20 -9.679661e-01  2.510809e-01
   outer loop
     vertex  1.600000e+01  3.156788e+00  1.122722e+01
     vertex  0.000000e+00  3.134399e+00  1.114091e+01
     vertex  1.600000e+01  3.134399e+00  1.114091e+01
   endloop
 endfacet
 facet normal  0.000000e+00 -9.679661e-01  2.510809e-01
   outer loop
     vertex  1.600000e+01  3.156788e+00  1.122722e+01
     vertex  0.000000e+00  3.156788e+00  1.122722e+01
     vertex  0.000000e+00  3.134399e+00  1.114091e+01
   endloop
 endfacet
 facet normal  0.000000e+00 -9.744899e-01  2.244312e-01
   outer loop
     vertex  1.600000e+01  3.156788e+00  1.122722e+01
     vertex  0.000000e+00  3.176800e+00  1.131411e+01
     vertex  0.000000e+00  3.156788e+00  1.122722e+01
   endloop
 endfacet
 facet normal  0.000000e+00 -9.744899e-01  2.244312e-01
   outer loop
     vertex  1.600000e+01  3.176800e+00  1.131411e+01
     vertex  0.000000e+00  3.176800e+00  1.131411e+01
     vertex  1.600000e+01  3.156788e+00  1.122722e+01
   endloop
 endfacet
 facet normal -6.276730e-21 -9.802802e-01  1.976125e-01
   outer loop
     vertex  1.600000e+01  3.194421e+00  1.140153e+01
     vertex  0.000000e+00  3.176800e+00  1.131411e+01
     vertex  1.600000e+01  3.176800e+00  1.131411e+01
   endloop
 endfacet
 facet normal  0.000000e+00 -9.802802e-01  1.976125e-01
   outer loop
     vertex  1.600000e+01  3.194421e+00  1.140153e+01
     vertex  0.000000e+00  3.194421e+00  1.140153e+01
     vertex  0.000000e+00  3.176800e+00  1.131411e+01
   endloop
 endfacet
 facet normal  0.000000e+00 -9.853326e-01  1.706451e-01
   outer loop
     vertex  1.600000e+01  3.194421e+00  1.140153e+01
     vertex  0.000000e+00  3.209638e+00  1.148939e+01
     vertex  0.000000e+00  3.194421e+00  1.140153e+01
   endloop
 endfacet
 facet normal  0.000000e+00 -9.853326e-01  1.706451e-01
   outer loop
     vertex  1.600000e+01  3.209638e+00  1.148939e+01
     vertex  0.000000e+00  3.209638e+00  1.148939e+01
     vertex  1.600000e+01  3.194421e+00  1.140153e+01
   endloop
 endfacet
 facet normal -6.075632e-20 -9.896432e-01  1.435492e-01
   outer loop
     vertex  1.600000e+01  3.222438e+00  1.157763e+01
     vertex  0.000000e+00  3.209638e+00  1.148939e+01
     vertex  1.600000e+01  3.209638e+00  1.148939e+01
   endloop
 endfacet
 facet normal  0.000000e+00 -9.896432e-01  1.435492e-01
   outer loop
     vertex  1.600000e+01  3.222438e+00  1.157763e+01
     vertex  0.000000e+00  3.222438e+00  1.157763e+01
     vertex  0.000000e+00  3.209638e+00  1.148939e+01
   endloop
 endfacet
 facet normal  2.539188e-20 -9.932088e-01  1.163452e-01
   outer loop
     vertex  1.600000e+01  3.232812e+00  1.166620e+01
     vertex  0.000000e+00  3.222438e+00  1.157763e+01
     vertex  1.600000e+01  3.222438e+00  1.157763e+01
   endloop
 endfacet
 facet normal  0.000000e+00 -9.932088e-01  1.163452e-01
   outer loop
     vertex  1.600000e+01  3.232812e+00  1.166620e+01
     vertex  0.000000e+00  3.232812e+00  1.166620e+01
     vertex  0.000000e+00  3.222438e+00  1.157763e+01
   endloop
 endfacet
 facet normal  1.188496e-20 -9.960268e-01  8.905371e-02
   outer loop
     vertex  1.600000e+01  3.240753e+00  1.175501e+01
     vertex  0.000000e+00  3.232812e+00  1.166620e+01
     vertex  1.600000e+01  3.232812e+00  1.166620e+01
   endloop
 endfacet
 facet normal  0.000000e+00 -9.960268e-01  8.905371e-02
   outer loop
     vertex  1.600000e+01  3.240753e+00  1.175501e+01
     vertex  0.000000e+00  3.240753e+00  1.175501e+01
     vertex  0.000000e+00  3.232812e+00  1.166620e+01
   endloop
 endfacet
 facet normal  3.617482e-20 -9.980950e-01  6.169515e-02
   outer loop
     vertex  1.600000e+01  3.246254e+00  1.184401e+01
     vertex  0.000000e+00  3.240753e+00  1.175501e+01
     vertex  1.600000e+01  3.240753e+00  1.175501e+01
   endloop
 endfacet
 facet normal  0.000000e+00 -9.980950e-01  6.169515e-02
   outer loop
     vertex  1.600000e+01  3.246254e+00  1.184401e+01
     vertex  0.000000e+00  3.246254e+00  1.184401e+01
     vertex  0.000000e+00  3.240753e+00  1.175501e+01
   endloop
 endfacet
 facet normal  0.000000e+00 -9.994119e-01  3.429014e-02
   outer loop
     vertex  1.600000e+01  3.246254e+00  1.184401e+01
     vertex  0.000000e+00  3.249312e+00  1.193313e+01
     vertex  0.000000e+00  3.246254e+00  1.184401e+01
   endloop
 endfacet
 facet normal  0.000000e+00 -9.994119e-01  3.429014e-02
   outer loop
     vertex  1.600000e+01  3.249312e+00  1.193313e+01
     vertex  0.000000e+00  3.249312e+00  1.193313e+01
     vertex  1.600000e+01  3.246254e+00  1.184401e+01
   endloop
 endfacet
 facet normal -1.531742e-21 -9.999765e-01  6.859319e-03
   outer loop
     vertex  1.600000e+01  3.249924e+00  1.202229e+01
     vertex  0.000000e+00  3.249312e+00  1.193313e+01
     vertex  1.600000e+01  3.249312e+00  1.193313e+01
   endloop
 endfacet
 facet normal  0.000000e+00 -9.999765e-01  6.859319e-03
   outer loop
     vertex  1.600000e+01  3.249924e+00  1.202229e+01
     vertex  0.000000e+00  3.249924e+00  1.202229e+01
     vertex  0.000000e+00  3.249312e+00  1.193313e+01
   endloop
 endfacet
 facet normal -0.000000e+00 -9.997883e-01 -2.057667e-02
   outer loop
     vertex  1.600000e+01  3.248089e+00  1.211144e+01
     vertex  0.000000e+00  3.248089e+00  1.211144e+01
     vertex  0.000000e+00  3.249924e+00  1.202229e+01
   endloop
 endfacet
 facet normal  8.327883e-21 -9.997883e-01 -2.057667e-02
   outer loop
     vertex  1.600000e+01  3.248089e+00  1.211144e+01
     vertex  0.000000e+00  3.249924e+00  1.202229e+01
     vertex  1.600000e+01  3.249924e+00  1.202229e+01
   endloop
 endfacet
 facet normal -0.000000e+00 -9.988475e-01 -4.799716e-02
   outer loop
     vertex  1.600000e+01  3.243809e+00  1.220051e+01
     vertex  0.000000e+00  3.243809e+00  1.220051e+01
     vertex  0.000000e+00  3.248089e+00  1.211144e+01
   endloop
 endfacet
 facet normal -0.000000e+00 -9.971548e-01 -7.538152e-02
   outer loop
     vertex  1.600000e+01  3.243809e+00  1.220051e+01
     vertex  0.000000e+00  3.237087e+00  1.228942e+01
     vertex  0.000000e+00  3.243809e+00  1.220051e+01
   endloop
 endfacet
 facet normal  1.716766e-20 -9.988475e-01 -4.799716e-02
   outer loop
     vertex  1.600000e+01  3.243809e+00  1.220051e+01
     vertex  0.000000e+00  3.248089e+00  1.211144e+01
     vertex  1.600000e+01  3.248089e+00  1.211144e+01
   endloop
 endfacet
 facet normal -0.000000e+00 -9.971548e-01 -7.538152e-02
   outer loop
     vertex  1.600000e+01  3.237087e+00  1.228942e+01
     vertex  0.000000e+00  3.237087e+00  1.228942e+01
     vertex  1.600000e+01  3.243809e+00  1.220051e+01
   endloop
 endfacet
 facet normal -0.000000e+00 -9.947114e-01 -1.027091e-01
   outer loop
     vertex  1.600000e+01  3.227929e+00  1.237812e+01
     vertex  0.000000e+00  3.227929e+00  1.237812e+01
     vertex  0.000000e+00  3.237087e+00  1.228942e+01
   endloop
 endfacet
 facet normal -3.694242e-20 -9.947114e-01 -1.027091e-01
   outer loop
     vertex  1.600000e+01  3.227929e+00  1.237812e+01
     vertex  0.000000e+00  3.237087e+00  1.228942e+01
     vertex  1.600000e+01  3.237087e+00  1.228942e+01
   endloop
 endfacet
 facet normal -0.000000e+00 -9.915193e-01 -1.299594e-01
   outer loop
     vertex  1.600000e+01  3.216340e+00  1.246653e+01
     vertex  0.000000e+00  3.216340e+00  1.246653e+01
     vertex  0.000000e+00  3.227929e+00  1.237812e+01
   endloop
 endfacet
 facet normal -0.000000e+00 -9.875808e-01 -1.571119e-01
   outer loop
     vertex  1.600000e+01  3.216340e+00  1.246653e+01
     vertex  0.000000e+00  3.202331e+00  1.255460e+01
     vertex  0.000000e+00  3.216340e+00  1.246653e+01
   endloop
 endfacet
 facet normal  6.918387e-20 -9.915193e-01 -1.299594e-01
   outer loop
     vertex  1.600000e+01  3.216340e+00  1.246653e+01
     vertex  0.000000e+00  3.227929e+00  1.237812e+01
     vertex  1.600000e+01  3.227929e+00  1.237812e+01
   endloop
 endfacet
 facet normal -0.000000e+00 -9.828989e-01 -1.841461e-01
   outer loop
     vertex  1.600000e+01  3.202331e+00  1.255460e+01
     vertex  0.000000e+00  3.185911e+00  1.264224e+01
     vertex  0.000000e+00  3.202331e+00  1.255460e+01
   endloop
 endfacet
 facet normal -0.000000e+00 -9.875808e-01 -1.571119e-01
   outer loop
     vertex  1.600000e+01  3.202331e+00  1.255460e+01
     vertex  0.000000e+00  3.202331e+00  1.255460e+01
     vertex  1.600000e+01  3.216340e+00  1.246653e+01
   endloop
 endfacet
 facet normal -0.000000e+00 -9.828989e-01 -1.841461e-01
   outer loop
     vertex  1.600000e+01  3.185911e+00  1.264224e+01
     vertex  0.000000e+00  3.185911e+00  1.264224e+01
     vertex  1.600000e+01  3.202331e+00  1.255460e+01
   endloop
 endfacet
 facet normal -0.000000e+00 -9.774771e-01 -2.110417e-01
   outer loop
     vertex  1.600000e+01  3.167092e+00  1.272940e+01
     vertex  0.000000e+00  3.167092e+00  1.272940e+01
     vertex  0.000000e+00  3.185911e+00  1.264224e+01
   endloop
 endfacet
 facet normal -6.439074e-20 -9.774771e-01 -2.110417e-01
   outer loop
     vertex  1.600000e+01  3.167092e+00  1.272940e+01
     vertex  0.000000e+00  3.185911e+00  1.264224e+01
     vertex  1.600000e+01  3.185911e+00  1.264224e+01
   endloop
 endfacet
 facet normal -0.000000e+00 -9.713194e-01 -2.377784e-01
   outer loop
     vertex  1.600000e+01  3.145890e+00  1.281601e+01
     vertex  0.000000e+00  3.145890e+00  1.281601e+01
     vertex  0.000000e+00  3.167092e+00  1.272940e+01
   endloop
 endfacet
 facet normal -0.000000e+00 -9.644306e-01 -2.643362e-01
   outer loop
     vertex  1.600000e+01  3.145890e+00  1.281601e+01
     vertex  0.000000e+00  3.122319e+00  1.290201e+01
     vertex  0.000000e+00  3.145890e+00  1.281601e+01
   endloop
 endfacet
 facet normal -4.583070e-20 -9.713194e-01 -2.377784e-01
   outer loop
     vertex  1.600000e+01  3.145890e+00  1.281601e+01
     vertex  0.000000e+00  3.167092e+00  1.272940e+01
     vertex  1.600000e+01  3.167092e+00  1.272940e+01
   endloop
 endfacet
 facet normal -0.000000e+00 -9.644306e-01 -2.643362e-01
   outer loop
     vertex  1.600000e+01  3.122319e+00  1.290201e+01
     vertex  0.000000e+00  3.122319e+00  1.290201e+01
     vertex  1.600000e+01  3.145890e+00  1.281601e+01
   endloop
 endfacet
 facet normal -0.000000e+00 -9.568158e-01 -2.906949e-01
   outer loop
     vertex  1.600000e+01  3.096398e+00  1.298733e+01
     vertex  0.000000e+00  3.096398e+00  1.298733e+01
     vertex  0.000000e+00  3.122319e+00  1.290201e+01
   endloop
 endfacet
 facet normal -5.316452e-21 -9.568158e-01 -2.906949e-01
   outer loop
     vertex  1.600000e+01  3.096398e+00  1.298733e+01
     vertex  0.000000e+00  3.122319e+00  1.290201e+01
     vertex  1.600000e+01  3.122319e+00  1.290201e+01
   endloop
 endfacet
 facet normal -0.000000e+00 -9.484807e-01 -3.168348e-01
   outer loop
     vertex  1.600000e+01  3.068146e+00  1.307190e+01
     vertex  0.000000e+00  3.068146e+00  1.307190e+01
     vertex  0.000000e+00  3.096398e+00  1.298733e+01
   endloop
 endfacet
 facet normal -3.606461e-20 -9.484807e-01 -3.168348e-01
   outer loop
     vertex  1.600000e+01  3.068146e+00  1.307190e+01
     vertex  0.000000e+00  3.096398e+00  1.298733e+01
     vertex  1.600000e+01  3.096398e+00  1.298733e+01
   endloop
 endfacet
 facet normal -0.000000e+00 -9.394317e-01 -3.427362e-01
   outer loop
     vertex  1.600000e+01  3.037585e+00  1.315567e+01
     vertex  0.000000e+00  3.037585e+00  1.315567e+01
     vertex  0.000000e+00  3.068146e+00  1.307190e+01
   endloop
 endfacet
 facet normal  1.433872e-19 -9.394317e-01 -3.427362e-01
   outer loop
     vertex  1.600000e+01  3.037585e+00  1.315567e+01
     vertex  0.000000e+00  3.068146e+00  1.307190e+01
     vertex  1.600000e+01  3.068146e+00  1.307190e+01
   endloop
 endfacet
 facet normal -0.000000e+00 -9.296754e-01 -3.683796e-01
   outer loop
     vertex  1.600000e+01  3.004737e+00  1.323857e+01
     vertex  0.000000e+00  3.004737e+00  1.323857e+01
     vertex  0.000000e+00  3.037585e+00  1.315567e+01
   endloop
 endfacet
 facet normal -0.000000e+00 -9.192194e-01 -3.937458e-01
   outer loop
     vertex  1.600000e+01  3.004737e+00  1.323857e+01
     vertex  0.000000e+00  2.969627e+00  1.332054e+01
     vertex  0.000000e+00  3.004737e+00  1.323857e+01
   endloop
 endfacet
 facet normal  6.231224e-21 -9.296754e-01 -3.683796e-01
   outer loop
     vertex  1.600000e+01  3.004737e+00  1.323857e+01
     vertex  0.000000e+00  3.037585e+00  1.315567e+01
     vertex  1.600000e+01  3.037585e+00  1.315567e+01
   endloop
 endfacet
 facet normal -0.000000e+00 -9.192194e-01 -3.937458e-01
   outer loop
     vertex  1.600000e+01  2.969627e+00  1.332054e+01
     vertex  0.000000e+00  2.969627e+00  1.332054e+01
     vertex  1.600000e+01  3.004737e+00  1.323857e+01
   endloop
 endfacet
 facet normal -0.000000e+00 -9.080714e-01 -4.188155e-01
   outer loop
     vertex  1.600000e+01  2.932282e+00  1.340151e+01
     vertex  0.000000e+00  2.932282e+00  1.340151e+01
     vertex  0.000000e+00  2.969627e+00  1.332054e+01
   endloop
 endfacet
 facet normal -0.000000e+00 -8.962398e-01 -4.435699e-01
   outer loop
     vertex  1.600000e+01  2.932282e+00  1.340151e+01
     vertex  0.000000e+00  2.892729e+00  1.348142e+01
     vertex  0.000000e+00  2.932282e+00  1.340151e+01
   endloop
 endfacet
 facet normal  3.758848e-20 -9.080714e-01 -4.188155e-01
   outer loop
     vertex  1.600000e+01  2.932282e+00  1.340151e+01
     vertex  0.000000e+00  2.969627e+00  1.332054e+01
     vertex  1.600000e+01  2.969627e+00  1.332054e+01
   endloop
 endfacet
 facet normal -0.000000e+00 -8.962398e-01 -4.435699e-01
   outer loop
     vertex  1.600000e+01  2.892729e+00  1.348142e+01
     vertex  0.000000e+00  2.892729e+00  1.348142e+01
     vertex  1.600000e+01  2.932282e+00  1.340151e+01
   endloop
 endfacet
 facet normal -0.000000e+00 -8.837335e-01 -4.679904e-01
   outer loop
     vertex  1.600000e+01  2.850999e+00  1.356023e+01
     vertex  0.000000e+00  2.850999e+00  1.356023e+01
     vertex  0.000000e+00  2.892729e+00  1.348142e+01
   endloop
 endfacet
 facet normal -0.000000e+00 -8.705620e-01 -4.920587e-01
   outer loop
     vertex  1.600000e+01  2.850999e+00  1.356023e+01
     vertex  0.000000e+00  2.807122e+00  1.363785e+01
     vertex  0.000000e+00  2.850999e+00  1.356023e+01
   endloop
 endfacet
 facet normal -1.215962e-19 -8.837335e-01 -4.679904e-01
   outer loop
     vertex  1.600000e+01  2.850999e+00  1.356023e+01
     vertex  0.000000e+00  2.892729e+00  1.348142e+01
     vertex  1.600000e+01  2.892729e+00  1.348142e+01
   endloop
 endfacet
 facet normal -0.000000e+00 -8.705620e-01 -4.920587e-01
   outer loop
     vertex  1.600000e+01  2.807122e+00  1.363785e+01
     vertex  0.000000e+00  2.807122e+00  1.363785e+01
     vertex  1.600000e+01  2.850999e+00  1.356023e+01
   endloop
 endfacet
 facet normal -0.000000e+00 -8.567352e-01 -5.157565e-01
   outer loop
     vertex  1.600000e+01  2.761133e+00  1.371425e+01
     vertex  0.000000e+00  2.761133e+00  1.371425e+01
     vertex  0.000000e+00  2.807122e+00  1.363785e+01
   endloop
 endfacet
 facet normal -5.711710e-20 -8.567352e-01 -5.157565e-01
   outer loop
     vertex  1.600000e+01  2.761133e+00  1.371425e+01
     vertex  0.000000e+00  2.807122e+00  1.363785e+01
     vertex  1.600000e+01  2.807122e+00  1.363785e+01
   endloop
 endfacet
 facet normal -0.000000e+00 -8.422635e-01 -5.390661e-01
   outer loop
     vertex  1.600000e+01  2.713065e+00  1.378935e+01
     vertex  0.000000e+00  2.713065e+00  1.378935e+01
     vertex  0.000000e+00  2.761133e+00  1.371425e+01
   endloop
 endfacet
 facet normal  1.327687e-19 -8.422635e-01 -5.390661e-01
   outer loop
     vertex  1.600000e+01  2.713065e+00  1.378935e+01
     vertex  0.000000e+00  2.761133e+00  1.371425e+01
     vertex  1.600000e+01  2.761133e+00  1.371425e+01
   endloop
 endfacet
 facet normal -0.000000e+00 -8.271577e-01 -5.619699e-01
   outer loop
     vertex  1.600000e+01  2.662954e+00  1.386311e+01
     vertex  0.000000e+00  2.662954e+00  1.386311e+01
     vertex  0.000000e+00  2.713065e+00  1.378935e+01
   endloop
 endfacet
 facet normal -0.000000e+00 -8.114292e-01 -5.844507e-01
   outer loop
     vertex  1.600000e+01  2.662954e+00  1.386311e+01
     vertex  0.000000e+00  2.610839e+00  1.393546e+01
     vertex  0.000000e+00  2.662954e+00  1.386311e+01
   endloop
 endfacet
 facet normal -1.492170e-19 -8.271577e-01 -5.619699e-01
   outer loop
     vertex  1.600000e+01  2.662954e+00  1.386311e+01
     vertex  0.000000e+00  2.713065e+00  1.378935e+01
     vertex  1.600000e+01  2.713065e+00  1.378935e+01
   endloop
 endfacet
 facet normal -0.000000e+00 -8.114292e-01 -5.844507e-01
   outer loop
     vertex  1.600000e+01  2.610839e+00  1.393546e+01
     vertex  0.000000e+00  2.610839e+00  1.393546e+01
     vertex  1.600000e+01  2.662954e+00  1.386311e+01
   endloop
 endfacet
 facet normal -0.000000e+00 -7.950900e-01 -6.064915e-01
   outer loop
     vertex  1.600000e+01  2.556759e+00  1.400636e+01
     vertex  0.000000e+00  2.556759e+00  1.400636e+01
     vertex  0.000000e+00  2.610839e+00  1.393546e+01
   endloop
 endfacet
 facet normal  1.158571e-19 -7.950900e-01 -6.064915e-01
   outer loop
     vertex  1.600000e+01  2.556759e+00  1.400636e+01
     vertex  0.000000e+00  2.610839e+00  1.393546e+01
     vertex  1.600000e+01  2.610839e+00  1.393546e+01
   endloop
 endfacet
 facet normal -0.000000e+00 -7.781522e-01 -6.280757e-01
   outer loop
     vertex  1.600000e+01  2.500754e+00  1.407575e+01
     vertex  0.000000e+00  2.500754e+00  1.407575e+01
     vertex  0.000000e+00  2.556759e+00  1.400636e+01
   endloop
 endfacet
 facet normal  8.357522e-20 -7.781522e-01 -6.280757e-01
   outer loop
     vertex  1.600000e+01  2.500754e+00  1.407575e+01
     vertex  0.000000e+00  2.556759e+00  1.400636e+01
     vertex  1.600000e+01  2.556759e+00  1.400636e+01
   endloop
 endfacet
 facet normal -0.000000e+00 -7.606287e-01 -6.491872e-01
   outer loop
     vertex  1.600000e+01  2.442867e+00  1.414357e+01
     vertex  0.000000e+00  2.442867e+00  1.414357e+01
     vertex  0.000000e+00  2.500754e+00  1.407575e+01
   endloop
 endfacet
 facet normal  2.397860e-19 -7.606287e-01 -6.491872e-01
   outer loop
     vertex  1.600000e+01  2.442867e+00  1.414357e+01
     vertex  0.000000e+00  2.500754e+00  1.407575e+01
     vertex  1.600000e+01  2.500754e+00  1.407575e+01
   endloop
 endfacet
 facet normal -0.000000e+00 -7.425325e-01 -6.698100e-01
   outer loop
     vertex  1.600000e+01  2.383141e+00  1.420978e+01
     vertex  0.000000e+00  2.383141e+00  1.420978e+01
     vertex  0.000000e+00  2.442867e+00  1.414357e+01
   endloop
 endfacet
 facet normal -0.000000e+00 -7.238775e-01 -6.899286e-01
   outer loop
     vertex  1.600000e+01  2.383141e+00  1.420978e+01
     vertex  0.000000e+00  2.321620e+00  1.427433e+01
     vertex  0.000000e+00  2.383141e+00  1.420978e+01
   endloop
 endfacet
 facet normal  2.823114e-19 -7.425325e-01 -6.698100e-01
   outer loop
     vertex  1.600000e+01  2.383141e+00  1.420978e+01
     vertex  0.000000e+00  2.442867e+00  1.414357e+01
     vertex  1.600000e+01  2.442867e+00  1.414357e+01
   endloop
 endfacet
 facet normal -0.000000e+00 -7.238775e-01 -6.899286e-01
   outer loop
     vertex  1.600000e+01  2.321620e+00  1.427433e+01
     vertex  0.000000e+00  2.321620e+00  1.427433e+01
     vertex  1.600000e+01  2.383141e+00  1.420978e+01
   endloop
 endfacet
 facet normal -0.000000e+00 -7.046775e-01 -7.095278e-01
   outer loop
     vertex  1.600000e+01  2.258352e+00  1.433717e+01
     vertex  0.000000e+00  2.258352e+00  1.433717e+01
     vertex  0.000000e+00  2.321620e+00  1.427433e+01
   endloop
 endfacet
 facet normal -1.677276e-19 -7.046775e-01 -7.095278e-01
   outer loop
     vertex  1.600000e+01  2.258352e+00  1.433717e+01
     vertex  0.000000e+00  2.321620e+00  1.427433e+01
     vertex  1.600000e+01  2.321620e+00  1.427433e+01
   endloop
 endfacet
 facet normal -0.000000e+00 -6.849470e-01 -7.285929e-01
   outer loop
     vertex  1.600000e+01  2.193384e+00  1.439824e+01
     vertex  0.000000e+00  2.193384e+00  1.439824e+01
     vertex  0.000000e+00  2.258352e+00  1.433717e+01
   endloop
 endfacet
 facet normal -0.000000e+00 -6.647010e-01 -7.471095e-01
   outer loop
     vertex  1.600000e+01  2.193384e+00  1.439824e+01
     vertex  0.000000e+00  2.126765e+00  1.445751e+01
     vertex  0.000000e+00  2.193384e+00  1.439824e+01
   endloop
 endfacet
 facet normal -9.399308e-20 -6.849470e-01 -7.285929e-01
   outer loop
     vertex  1.600000e+01  2.193384e+00  1.439824e+01
     vertex  0.000000e+00  2.258352e+00  1.433717e+01
     vertex  1.600000e+01  2.258352e+00  1.433717e+01
   endloop
 endfacet
 facet normal -0.000000e+00 -6.647010e-01 -7.471095e-01
   outer loop
     vertex  1.600000e+01  2.126765e+00  1.445751e+01
     vertex  0.000000e+00  2.126765e+00  1.445751e+01
     vertex  1.600000e+01  2.193384e+00  1.439824e+01
   endloop
 endfacet
 facet normal -0.000000e+00 -6.439545e-01 -7.650637e-01
   outer loop
     vertex  1.600000e+01  2.058545e+00  1.451493e+01
     vertex  0.000000e+00  2.058545e+00  1.451493e+01
     vertex  0.000000e+00  2.126765e+00  1.445751e+01
   endloop
 endfacet
 facet normal  2.177896e-19 -6.439545e-01 -7.650637e-01
   outer loop
     vertex  1.600000e+01  2.058545e+00  1.451493e+01
     vertex  0.000000e+00  2.126765e+00  1.445751e+01
     vertex  1.600000e+01  2.126765e+00  1.445751e+01
   endloop
 endfacet
 facet normal -0.000000e+00 -6.227234e-01 -7.824421e-01
   outer loop
     vertex  1.600000e+01  1.988776e+00  1.457046e+01
     vertex  0.000000e+00  1.988776e+00  1.457046e+01
     vertex  0.000000e+00  2.058545e+00  1.451493e+01
   endloop
 endfacet
 facet normal -1.347854e-19 -6.227234e-01 -7.824421e-01
   outer loop
     vertex  1.600000e+01  1.988776e+00  1.457046e+01
     vertex  0.000000e+00  2.058545e+00  1.451493e+01
     vertex  1.600000e+01  2.058545e+00  1.451493e+01
   endloop
 endfacet
 facet normal -0.000000e+00 -6.010234e-01 -7.992314e-01
   outer loop
     vertex  1.600000e+01  1.917509e+00  1.462405e+01
     vertex  0.000000e+00  1.917509e+00  1.462405e+01
     vertex  0.000000e+00  1.988776e+00  1.457046e+01
   endloop
 endfacet
 facet normal -1.573657e-20 -6.010234e-01 -7.992314e-01
   outer loop
     vertex  1.600000e+01  1.917509e+00  1.462405e+01
     vertex  0.000000e+00  1.988776e+00  1.457046e+01
     vertex  1.600000e+01  1.988776e+00  1.457046e+01
   endloop
 endfacet
 facet normal -0.000000e+00 -5.788711e-01 -8.154191e-01
   outer loop
     vertex  1.600000e+01  1.844799e+00  1.467567e+01
     vertex  0.000000e+00  1.844799e+00  1.467567e+01
     vertex  0.000000e+00  1.917509e+00  1.462405e+01
   endloop
 endfacet
 facet normal -0.000000e+00 -5.562829e-01 -8.309929e-01
   outer loop
     vertex  1.600000e+01  1.844799e+00  1.467567e+01
     vertex  0.000000e+00  1.770700e+00  1.472527e+01
     vertex  0.000000e+00  1.844799e+00  1.467567e+01
   endloop
 endfacet
 facet normal -7.225553e-20 -5.788711e-01 -8.154191e-01
   outer loop
     vertex  1.600000e+01  1.844799e+00  1.467567e+01
     vertex  0.000000e+00  1.917509e+00  1.462405e+01
     vertex  1.600000e+01  1.917509e+00  1.462405e+01
   endloop
 endfacet
 facet normal -0.000000e+00 -5.562829e-01 -8.309929e-01
   outer loop
     vertex  1.600000e+01  1.770700e+00  1.472527e+01
     vertex  0.000000e+00  1.770700e+00  1.472527e+01
     vertex  1.600000e+01  1.844799e+00  1.467567e+01
   endloop
 endfacet
 facet normal -0.000000e+00 -5.332761e-01 -8.459413e-01
   outer loop
     vertex  1.600000e+01  1.695268e+00  1.477283e+01
     vertex  0.000000e+00  1.695268e+00  1.477283e+01
     vertex  0.000000e+00  1.770700e+00  1.472527e+01
   endloop
 endfacet
 facet normal -2.631251e-20 -5.332761e-01 -8.459413e-01
   outer loop
     vertex  1.600000e+01  1.695268e+00  1.477283e+01
     vertex  0.000000e+00  1.770700e+00  1.472527e+01
     vertex  1.600000e+01  1.770700e+00  1.472527e+01
   endloop
 endfacet
 facet normal -0.000000e+00 -5.098678e-01 -8.602528e-01
   outer loop
     vertex  1.600000e+01  1.618560e+00  1.481829e+01
     vertex  0.000000e+00  1.618560e+00  1.481829e+01
     vertex  0.000000e+00  1.695268e+00  1.477283e+01
   endloop
 endfacet
 facet normal -8.548925e-20 -5.098678e-01 -8.602528e-01
   outer loop
     vertex  1.600000e+01  1.618560e+00  1.481829e+01
     vertex  0.000000e+00  1.695268e+00  1.477283e+01
     vertex  1.600000e+01  1.695268e+00  1.477283e+01
   endloop
 endfacet
 facet normal -0.000000e+00 -4.860756e-01 -8.739167e-01
   outer loop
     vertex  1.600000e+01  1.540634e+00  1.486163e+01
     vertex  0.000000e+00  1.540634e+00  1.486163e+01
     vertex  0.000000e+00  1.618560e+00  1.481829e+01
   endloop
 endfacet
 facet normal  6.831718e-20 -4.860756e-01 -8.739167e-01
   outer loop
     vertex  1.600000e+01  1.540634e+00  1.486163e+01
     vertex  0.000000e+00  1.618560e+00  1.481829e+01
     vertex  1.600000e+01  1.618560e+00  1.481829e+01
   endloop
 endfacet
 facet normal -0.000000e+00 -4.619176e-01 -8.869228e-01
   outer loop
     vertex  1.600000e+01  1.461548e+00  1.490282e+01
     vertex  0.000000e+00  1.461548e+00  1.490282e+01
     vertex  0.000000e+00  1.540634e+00  1.486163e+01
   endloop
 endfacet
 facet normal -0.000000e+00 -4.374119e-01 -8.992613e-01
   outer loop
     vertex  1.600000e+01  1.461548e+00  1.490282e+01
     vertex  0.000000e+00  1.381362e+00  1.494183e+01
     vertex  0.000000e+00  1.461548e+00  1.490282e+01
   endloop
 endfacet
 facet normal  4.401705e-20 -4.619176e-01 -8.869228e-01
   outer loop
     vertex  1.600000e+01  1.461548e+00  1.490282e+01
     vertex  0.000000e+00  1.540634e+00  1.486163e+01
     vertex  1.600000e+01  1.540634e+00  1.486163e+01
   endloop
 endfacet
 facet normal -0.000000e+00 -4.374119e-01 -8.992613e-01
   outer loop
     vertex  1.600000e+01  1.381362e+00  1.494183e+01
     vertex  0.000000e+00  1.381362e+00  1.494183e+01
     vertex  1.600000e+01  1.461548e+00  1.490282e+01
   endloop
 endfacet
 facet normal -7.273507e-20 -4.125769e-01 -9.109228e-01
   outer loop
     vertex  1.600000e+01  1.300136e+00  1.497862e+01
     vertex  0.000000e+00  1.381362e+00  1.494183e+01
     vertex  1.600000e+01  1.381362e+00  1.494183e+01
   endloop
 endfacet
 facet normal -0.000000e+00 -4.125769e-01 -9.109228e-01
   outer loop
     vertex  1.600000e+01  1.300136e+00  1.497862e+01
     vertex  0.000000e+00  1.300136e+00  1.497862e+01
     vertex  0.000000e+00  1.381362e+00  1.494183e+01
   endloop
 endfacet
 facet normal  7.572458e-20 -3.874313e-01 -9.218986e-01
   outer loop
     vertex  1.600000e+01  1.217931e+00  1.501316e+01
     vertex  0.000000e+00  1.300136e+00  1.497862e+01
     vertex  1.600000e+01  1.300136e+00  1.497862e+01
   endloop
 endfacet
 facet normal -0.000000e+00 -3.874313e-01 -9.218986e-01
   outer loop
     vertex  1.600000e+01  1.217931e+00  1.501316e+01
     vertex  0.000000e+00  1.217931e+00  1.501316e+01
     vertex  0.000000e+00  1.300136e+00  1.497862e+01
   endloop
 endfacet
 facet normal -0.000000e+00 -3.619940e-01 -9.321804e-01
   outer loop
     vertex  1.600000e+01  1.217931e+00  1.501316e+01
     vertex  0.000000e+00  1.134809e+00  1.504544e+01
     vertex  0.000000e+00  1.217931e+00  1.501316e+01
   endloop
 endfacet
 facet normal -0.000000e+00 -3.619940e-01 -9.321804e-01
   outer loop
     vertex  1.600000e+01  1.134809e+00  1.504544e+01
     vertex  0.000000e+00  1.134809e+00  1.504544e+01
     vertex  1.600000e+01  1.217931e+00  1.501316e+01
   endloop
 endfacet
 facet normal -0.000000e+00 -3.362843e-01 -9.417605e-01
   outer loop
     vertex  1.600000e+01  1.134809e+00  1.504544e+01
     vertex  0.000000e+00  1.050833e+00  1.507543e+01
     vertex  0.000000e+00  1.134809e+00  1.504544e+01
   endloop
 endfacet
 facet normal -0.000000e+00 -3.362843e-01 -9.417605e-01
   outer loop
     vertex  1.600000e+01  1.050833e+00  1.507543e+01
     vertex  0.000000e+00  1.050833e+00  1.507543e+01
     vertex  1.600000e+01  1.134809e+00  1.504544e+01
   endloop
 endfacet
 facet normal  1.337623e-19 -3.103214e-01 -9.506317e-01
   outer loop
     vertex  1.600000e+01  9.660663e-01  1.510310e+01
     vertex  0.000000e+00  1.050833e+00  1.507543e+01
     vertex  1.600000e+01  1.050833e+00  1.507543e+01
   endloop
 endfacet
 facet normal -0.000000e+00 -3.103214e-01 -9.506317e-01
   outer loop
     vertex  1.600000e+01  9.660663e-01  1.510310e+01
     vertex  0.000000e+00  9.660663e-01  1.510310e+01
     vertex  0.000000e+00  1.050833e+00  1.507543e+01
   endloop
 endfacet
 facet normal -1.978431e-20 -2.841250e-01 -9.587873e-01
   outer loop
     vertex  1.600000e+01  8.805721e-01  1.512843e+01
     vertex  0.000000e+00  9.660663e-01  1.510310e+01
     vertex  1.600000e+01  9.660663e-01  1.510310e+01
   endloop
 endfacet
 facet normal -0.000000e+00 -2.841250e-01 -9.587873e-01
   outer loop
     vertex  1.600000e+01  8.805721e-01  1.512843e+01
     vertex  0.000000e+00  8.805721e-01  1.512843e+01
     vertex  0.000000e+00  9.660663e-01  1.510310e+01
   endloop
 endfacet
 facet normal -0.000000e+00 -2.577146e-01 -9.662211e-01
   outer loop
     vertex  1.600000e+01  8.805721e-01  1.512843e+01
     vertex  0.000000e+00  7.944151e-01  1.515141e+01
     vertex  0.000000e+00  8.805721e-01  1.512843e+01
   endloop
 endfacet
 facet normal -0.000000e+00 -2.577146e-01 -9.662211e-01
   outer loop
     vertex  1.600000e+01  7.944151e-01  1.515141e+01
     vertex  0.000000e+00  7.944151e-01  1.515141e+01
     vertex  1.600000e+01  8.805721e-01  1.512843e+01
   endloop
 endfacet
 facet normal -6.914993e-20 -2.311102e-01 -9.729276e-01
   outer loop
     vertex  1.600000e+01  7.076601e-01  1.517202e+01
     vertex  0.000000e+00  7.944151e-01  1.515141e+01
     vertex  1.600000e+01  7.944151e-01  1.515141e+01
   endloop
 endfacet
 facet normal -0.000000e+00 -2.311102e-01 -9.729276e-01
   outer loop
     vertex  1.600000e+01  7.076601e-01  1.517202e+01
     vertex  0.000000e+00  7.076601e-01  1.517202e+01
     vertex  0.000000e+00  7.944151e-01  1.515141e+01
   endloop
 endfacet
 facet normal -0.000000e+00 -2.043319e-01 -9.789017e-01
   outer loop
     vertex  1.600000e+01  7.076601e-01  1.517202e+01
     vertex  0.000000e+00  6.203724e-01  1.519024e+01
     vertex  0.000000e+00  7.076601e-01  1.517202e+01
   endloop
 endfacet
 facet normal -0.000000e+00 -2.043319e-01 -9.789017e-01
   outer loop
     vertex  1.600000e+01  6.203724e-01  1.519024e+01
     vertex  0.000000e+00  6.203724e-01  1.519024e+01
     vertex  1.600000e+01  7.076601e-01  1.517202e+01
   endloop
 endfacet
 facet normal -2.209986e-20 -1.773998e-01 -9.841389e-01
   outer loop
     vertex  1.600000e+01  5.326177e-01  1.520606e+01
     vertex  0.000000e+00  6.203724e-01  1.519024e+01
     vertex  1.600000e+01  6.203724e-01  1.519024e+01
   endloop
 endfacet
 facet normal -0.000000e+00 -1.773998e-01 -9.841389e-01
   outer loop
     vertex  1.600000e+01  5.326177e-01  1.520606e+01
     vertex  0.000000e+00  5.326177e-01  1.520606e+01
     vertex  0.000000e+00  6.203724e-01  1.519024e+01
   endloop
 endfacet
 facet normal -0.000000e+00 -1.503341e-01 -9.886353e-01
   outer loop
     vertex  1.600000e+01  5.326177e-01  1.520606e+01
     vertex  0.000000e+00  4.444620e-01  1.521946e+01
     vertex  0.000000e+00  5.326177e-01  1.520606e+01
   endloop
 endfacet
 facet normal -0.000000e+00 -1.503341e-01 -9.886353e-01
   outer loop
     vertex  1.600000e+01  4.444620e-01  1.521946e+01
     vertex  0.000000e+00  4.444620e-01  1.521946e+01
     vertex  1.600000e+01  5.326177e-01  1.520606e+01
   endloop
 endfacet
 facet normal -0.000000e+00 -1.231552e-01 -9.923874e-01
   outer loop
     vertex  1.600000e+01  4.444620e-01  1.521946e+01
     vertex  0.000000e+00  3.559718e-01  1.523045e+01
     vertex  0.000000e+00  4.444620e-01  1.521946e+01
   endloop
 endfacet
 facet normal -0.000000e+00 -1.231552e-01 -9.923874e-01
   outer loop
     vertex  1.600000e+01  3.559718e-01  1.523045e+01
     vertex  0.000000e+00  3.559718e-01  1.523045e+01
     vertex  1.600000e+01  4.444620e-01  1.521946e+01
   endloop
 endfacet
 facet normal -0.000000e+00 -9.588368e-02 -9.953925e-01
   outer loop
     vertex  1.600000e+01  2.672135e-01  1.523900e+01
     vertex  0.000000e+00  2.672135e-01  1.523900e+01
     vertex  0.000000e+00  3.559718e-01  1.523045e+01
   endloop
 endfacet
 facet normal  1.449292e-20 -9.588368e-02 -9.953925e-01
   outer loop
     vertex  1.600000e+01  2.672135e-01  1.523900e+01
     vertex  0.000000e+00  3.559718e-01  1.523045e+01
     vertex  1.600000e+01  3.559718e-01  1.523045e+01
   endloop
 endfacet
 facet normal -0.000000e+00 -6.853995e-02 -9.976484e-01
   outer loop
     vertex  1.600000e+01  1.782542e-01  1.524511e+01
     vertex  0.000000e+00  1.782542e-01  1.524511e+01
     vertex  0.000000e+00  2.672135e-01  1.523900e+01
   endloop
 endfacet
 facet normal  2.527917e-21 -6.853995e-02 -9.976484e-01
   outer loop
     vertex  1.600000e+01  1.782542e-01  1.524511e+01
     vertex  0.000000e+00  2.672135e-01  1.523900e+01
     vertex  1.600000e+01  2.672135e-01  1.523900e+01
   endloop
 endfacet
 facet normal -0.000000e+00 -4.114462e-02 -9.991532e-01
   outer loop
     vertex  1.600000e+01  8.916066e-02  1.524878e+01
     vertex  0.000000e+00  8.916066e-02  1.524878e+01
     vertex  0.000000e+00  1.782542e-01  1.524511e+01
   endloop
 endfacet
 facet normal -1.312076e-20 -4.114462e-02 -9.991532e-01
   outer loop
     vertex  1.600000e+01  8.916066e-02  1.524878e+01
     vertex  0.000000e+00  1.782542e-01  1.524511e+01
     vertex  1.600000e+01  1.782542e-01  1.524511e+01
   endloop
 endfacet
 facet normal -0.000000e+00 -1.371831e-02 -9.999059e-01
   outer loop
     vertex  1.600000e+01  7.960204e-16  1.525000e+01
     vertex  0.000000e+00  7.960204e-16  1.525000e+01
     vertex  0.000000e+00  8.916066e-02  1.524878e+01
   endloop
 endfacet
 facet normal -4.361895e-21 -1.371831e-02 -9.999059e-01
   outer loop
     vertex  1.600000e+01  7.960204e-16  1.525000e+01
     vertex  0.000000e+00  8.916066e-02  1.524878e+01
     vertex  1.600000e+01  8.916066e-02  1.524878e+01
   endloop
 endfacet
 facet normal -6.918327e-21  1.335140e-02 -9.999109e-01
   outer loop
     vertex  8.000000e+00 -8.677640e-02  4.124884e+01
     vertex  0.000000e+00  7.960204e-16  4.125000e+01
     vertex  8.000000e+00  7.960204e-16  4.125000e+01
   endloop
 endfacet
 facet normal  3.980611e-06  1.371831e-02 -9.999059e-01
   outer loop
     vertex  8.000000e+00 -8.677640e-02  4.124884e+01
     vertex  0.000000e+00 -8.916066e-02  4.124878e+01
     vertex  0.000000e+00  7.960204e-16  4.125000e+01
   endloop
 endfacet
 facet normal -3.871219e-06  4.004469e-02 -9.991979e-01
   outer loop
     vertex  8.000000e+00 -1.734909e-01  4.124537e+01
     vertex  0.000000e+00 -8.916066e-02  4.124878e+01
     vertex  8.000000e+00 -8.677640e-02  4.124884e+01
   endloop
 endfacet
 facet normal  7.742438e-06  4.114462e-02 -9.991532e-01
   outer loop
     vertex  8.000000e+00 -1.734909e-01  4.124537e+01
     vertex  0.000000e+00 -1.782542e-01  4.124511e+01
     vertex  0.000000e+00 -8.916066e-02  4.124878e+01
   endloop
 endfacet
 facet normal  1.128548e-05  6.853995e-02 -9.976484e-01
   outer loop
     vertex  8.000000e+00 -2.600817e-01  4.123958e+01
     vertex  0.000000e+00 -2.672135e-01  4.123900e+01
     vertex  0.000000e+00 -1.782542e-01  4.124511e+01
   endloop
 endfacet
 facet normal -7.523654e-06  6.670943e-02 -9.977724e-01
   outer loop
     vertex  8.000000e+00 -2.600817e-01  4.123958e+01
     vertex  0.000000e+00 -1.782542e-01  4.124511e+01
     vertex  8.000000e+00 -1.734909e-01  4.124537e+01
   endloop
 endfacet
 facet normal  1.460973e-05  9.588368e-02 -9.953925e-01
   outer loop
     vertex  8.000000e+00 -3.464871e-01  4.123148e+01
     vertex  0.000000e+00 -3.559718e-01  4.123045e+01
     vertex  0.000000e+00 -2.672135e-01  4.123900e+01
   endloop
 endfacet
 facet normal -1.095730e-05  9.332660e-02 -9.956355e-01
   outer loop
     vertex  8.000000e+00 -3.464871e-01  4.123148e+01
     vertex  0.000000e+00 -2.672135e-01  4.123900e+01
     vertex  8.000000e+00 -2.600817e-01  4.123958e+01
   endloop
 endfacet
 facet normal  1.771520e-05  1.231552e-01 -9.923874e-01
   outer loop
     vertex  8.000000e+00 -4.326454e-01  4.122107e+01
     vertex  0.000000e+00 -4.444620e-01  4.121946e+01
     vertex  0.000000e+00 -3.559718e-01  4.123045e+01
   endloop
 endfacet
 facet normal -1.417216e-05  1.198772e-01 -9.927887e-01
   outer loop
     vertex  8.000000e+00 -4.326454e-01  4.122107e+01
     vertex  0.000000e+00 -3.559718e-01  4.123045e+01
     vertex  8.000000e+00 -3.464871e-01  4.123148e+01
   endloop
 endfacet
 facet normal  2.060187e-05  1.503341e-01 -9.886353e-01
   outer loop
     vertex  8.000000e+00 -5.184952e-01  4.120837e+01
     vertex  0.000000e+00 -5.326177e-01  4.120606e+01
     vertex  0.000000e+00 -4.444620e-01  4.121946e+01
   endloop
 endfacet
 facet normal -1.716823e-05  1.463424e-01 -9.892340e-01
   outer loop
     vertex  8.000000e+00 -5.184952e-01  4.120837e+01
     vertex  0.000000e+00 -4.444620e-01  4.121946e+01
     vertex  8.000000e+00 -4.326454e-01  4.122107e+01
   endloop
 endfacet
 facet normal  2.326975e-05  1.773998e-01 -9.841389e-01
   outer loop
     vertex  8.000000e+00 -6.039753e-01  4.119339e+01
     vertex  0.000000e+00 -6.203724e-01  4.119024e+01
     vertex  0.000000e+00 -5.326177e-01  4.120606e+01
   endloop
 endfacet
 facet normal -1.994550e-05  1.727032e-01 -9.849739e-01
   outer loop
     vertex  8.000000e+00 -6.039753e-01  4.119339e+01
     vertex  0.000000e+00 -5.326177e-01  4.120606e+01
     vertex  8.000000e+00 -5.184952e-01  4.120837e+01
   endloop
 endfacet
 facet normal  2.571883e-05  2.043319e-01 -9.789017e-01
   outer loop
     vertex  8.000000e+00 -6.890248e-01  4.117612e+01
     vertex  0.000000e+00 -7.076601e-01  4.117202e+01
     vertex  0.000000e+00 -6.203724e-01  4.119024e+01
   endloop
 endfacet
 facet normal -2.250399e-05  1.989408e-01 -9.800115e-01
   outer loop
     vertex  8.000000e+00 -6.890248e-01  4.117612e+01
     vertex  0.000000e+00 -6.203724e-01  4.119024e+01
     vertex  8.000000e+00 -6.039753e-01  4.119339e+01
   endloop
 endfacet
 facet normal  2.794912e-05  2.311102e-01 -9.729276e-01
   outer loop
     vertex  8.000000e+00 -7.735829e-01  4.115659e+01
     vertex  0.000000e+00 -7.944151e-01  4.115141e+01
     vertex  0.000000e+00 -7.076601e-01  4.117202e+01
   endloop
 endfacet
 facet normal -2.484367e-05  2.250366e-01 -9.743503e-01
   outer loop
     vertex  8.000000e+00 -7.735829e-01  4.115659e+01
     vertex  0.000000e+00 -7.076601e-01  4.117202e+01
     vertex  8.000000e+00 -6.890248e-01  4.117612e+01
   endloop
 endfacet
 facet normal -2.696456e-05  2.509720e-01 -9.679944e-01
   outer loop
     vertex  8.000000e+00 -8.575895e-01  4.113481e+01
     vertex  0.000000e+00 -7.944151e-01  4.115141e+01
     vertex  8.000000e+00 -7.735829e-01  4.115659e+01
   endloop
 endfacet
 facet normal  2.996061e-05  2.577146e-01 -9.662211e-01
   outer loop
     vertex  8.000000e+00 -8.575895e-01  4.113481e+01
     vertex  0.000000e+00 -8.805721e-01  4.112843e+01
     vertex  0.000000e+00 -7.944151e-01  4.115141e+01
   endloop
 endfacet
 facet normal -2.886666e-05  2.767284e-01 -9.609482e-01
   outer loop
     vertex  8.000000e+00 -9.409845e-01  4.111080e+01
     vertex  0.000000e+00 -8.805721e-01  4.112843e+01
     vertex  8.000000e+00 -8.575895e-01  4.113481e+01
   endloop
 endfacet
 facet normal  3.175331e-05  2.841250e-01 -9.587873e-01
   outer loop
     vertex  8.000000e+00 -9.409845e-01  4.111080e+01
     vertex  0.000000e+00 -9.660663e-01  4.110310e+01
     vertex  0.000000e+00 -8.805721e-01  4.112843e+01
   endloop
 endfacet
 facet normal -3.054995e-05  3.022874e-01 -9.532168e-01
   outer loop
     vertex  8.000000e+00 -1.023709e+00  4.108456e+01
     vertex  0.000000e+00 -9.660663e-01  4.110310e+01
     vertex  8.000000e+00 -9.409845e-01  4.111080e+01
   endloop
 endfacet
 facet normal  3.332720e-05  3.103214e-01 -9.506317e-01
   outer loop
     vertex  8.000000e+00 -1.023709e+00  4.108456e+01
     vertex  0.000000e+00 -1.050833e+00  4.107543e+01
     vertex  0.000000e+00 -9.660663e-01  4.110310e+01
   endloop
 endfacet
 facet normal  3.468230e-05  3.362843e-01 -9.417605e-01
   outer loop
     vertex  8.000000e+00 -1.105703e+00  4.105613e+01
     vertex  0.000000e+00 -1.134809e+00  4.104544e+01
     vertex  0.000000e+00 -1.050833e+00  4.107543e+01
   endloop
 endfacet
 facet normal -3.201445e-05  3.276310e-01 -9.448058e-01
   outer loop
     vertex  8.000000e+00 -1.105703e+00  4.105613e+01
     vertex  0.000000e+00 -1.050833e+00  4.107543e+01
     vertex  8.000000e+00 -1.023709e+00  4.108456e+01
   endloop
 endfacet
 facet normal  3.581859e-05  3.619940e-01 -9.321804e-01
   outer loop
     vertex  8.000000e+00 -1.186908e+00  4.102552e+01
     vertex  0.000000e+00 -1.217931e+00  4.101316e+01
     vertex  0.000000e+00 -1.134809e+00  4.104544e+01
   endloop
 endfacet
 facet normal -3.326014e-05  3.527409e-01 -9.357210e-01
   outer loop
     vertex  8.000000e+00 -1.186908e+00  4.102552e+01
     vertex  0.000000e+00 -1.134809e+00  4.104544e+01
     vertex  8.000000e+00 -1.105703e+00  4.105613e+01
   endloop
 endfacet
 facet normal  3.673608e-05  3.874313e-01 -9.218986e-01
   outer loop
     vertex  8.000000e+00 -1.267268e+00  4.099275e+01
     vertex  0.000000e+00 -1.300136e+00  4.097862e+01
     vertex  0.000000e+00 -1.217931e+00  4.101316e+01
   endloop
 endfacet
 facet normal -3.428703e-05  3.775993e-01 -9.259691e-01
   outer loop
     vertex  8.000000e+00 -1.267268e+00  4.099275e+01
     vertex  0.000000e+00 -1.217931e+00  4.101316e+01
     vertex  8.000000e+00 -1.186908e+00  4.102552e+01
   endloop
 endfacet
 facet normal  3.743478e-05  4.125769e-01 -9.109228e-01
   outer loop
     vertex  8.000000e+00 -1.346724e+00  4.095784e+01
     vertex  0.000000e+00 -1.381362e+00  4.094183e+01
     vertex  0.000000e+00 -1.300136e+00  4.097862e+01
   endloop
 endfacet
 facet normal -3.509513e-05  4.021884e-01 -9.155569e-01
   outer loop
     vertex  8.000000e+00 -1.346724e+00  4.095784e+01
     vertex  0.000000e+00 -1.300136e+00  4.097862e+01
     vertex  8.000000e+00 -1.267268e+00  4.099275e+01
   endloop
 endfacet
 facet normal  3.791467e-05  4.374119e-01 -8.992613e-01
   outer loop
     vertex  8.000000e+00 -1.425219e+00  4.092083e+01
     vertex  0.000000e+00 -1.461548e+00  4.090282e+01
     vertex  0.000000e+00 -1.381362e+00  4.094183e+01
   endloop
 endfacet
 facet normal -3.568442e-05  4.264908e-01 -9.044919e-01
   outer loop
     vertex  8.000000e+00 -1.425219e+00  4.092083e+01
     vertex  0.000000e+00 -1.381362e+00  4.094183e+01
     vertex  8.000000e+00 -1.346724e+00  4.095784e+01
   endloop
 endfacet
 facet normal  3.817575e-05  4.619176e-01 -8.869228e-01
   outer loop
     vertex  8.000000e+00 -1.502699e+00  4.088174e+01
     vertex  0.000000e+00 -1.540634e+00  4.086163e+01
     vertex  0.000000e+00 -1.461548e+00  4.090282e+01
   endloop
 endfacet
 facet normal -3.605491e-05  4.504891e-01 -8.927819e-01
   outer loop
     vertex  8.000000e+00 -1.502699e+00  4.088174e+01
     vertex  0.000000e+00 -1.461548e+00  4.090282e+01
     vertex  8.000000e+00 -1.425219e+00  4.092083e+01
   endloop
 endfacet
 facet normal  3.821804e-05  4.860756e-01 -8.739167e-01
   outer loop
     vertex  8.000000e+00 -1.579106e+00  4.084058e+01
     vertex  0.000000e+00 -1.618560e+00  4.081829e+01
     vertex  0.000000e+00 -1.540634e+00  4.086163e+01
   endloop
 endfacet
 facet normal -3.620659e-05  4.741661e-01 -8.804354e-01
   outer loop
     vertex  8.000000e+00 -1.579106e+00  4.084058e+01
     vertex  0.000000e+00 -1.540634e+00  4.086163e+01
     vertex  8.000000e+00 -1.502699e+00  4.088174e+01
   endloop
 endfacet
 facet normal  3.804152e-05  5.098678e-01 -8.602528e-01
   outer loop
     vertex  8.000000e+00 -1.654388e+00  4.079741e+01
     vertex  0.000000e+00 -1.695268e+00  4.077283e+01
     vertex  0.000000e+00 -1.618560e+00  4.081829e+01
   endloop
 endfacet
 facet normal -3.613948e-05  4.975051e-01 -8.674611e-01
   outer loop
     vertex  8.000000e+00 -1.654388e+00  4.079741e+01
     vertex  0.000000e+00 -1.618560e+00  4.081829e+01
     vertex  8.000000e+00 -1.579106e+00  4.084058e+01
   endloop
 endfacet
 facet normal  3.764620e-05  5.332761e-01 -8.459413e-01
   outer loop
     vertex  8.000000e+00 -1.728490e+00  4.075224e+01
     vertex  0.000000e+00 -1.770700e+00  4.072527e+01
     vertex  0.000000e+00 -1.695268e+00  4.077283e+01
   endloop
 endfacet
 facet normal -3.585356e-05  5.204893e-01 -8.538682e-01
   outer loop
     vertex  8.000000e+00 -1.728490e+00  4.075224e+01
     vertex  0.000000e+00 -1.695268e+00  4.077283e+01
     vertex  8.000000e+00 -1.654388e+00  4.079741e+01
   endloop
 endfacet
 facet normal  3.703208e-05  5.562829e-01 -8.309929e-01
   outer loop
     vertex  8.000000e+00 -1.801360e+00  4.070511e+01
     vertex  0.000000e+00 -1.844799e+00  4.067567e+01
     vertex  0.000000e+00 -1.770700e+00  4.072527e+01
   endloop
 endfacet
 facet normal -3.534884e-05  5.431024e-01 -8.396665e-01
   outer loop
     vertex  8.000000e+00 -1.801360e+00  4.070511e+01
     vertex  0.000000e+00 -1.770700e+00  4.072527e+01
     vertex  8.000000e+00 -1.728490e+00  4.075224e+01
   endloop
 endfacet
 facet normal  3.619916e-05  5.788711e-01 -8.154191e-01
   outer loop
     vertex  8.000000e+00 -1.872945e+00  4.065605e+01
     vertex  0.000000e+00 -1.917509e+00  4.062405e+01
     vertex  0.000000e+00 -1.844799e+00  4.067567e+01
   endloop
 endfacet
 facet normal -3.462531e-05  5.653282e-01 -8.248661e-01
   outer loop
     vertex  8.000000e+00 -1.872945e+00  4.065605e+01
     vertex  0.000000e+00 -1.844799e+00  4.067567e+01
     vertex  8.000000e+00 -1.801360e+00  4.070511e+01
   endloop
 endfacet
 facet normal  3.514743e-05  6.010234e-01 -7.992314e-01
   outer loop
     vertex  8.000000e+00 -1.943195e+00  4.060509e+01
     vertex  0.000000e+00 -1.988776e+00  4.057046e+01
     vertex  0.000000e+00 -1.917509e+00  4.062405e+01
   endloop
 endfacet
 facet normal -3.368299e-05  5.871509e-01 -8.094775e-01
   outer loop
     vertex  8.000000e+00 -1.943195e+00  4.060509e+01
     vertex  0.000000e+00 -1.917509e+00  4.062405e+01
     vertex  8.000000e+00 -1.872945e+00  4.065605e+01
   endloop
 endfacet
 facet normal  3.387690e-05  6.227234e-01 -7.824421e-01
   outer loop
     vertex  8.000000e+00 -2.012060e+00  4.055228e+01
     vertex  0.000000e+00 -2.058545e+00  4.051493e+01
     vertex  0.000000e+00 -1.988776e+00  4.057046e+01
   endloop
 endfacet
 facet normal -3.252186e-05  6.085550e-01 -7.935117e-01
   outer loop
     vertex  8.000000e+00 -2.012060e+00  4.055228e+01
     vertex  0.000000e+00 -1.988776e+00  4.057046e+01
     vertex  8.000000e+00 -1.943195e+00  4.060509e+01
   endloop
 endfacet
 facet normal  3.238758e-05  6.439545e-01 -7.650637e-01
   outer loop
     vertex  8.000000e+00 -2.079489e+00  4.049764e+01
     vertex  0.000000e+00 -2.126765e+00  4.045751e+01
     vertex  0.000000e+00 -2.058545e+00  4.051493e+01
   endloop
 endfacet
 facet normal -3.114194e-05  6.295251e-01 -7.769801e-01
   outer loop
     vertex  8.000000e+00 -2.079489e+00  4.049764e+01
     vertex  0.000000e+00 -2.058545e+00  4.051493e+01
     vertex  8.000000e+00 -2.012060e+00  4.055228e+01
   endloop
 endfacet
 facet normal  3.067945e-05  6.647010e-01 -7.471095e-01
   outer loop
     vertex  8.000000e+00 -2.145436e+00  4.044123e+01
     vertex  0.000000e+00 -2.193384e+00  4.039824e+01
     vertex  0.000000e+00 -2.126765e+00  4.045751e+01
   endloop
 endfacet
 facet normal -2.954321e-05  6.500464e-01 -7.598945e-01
   outer loop
     vertex  8.000000e+00 -2.145436e+00  4.044123e+01
     vertex  0.000000e+00 -2.126765e+00  4.045751e+01
     vertex  8.000000e+00 -2.079489e+00  4.049764e+01
   endloop
 endfacet
 facet normal  2.875253e-05  6.849470e-01 -7.285929e-01
   outer loop
     vertex  8.000000e+00 -2.209853e+00  4.038308e+01
     vertex  0.000000e+00 -2.258352e+00  4.033717e+01
     vertex  0.000000e+00 -2.193384e+00  4.039824e+01
   endloop
 endfacet
 facet normal -2.772569e-05  6.701041e-01 -7.422671e-01
   outer loop
     vertex  8.000000e+00 -2.209853e+00  4.038308e+01
     vertex  0.000000e+00 -2.193384e+00  4.039824e+01
     vertex  8.000000e+00 -2.145436e+00  4.044123e+01
   endloop
 endfacet
 facet normal  2.660681e-05  7.046775e-01 -7.095278e-01
   outer loop
     vertex  8.000000e+00 -2.272694e+00  4.032322e+01
     vertex  0.000000e+00 -2.321620e+00  4.027433e+01
     vertex  0.000000e+00 -2.258352e+00  4.033717e+01
   endloop
 endfacet
 facet normal -2.568936e-05  6.896841e-01 -7.241104e-01
   outer loop
     vertex  8.000000e+00 -2.272694e+00  4.032322e+01
     vertex  0.000000e+00 -2.258352e+00  4.033717e+01
     vertex  8.000000e+00 -2.209853e+00  4.038308e+01
   endloop
 endfacet
 facet normal  2.424229e-05  7.238775e-01 -6.899286e-01
   outer loop
     vertex  8.000000e+00 -2.333915e+00  4.026171e+01
     vertex  0.000000e+00 -2.383141e+00  4.020978e+01
     vertex  0.000000e+00 -2.321620e+00  4.027433e+01
   endloop
 endfacet
 facet normal -2.343424e-05  7.087723e-01 -7.054374e-01
   outer loop
     vertex  8.000000e+00 -2.333915e+00  4.026171e+01
     vertex  0.000000e+00 -2.321620e+00  4.027433e+01
     vertex  8.000000e+00 -2.272694e+00  4.032322e+01
   endloop
 endfacet
 facet normal  2.165898e-05  7.425325e-01 -6.698100e-01
   outer loop
     vertex  8.000000e+00 -2.393472e+00  4.019859e+01
     vertex  0.000000e+00 -2.442867e+00  4.014357e+01
     vertex  0.000000e+00 -2.383141e+00  4.020978e+01
   endloop
 endfacet
 facet normal -2.096033e-05  7.273550e-01 -6.862613e-01
   outer loop
     vertex  8.000000e+00 -2.393472e+00  4.019859e+01
     vertex  0.000000e+00 -2.383141e+00  4.020978e+01
     vertex  8.000000e+00 -2.333915e+00  4.026171e+01
   endloop
 endfacet
 facet normal  1.885687e-05  7.606287e-01 -6.491872e-01
   outer loop
     vertex  8.000000e+00 -2.451321e+00  4.013390e+01
     vertex  0.000000e+00 -2.500754e+00  4.007575e+01
     vertex  0.000000e+00 -2.442867e+00  4.014357e+01
   endloop
 endfacet
 facet normal -1.826762e-05  7.454192e-01 -6.665960e-01
   outer loop
     vertex  8.000000e+00 -2.451321e+00  4.013390e+01
     vertex  0.000000e+00 -2.442867e+00  4.014357e+01
     vertex  8.000000e+00 -2.393472e+00  4.019859e+01
   endloop
 endfacet
 facet normal  1.583597e-05  7.781522e-01 -6.280757e-01
   outer loop
     vertex  8.000000e+00 -2.507424e+00  4.006769e+01
     vertex  0.000000e+00 -2.556759e+00  4.000636e+01
     vertex  0.000000e+00 -2.500754e+00  4.007575e+01
   endloop
 endfacet
 facet normal -1.535612e-05  7.629518e-01 -6.464553e-01
   outer loop
     vertex  8.000000e+00 -2.507424e+00  4.006769e+01
     vertex  0.000000e+00 -2.500754e+00  4.007575e+01
     vertex  8.000000e+00 -2.451321e+00  4.013390e+01
   endloop
 endfacet
 facet normal  1.259629e-05  7.950900e-01 -6.064915e-01
   outer loop
     vertex  8.000000e+00 -2.561738e+00  4.000000e+01
     vertex  0.000000e+00 -2.610839e+00  3.993546e+01
     vertex  0.000000e+00 -2.556759e+00  4.000636e+01
   endloop
 endfacet
 facet normal -1.222583e-05  7.799405e-01 -6.258537e-01
   outer loop
     vertex  8.000000e+00 -2.561738e+00  4.000000e+01
     vertex  0.000000e+00 -2.556759e+00  4.000636e+01
     vertex  8.000000e+00 -2.507424e+00  4.006769e+01
   endloop
 endfacet
 facet normal -6.512511e-06  7.962319e-01 -6.049916e-01
   outer loop
     vertex  1.600000e+01 -2.615583e+00  3.992905e+01
     vertex  0.000000e+00 -2.610839e+00  3.993546e+01
     vertex  8.000000e+00 -2.561738e+00  4.000000e+01
   endloop
 endfacet
 facet normal  6.228467e-06  8.114292e-01 -5.844507e-01
   outer loop
     vertex  1.600000e+01 -2.615583e+00  3.992905e+01
     vertex  0.000000e+00 -2.662954e+00  3.986311e+01
     vertex  0.000000e+00 -2.610839e+00  3.993546e+01
   endloop
 endfacet
 facet normal  4.443085e-17  7.965856e-01 -6.045257e-01
   outer loop
     vertex  1.600000e+01 -2.615583e+00  3.992905e+01
     vertex  8.000000e+00 -2.561738e+00  4.000000e+01
     vertex  1.600000e+01 -2.561738e+00  4.000000e+01
   endloop
 endfacet
 facet normal -6.151095e-06  8.128526e-01 -5.824694e-01
   outer loop
     vertex  1.600000e+01 -2.667463e+00  3.985665e+01
     vertex  0.000000e+00 -2.662954e+00  3.986311e+01
     vertex  1.600000e+01 -2.615583e+00  3.992905e+01
   endloop
 endfacet
 facet normal  6.158603e-06  8.271577e-01 -5.619699e-01
   outer loop
     vertex  1.600000e+01 -2.667463e+00  3.985665e+01
     vertex  0.000000e+00 -2.713065e+00  3.978935e+01
     vertex  0.000000e+00 -2.662954e+00  3.986311e+01
   endloop
 endfacet
 facet normal -6.081136e-06  8.285091e-01 -5.599756e-01
   outer loop
     vertex  1.600000e+01 -2.717340e+00  3.978285e+01
     vertex  0.000000e+00 -2.713065e+00  3.978935e+01
     vertex  1.600000e+01 -2.667463e+00  3.985665e+01
   endloop
 endfacet
 facet normal  6.088550e-06  8.422635e-01 -5.390661e-01
   outer loop
     vertex  1.600000e+01 -2.717340e+00  3.978285e+01
     vertex  0.000000e+00 -2.761133e+00  3.971425e+01
     vertex  0.000000e+00 -2.713065e+00  3.978935e+01
   endloop
 endfacet
 facet normal -6.010989e-06  8.435433e-01 -5.370612e-01
   outer loop
     vertex  1.600000e+01 -2.765176e+00  3.970772e+01
     vertex  0.000000e+00 -2.761133e+00  3.971425e+01
     vertex  1.600000e+01 -2.717340e+00  3.978285e+01
   endloop
 endfacet
 facet normal  6.018308e-06  8.567352e-01 -5.157565e-01
   outer loop
     vertex  1.600000e+01 -2.765176e+00  3.970772e+01
     vertex  0.000000e+00 -2.807122e+00  3.963785e+01
     vertex  0.000000e+00 -2.761133e+00  3.971425e+01
   endloop
 endfacet
 facet normal -5.940652e-06  8.579439e-01 -5.137434e-01
   outer loop
     vertex  1.600000e+01 -2.810935e+00  3.963130e+01
     vertex  0.000000e+00 -2.807122e+00  3.963785e+01
     vertex  1.600000e+01 -2.765176e+00  3.970772e+01
   endloop
 endfacet
 facet normal  5.947877e-06  8.705620e-01 -4.920587e-01
   outer loop
     vertex  1.600000e+01 -2.810935e+00  3.963130e+01
     vertex  0.000000e+00 -2.850999e+00  3.956023e+01
     vertex  0.000000e+00 -2.807122e+00  3.963785e+01
   endloop
 endfacet
 facet normal -5.870127e-06  8.717001e-01 -4.900397e-01
   outer loop
     vertex  1.600000e+01 -2.854583e+00  3.955366e+01
     vertex  0.000000e+00 -2.850999e+00  3.956023e+01
     vertex  1.600000e+01 -2.810935e+00  3.963130e+01
   endloop
 endfacet
 facet normal  5.877257e-06  8.837335e-01 -4.679904e-01
   outer loop
     vertex  1.600000e+01 -2.854583e+00  3.955366e+01
     vertex  0.000000e+00 -2.892729e+00  3.948142e+01
     vertex  0.000000e+00 -2.850999e+00  3.956023e+01
   endloop
 endfacet
 facet normal -5.799412e-06  8.848016e-01 -4.659680e-01
   outer loop
     vertex  1.600000e+01 -2.896087e+00  3.947485e+01
     vertex  0.000000e+00 -2.892729e+00  3.948142e+01
     vertex  1.600000e+01 -2.854583e+00  3.955366e+01
   endloop
 endfacet
 facet normal  5.806448e-06  8.962398e-01 -4.435699e-01
   outer loop
     vertex  1.600000e+01 -2.896087e+00  3.947485e+01
     vertex  0.000000e+00 -2.932282e+00  3.940151e+01
     vertex  0.000000e+00 -2.892729e+00  3.948142e+01
   endloop
 endfacet
 facet normal -5.728509e-06  8.972385e-01 -4.415463e-01
   outer loop
     vertex  1.600000e+01 -2.935415e+00  3.939493e+01
     vertex  0.000000e+00 -2.932282e+00  3.940151e+01
     vertex  1.600000e+01 -2.896087e+00  3.947485e+01
   endloop
 endfacet
 facet normal  5.735450e-06  9.080714e-01 -4.188155e-01
   outer loop
     vertex  1.600000e+01 -2.935415e+00  3.939493e+01
     vertex  0.000000e+00 -2.969627e+00  3.932054e+01
     vertex  0.000000e+00 -2.932282e+00  3.940151e+01
   endloop
 endfacet
 facet normal -5.657417e-06  9.090014e-01 -4.167930e-01
   outer loop
     vertex  1.600000e+01 -2.972539e+00  3.931397e+01
     vertex  0.000000e+00 -2.969627e+00  3.932054e+01
     vertex  1.600000e+01 -2.935415e+00  3.939493e+01
   endloop
 endfacet
 facet normal  5.664264e-06  9.192194e-01 -3.937458e-01
   outer loop
     vertex  1.600000e+01 -2.972539e+00  3.931397e+01
     vertex  0.000000e+00 -3.004737e+00  3.923857e+01
     vertex  0.000000e+00 -2.969627e+00  3.932054e+01
   endloop
 endfacet
 facet normal  5.592888e-06  9.296754e-01 -3.683796e-01
   outer loop
     vertex  1.600000e+01 -3.007430e+00  3.923202e+01
     vertex  0.000000e+00 -3.037585e+00  3.915567e+01
     vertex  0.000000e+00 -3.004737e+00  3.923857e+01
   endloop
 endfacet
 facet normal -5.586136e-06  9.200817e-01 -3.917266e-01
   outer loop
     vertex  1.600000e+01 -3.007430e+00  3.923202e+01
     vertex  0.000000e+00 -3.004737e+00  3.923857e+01
     vertex  1.600000e+01 -2.972539e+00  3.931397e+01
   endloop
 endfacet
 facet normal  5.521324e-06  9.394317e-01 -3.427362e-01
   outer loop
     vertex  1.600000e+01 -3.040062e+00  3.914914e+01
     vertex  0.000000e+00 -3.068146e+00  3.907190e+01
     vertex  0.000000e+00 -3.037585e+00  3.915567e+01
   endloop
 endfacet
 facet normal -5.514666e-06  9.304709e-01 -3.663659e-01
   outer loop
     vertex  1.600000e+01 -3.040062e+00  3.914914e+01
     vertex  0.000000e+00 -3.037585e+00  3.915567e+01
     vertex  1.600000e+01 -3.007430e+00  3.923202e+01
   endloop
 endfacet
 facet normal  5.449571e-06  9.484807e-01 -3.168348e-01
   outer loop
     vertex  1.600000e+01 -3.070411e+00  3.906540e+01
     vertex  0.000000e+00 -3.096398e+00  3.898733e+01
     vertex  0.000000e+00 -3.068146e+00  3.907190e+01
   endloop
 endfacet
 facet normal -5.443007e-06  9.401612e-01 -3.407301e-01
   outer loop
     vertex  1.600000e+01 -3.070411e+00  3.906540e+01
     vertex  0.000000e+00 -3.068146e+00  3.907190e+01
     vertex  1.600000e+01 -3.040062e+00  3.914914e+01
   endloop
 endfacet
 facet normal  5.377629e-06  9.568158e-01 -2.906949e-01
   outer loop
     vertex  1.600000e+01 -3.098454e+00  3.898086e+01
     vertex  0.000000e+00 -3.122319e+00  3.890201e+01
     vertex  0.000000e+00 -3.096398e+00  3.898733e+01
   endloop
 endfacet
 facet normal -5.371160e-06  9.491453e-01 -3.148384e-01
   outer loop
     vertex  1.600000e+01 -3.098454e+00  3.898086e+01
     vertex  0.000000e+00 -3.096398e+00  3.898733e+01
     vertex  1.600000e+01 -3.070411e+00  3.906540e+01
   endloop
 endfacet
 facet normal  5.305498e-06  9.644306e-01 -2.643362e-01
   outer loop
     vertex  1.600000e+01 -3.124169e+00  3.889558e+01
     vertex  0.000000e+00 -3.145890e+00  3.881601e+01
     vertex  0.000000e+00 -3.122319e+00  3.890201e+01
   endloop
 endfacet
 facet normal -5.299123e-06  9.574165e-01 -2.887102e-01
   outer loop
     vertex  1.600000e+01 -3.124169e+00  3.889558e+01
     vertex  0.000000e+00 -3.122319e+00  3.890201e+01
     vertex  1.600000e+01 -3.098454e+00  3.898086e+01
   endloop
 endfacet
 facet normal  5.233178e-06  9.713194e-01 -2.377784e-01
   outer loop
     vertex  1.600000e+01 -3.147538e+00  3.880963e+01
     vertex  0.000000e+00 -3.167092e+00  3.872940e+01
     vertex  0.000000e+00 -3.145890e+00  3.881601e+01
   endloop
 endfacet
 facet normal -5.226898e-06  9.649687e-01 -2.623651e-01
   outer loop
     vertex  1.600000e+01 -3.147538e+00  3.880963e+01
     vertex  0.000000e+00 -3.145890e+00  3.881601e+01
     vertex  1.600000e+01 -3.124169e+00  3.889558e+01
   endloop
 endfacet
 facet normal  5.160669e-06  9.774771e-01 -2.110417e-01
   outer loop
     vertex  1.600000e+01 -3.168543e+00  3.872307e+01
     vertex  0.000000e+00 -3.185911e+00  3.864224e+01
     vertex  0.000000e+00 -3.167092e+00  3.872940e+01
   endloop
 endfacet
 facet normal -5.154484e-06  9.717960e-01 -2.358230e-01
   outer loop
     vertex  1.600000e+01 -3.168543e+00  3.872307e+01
     vertex  0.000000e+00 -3.167092e+00  3.872940e+01
     vertex  1.600000e+01 -3.147538e+00  3.880963e+01
   endloop
 endfacet
 facet normal  5.087972e-06  9.828989e-01 -1.841461e-01
   outer loop
     vertex  1.600000e+01 -3.187168e+00  3.863597e+01
     vertex  0.000000e+00 -3.202331e+00  3.855460e+01
     vertex  0.000000e+00 -3.185911e+00  3.864224e+01
   endloop
 endfacet
 facet normal -5.081881e-06  9.778935e-01 -2.091038e-01
   outer loop
     vertex  1.600000e+01 -3.187168e+00  3.863597e+01
     vertex  0.000000e+00 -3.185911e+00  3.864224e+01
     vertex  1.600000e+01 -3.168543e+00  3.872307e+01
   endloop
 endfacet
 facet normal  5.015085e-06  9.875808e-01 -1.571119e-01
   outer loop
     vertex  1.600000e+01 -3.203399e+00  3.854839e+01
     vertex  0.000000e+00 -3.216340e+00  3.846653e+01
     vertex  0.000000e+00 -3.202331e+00  3.855460e+01
   endloop
 endfacet
 facet normal -5.009089e-06  9.832564e-01 -1.822275e-01
   outer loop
     vertex  1.600000e+01 -3.203399e+00  3.854839e+01
     vertex  0.000000e+00 -3.202331e+00  3.855460e+01
     vertex  1.600000e+01 -3.187168e+00  3.863597e+01
   endloop
 endfacet
 facet normal  4.942010e-06  9.915193e-01 -1.299594e-01
   outer loop
     vertex  1.600000e+01 -3.217224e+00  3.846040e+01
     vertex  0.000000e+00 -3.227929e+00  3.837812e+01
     vertex  0.000000e+00 -3.216340e+00  3.846653e+01
   endloop
 endfacet
 facet normal -4.936108e-06  9.878808e-01 -1.552143e-01
   outer loop
     vertex  1.600000e+01 -3.217224e+00  3.846040e+01
     vertex  0.000000e+00 -3.216340e+00  3.846653e+01
     vertex  1.600000e+01 -3.203399e+00  3.854839e+01
   endloop
 endfacet
 facet normal  4.868746e-06  9.947114e-01 -1.027091e-01
   outer loop
     vertex  1.600000e+01 -3.228632e+00  3.837207e+01
     vertex  0.000000e+00 -3.237087e+00  3.828942e+01
     vertex  0.000000e+00 -3.227929e+00  3.837812e+01
   endloop
 endfacet
 facet normal -4.862938e-06  9.917632e-01 -1.280846e-01
   outer loop
     vertex  1.600000e+01 -3.228632e+00  3.837207e+01
     vertex  0.000000e+00 -3.227929e+00  3.837812e+01
     vertex  1.600000e+01 -3.217224e+00  3.846040e+01
   endloop
 endfacet
 facet normal  4.795293e-06  9.971548e-01 -7.538152e-02
   outer loop
     vertex  1.600000e+01 -3.237616e+00  3.828345e+01
     vertex  0.000000e+00 -3.243809e+00  3.820051e+01
     vertex  0.000000e+00 -3.237087e+00  3.828942e+01
   endloop
 endfacet
 facet normal -4.789579e-06  9.949008e-01 -1.008586e-01
   outer loop
     vertex  1.600000e+01 -3.237616e+00  3.828345e+01
     vertex  0.000000e+00 -3.237087e+00  3.828942e+01
     vertex  1.600000e+01 -3.228632e+00  3.837207e+01
   endloop
 endfacet
 facet normal  4.721651e-06  9.988475e-01 -4.799716e-02
   outer loop
     vertex  1.600000e+01 -3.244167e+00  3.819462e+01
     vertex  0.000000e+00 -3.248089e+00  3.811144e+01
     vertex  0.000000e+00 -3.243809e+00  3.820051e+01
   endloop
 endfacet
 facet normal -4.716032e-06  9.972910e-01 -7.355692e-02
   outer loop
     vertex  1.600000e+01 -3.244167e+00  3.819462e+01
     vertex  0.000000e+00 -3.243809e+00  3.820051e+01
     vertex  1.600000e+01 -3.237616e+00  3.828345e+01
   endloop
 endfacet
 facet normal  4.647820e-06  9.997883e-01 -2.057667e-02
   outer loop
     vertex  1.600000e+01 -3.248282e+00  3.810565e+01
     vertex  0.000000e+00 -3.249924e+00  3.802229e+01
     vertex  0.000000e+00 -3.248089e+00  3.811144e+01
   endloop
 endfacet
 facet normal -4.642295e-06  9.989322e-01 -4.619997e-02
   outer loop
     vertex  1.600000e+01 -3.248282e+00  3.810565e+01
     vertex  0.000000e+00 -3.248089e+00  3.811144e+01
     vertex  1.600000e+01 -3.244167e+00  3.819462e+01
   endloop
 endfacet
 facet normal  4.573800e-06  9.999765e-01  6.859319e-03
   outer loop
     vertex  1.600000e+01 -3.249958e+00  3.801659e+01
     vertex  0.000000e+00 -3.249312e+00  3.793313e+01
     vertex  0.000000e+00 -3.249924e+00  3.802229e+01
   endloop
 endfacet
 facet normal -4.568370e-06  9.998231e-01 -1.880832e-02
   outer loop
     vertex  1.600000e+01 -3.249958e+00  3.801659e+01
     vertex  0.000000e+00 -3.249924e+00  3.802229e+01
     vertex  1.600000e+01 -3.248282e+00  3.810565e+01
   endloop
 endfacet
 facet normal  4.499592e-06  9.994119e-01  3.429014e-02
   outer loop
     vertex  1.600000e+01 -3.249192e+00  3.792753e+01
     vertex  0.000000e+00 -3.246254e+00  3.784401e+01
     vertex  0.000000e+00 -3.249312e+00  3.793313e+01
   endloop
 endfacet
 facet normal -4.494256e-06  9.999630e-01  8.597465e-03
   outer loop
     vertex  1.600000e+01 -3.249192e+00  3.792753e+01
     vertex  0.000000e+00 -3.249312e+00  3.793313e+01
     vertex  1.600000e+01 -3.249958e+00  3.801659e+01
   endloop
 endfacet
 facet normal -4.419953e-06  9.993519e-01  3.599679e-02
   outer loop
     vertex  1.600000e+01 -3.245986e+00  3.783852e+01
     vertex  0.000000e+00 -3.246254e+00  3.784401e+01
     vertex  1.600000e+01 -3.249192e+00  3.792753e+01
   endloop
 endfacet
 facet normal  4.425194e-06  9.980950e-01  6.169515e-02
   outer loop
     vertex  1.600000e+01 -3.245986e+00  3.783852e+01
     vertex  0.000000e+00 -3.240753e+00  3.775501e+01
     vertex  0.000000e+00 -3.246254e+00  3.784401e+01
   endloop
 endfacet
 facet normal -4.345461e-06  9.979902e-01  6.336907e-02
   outer loop
     vertex  1.600000e+01 -3.240341e+00  3.774962e+01
     vertex  0.000000e+00 -3.240753e+00  3.775501e+01
     vertex  1.600000e+01 -3.245986e+00  3.783852e+01
   endloop
 endfacet
 facet normal  4.350608e-06  9.960268e-01  8.905371e-02
   outer loop
     vertex  1.600000e+01 -3.240341e+00  3.774962e+01
     vertex  0.000000e+00 -3.232812e+00  3.766620e+01
     vertex  0.000000e+00 -3.240753e+00  3.775501e+01
   endloop
 endfacet
 facet normal -4.270780e-06  9.958788e-01  9.069376e-02
   outer loop
     vertex  1.600000e+01 -3.232263e+00  3.766092e+01
     vertex  0.000000e+00 -3.232812e+00  3.766620e+01
     vertex  1.600000e+01 -3.240341e+00  3.774962e+01
   endloop
 endfacet
 facet normal  4.275833e-06  9.932088e-01  1.163452e-01
   outer loop
     vertex  1.600000e+01 -3.232263e+00  3.766092e+01
     vertex  0.000000e+00 -3.222438e+00  3.757763e+01
     vertex  0.000000e+00 -3.232812e+00  3.766620e+01
   endloop
 endfacet
 facet normal -4.195911e-06  9.930195e-01  1.179503e-01
   outer loop
     vertex  1.600000e+01 -3.221757e+00  3.757247e+01
     vertex  0.000000e+00 -3.222438e+00  3.757763e+01
     vertex  1.600000e+01 -3.232263e+00  3.766092e+01
   endloop
 endfacet
 facet normal  4.200869e-06  9.896432e-01  1.435492e-01
   outer loop
     vertex  1.600000e+01 -3.221757e+00  3.757247e+01
     vertex  0.000000e+00 -3.209638e+00  3.748939e+01
     vertex  0.000000e+00 -3.222438e+00  3.757763e+01
   endloop
 endfacet
 facet normal -4.120852e-06  9.894143e-01  1.451183e-01
   outer loop
     vertex  1.600000e+01 -3.208832e+00  3.748435e+01
     vertex  0.000000e+00 -3.209638e+00  3.748939e+01
     vertex  1.600000e+01 -3.221757e+00  3.757247e+01
   endloop
 endfacet
 facet normal  4.125716e-06  9.853326e-01  1.706451e-01
   outer loop
     vertex  1.600000e+01 -3.208832e+00  3.748435e+01
     vertex  0.000000e+00 -3.194421e+00  3.740153e+01
     vertex  0.000000e+00 -3.209638e+00  3.748939e+01
   endloop
 endfacet
 facet normal -4.045605e-06  9.850660e-01  1.721773e-01
   outer loop
     vertex  1.600000e+01 -3.193496e+00  3.739661e+01
     vertex  0.000000e+00 -3.194421e+00  3.740153e+01
     vertex  1.600000e+01 -3.208832e+00  3.748435e+01
   endloop
 endfacet
 facet normal  4.050374e-06  9.802802e-01  1.976125e-01
   outer loop
     vertex  1.600000e+01 -3.193496e+00  3.739661e+01
     vertex  0.000000e+00 -3.176800e+00  3.731411e+01
     vertex  0.000000e+00 -3.194421e+00  3.740153e+01
   endloop
 endfacet
 facet normal -3.970168e-06  9.799778e-01  1.991070e-01
   outer loop
     vertex  1.600000e+01 -3.175761e+00  3.730932e+01
     vertex  0.000000e+00 -3.176800e+00  3.731411e+01
     vertex  1.600000e+01 -3.193496e+00  3.739661e+01
   endloop
 endfacet
 facet normal  3.974843e-06  9.744899e-01  2.244312e-01
   outer loop
     vertex  1.600000e+01 -3.175761e+00  3.730932e+01
     vertex  0.000000e+00 -3.156788e+00  3.722722e+01
     vertex  0.000000e+00 -3.176800e+00  3.731411e+01
   endloop
 endfacet
 facet normal -3.894543e-06  9.741535e-01  2.258871e-01
   outer loop
     vertex  1.600000e+01 -3.155642e+00  3.722255e+01
     vertex  0.000000e+00 -3.156788e+00  3.722722e+01
     vertex  1.600000e+01 -3.175761e+00  3.730932e+01
   endloop
 endfacet
 facet normal  3.899123e-06  9.679661e-01  2.510809e-01
   outer loop
     vertex  1.600000e+01 -3.155642e+00  3.722255e+01
     vertex  0.000000e+00 -3.134399e+00  3.714091e+01
     vertex  0.000000e+00 -3.156788e+00  3.722722e+01
   endloop
 endfacet
 facet normal -3.818729e-06  9.675975e-01  2.524975e-01
   outer loop
     vertex  1.600000e+01 -3.133152e+00  3.713637e+01
     vertex  0.000000e+00 -3.134399e+00  3.714091e+01
     vertex  1.600000e+01 -3.155642e+00  3.722255e+01
   endloop
 endfacet
 facet normal  3.823215e-06  9.607136e-01  2.775416e-01
   outer loop
     vertex  1.600000e+01 -3.133152e+00  3.713637e+01
     vertex  0.000000e+00 -3.109651e+00  3.705524e+01
     vertex  0.000000e+00 -3.134399e+00  3.714091e+01
   endloop
 endfacet
 facet normal -3.742726e-06  9.603148e-01  2.789183e-01
   outer loop
     vertex  1.600000e+01 -3.108309e+00  3.705083e+01
     vertex  0.000000e+00 -3.109651e+00  3.705524e+01
     vertex  1.600000e+01 -3.133152e+00  3.713637e+01
   endloop
 endfacet
 facet normal  3.747118e-06  9.527379e-01  3.037934e-01
   outer loop
     vertex  1.600000e+01 -3.108309e+00  3.705083e+01
     vertex  0.000000e+00 -3.082562e+00  3.697029e+01
     vertex  0.000000e+00 -3.109651e+00  3.705524e+01
   endloop
 endfacet
 facet normal -3.666534e-06  9.523108e-01  3.051296e-01
   outer loop
     vertex  1.600000e+01 -3.081131e+00  3.696601e+01
     vertex  0.000000e+00 -3.082562e+00  3.697029e+01
     vertex  1.600000e+01 -3.108309e+00  3.705083e+01
   endloop
 endfacet
 facet normal  3.670831e-06  9.440450e-01  3.298166e-01
   outer loop
     vertex  1.600000e+01 -3.081131e+00  3.696601e+01
     vertex  0.000000e+00 -3.053153e+00  3.688611e+01
     vertex  0.000000e+00 -3.082562e+00  3.697029e+01
   endloop
 endfacet
 facet normal -3.590154e-06  9.435916e-01  3.311117e-01
   outer loop
     vertex  1.600000e+01 -3.051639e+00  3.688197e+01
     vertex  0.000000e+00 -3.053153e+00  3.688611e+01
     vertex  1.600000e+01 -3.081131e+00  3.696601e+01
   endloop
 endfacet
 facet normal  3.594356e-06  9.346415e-01  3.555914e-01
   outer loop
     vertex  1.600000e+01 -3.051639e+00  3.688197e+01
     vertex  0.000000e+00 -3.021445e+00  3.680277e+01
     vertex  0.000000e+00 -3.053153e+00  3.688611e+01
   endloop
 endfacet
 facet normal -3.513584e-06  9.341635e-01  3.568452e-01
   outer loop
     vertex  1.600000e+01 -3.019854e+00  3.679876e+01
     vertex  0.000000e+00 -3.021445e+00  3.680277e+01
     vertex  1.600000e+01 -3.051639e+00  3.688197e+01
   endloop
 endfacet
 facet normal  3.517692e-06  9.245344e-01  3.810986e-01
   outer loop
     vertex  1.600000e+01 -3.019854e+00  3.679876e+01
     vertex  0.000000e+00 -2.987463e+00  3.672033e+01
     vertex  0.000000e+00 -3.021445e+00  3.680277e+01
   endloop
 endfacet
 facet normal -3.436826e-06  9.240339e-01  3.823106e-01
   outer loop
     vertex  1.600000e+01 -2.985802e+00  3.671646e+01
     vertex  0.000000e+00 -2.987463e+00  3.672033e+01
     vertex  1.600000e+01 -3.019854e+00  3.679876e+01
   endloop
 endfacet
 facet normal  3.440839e-06  9.137314e-01  4.063188e-01
   outer loop
     vertex  1.600000e+01 -2.985802e+00  3.671646e+01
     vertex  0.000000e+00 -2.951232e+00  3.663885e+01
     vertex  0.000000e+00 -2.987463e+00  3.672033e+01
   endloop
 endfacet
 facet normal -3.359878e-06  9.132102e-01  4.074888e-01
   outer loop
     vertex  1.600000e+01 -2.949507e+00  3.663512e+01
     vertex  0.000000e+00 -2.951232e+00  3.663885e+01
     vertex  1.600000e+01 -2.985802e+00  3.671646e+01
   endloop
 endfacet
 facet normal  3.363798e-06  9.022405e-01  4.312333e-01
   outer loop
     vertex  1.600000e+01 -2.949507e+00  3.663512e+01
     vertex  0.000000e+00 -2.912779e+00  3.655840e+01
     vertex  0.000000e+00 -2.951232e+00  3.663885e+01
   endloop
 endfacet
 facet normal -3.282742e-06  9.017006e-01  4.323610e-01
   outer loop
     vertex  1.600000e+01 -2.910997e+00  3.655480e+01
     vertex  0.000000e+00 -2.912779e+00  3.655840e+01
     vertex  1.600000e+01 -2.949507e+00  3.663512e+01
   endloop
 endfacet
 facet normal  3.286567e-06  8.900704e-01  4.558231e-01
   outer loop
     vertex  1.600000e+01 -2.910997e+00  3.655480e+01
     vertex  0.000000e+00 -2.872134e+00  3.647903e+01
     vertex  0.000000e+00 -2.912779e+00  3.655840e+01
   endloop
 endfacet
 facet normal -3.205417e-06  8.895137e-01  4.569084e-01
   outer loop
     vertex  1.600000e+01 -2.870300e+00  3.647557e+01
     vertex  0.000000e+00 -2.872134e+00  3.647903e+01
     vertex  1.600000e+01 -2.910997e+00  3.655480e+01
   endloop
 endfacet
 facet normal  3.209147e-06  8.772303e-01  4.800697e-01
   outer loop
     vertex  1.600000e+01 -2.870300e+00  3.647557e+01
     vertex  0.000000e+00 -2.829327e+00  3.640081e+01
     vertex  0.000000e+00 -2.872134e+00  3.647903e+01
   endloop
 endfacet
 facet normal -3.127903e-06  8.766588e-01  4.811127e-01
   outer loop
     vertex  1.600000e+01 -2.827447e+00  3.639749e+01
     vertex  0.000000e+00 -2.829327e+00  3.640081e+01
     vertex  1.600000e+01 -2.870300e+00  3.647557e+01
   endloop
 endfacet
 facet normal  3.131539e-06  8.637299e-01  5.039550e-01
   outer loop
     vertex  1.600000e+01 -2.827447e+00  3.639749e+01
     vertex  0.000000e+00 -2.784389e+00  3.632379e+01
     vertex  0.000000e+00 -2.829327e+00  3.640081e+01
   endloop
 endfacet
 facet normal  3.053742e-06  8.495793e-01  5.274609e-01
   outer loop
     vertex  1.600000e+01 -2.782471e+00  3.632061e+01
     vertex  0.000000e+00 -2.737356e+00  3.624804e+01
     vertex  0.000000e+00 -2.784389e+00  3.632379e+01
   endloop
 endfacet
 facet normal -3.050200e-06  8.631453e-01  5.049556e-01
   outer loop
     vertex  1.600000e+01 -2.782471e+00  3.632061e+01
     vertex  0.000000e+00 -2.784389e+00  3.632379e+01
     vertex  1.600000e+01 -2.827447e+00  3.639749e+01
   endloop
 endfacet
 facet normal  2.975756e-06  8.347891e-01  5.505698e-01
   outer loop
     vertex  1.600000e+01 -2.735405e+00  3.624499e+01
     vertex  0.000000e+00 -2.688262e+00  3.617360e+01
     vertex  0.000000e+00 -2.737356e+00  3.624804e+01
   endloop
 endfacet
 facet normal -2.972309e-06  8.489836e-01  5.284192e-01
   outer loop
     vertex  1.600000e+01 -2.735405e+00  3.624499e+01
     vertex  0.000000e+00 -2.737356e+00  3.624804e+01
     vertex  1.600000e+01 -2.782471e+00  3.632061e+01
   endloop
 endfacet
 facet normal  2.897581e-06  8.193706e-01  5.732642e-01
   outer loop
     vertex  1.600000e+01 -2.686284e+00  3.617069e+01
     vertex  0.000000e+00 -2.637145e+00  3.610054e+01
     vertex  0.000000e+00 -2.688262e+00  3.617360e+01
   endloop
 endfacet
 facet normal -2.894228e-06  8.341842e-01  5.514859e-01
   outer loop
     vertex  1.600000e+01 -2.686284e+00  3.617069e+01
     vertex  0.000000e+00 -2.688262e+00  3.617360e+01
     vertex  1.600000e+01 -2.735405e+00  3.624499e+01
   endloop
 endfacet
 facet normal  2.819217e-06  8.033352e-01  5.955271e-01
   outer loop
     vertex  1.600000e+01 -2.635145e+00  3.609776e+01
     vertex  0.000000e+00 -2.584042e+00  3.602890e+01
     vertex  0.000000e+00 -2.637145e+00  3.610054e+01
   endloop
 endfacet
 facet normal -2.815959e-06  8.187582e-01  5.741384e-01
   outer loop
     vertex  1.600000e+01 -2.635145e+00  3.609776e+01
     vertex  0.000000e+00 -2.637145e+00  3.610054e+01
     vertex  1.600000e+01 -2.686284e+00  3.617069e+01
   endloop
 endfacet
 facet normal  2.740664e-06  7.866951e-01  6.173417e-01
   outer loop
     vertex  1.600000e+01 -2.582027e+00  3.602626e+01
     vertex  0.000000e+00 -2.528995e+00  3.595875e+01
     vertex  0.000000e+00 -2.584042e+00  3.602890e+01
   endloop
 endfacet
 facet normal -2.737500e-06  8.027173e-01  5.963597e-01
   outer loop
     vertex  1.600000e+01 -2.582027e+00  3.602626e+01
     vertex  0.000000e+00 -2.584042e+00  3.602890e+01
     vertex  1.600000e+01 -2.635145e+00  3.609776e+01
   endloop
 endfacet
 facet normal  2.661922e-06  7.694628e-01  6.386916e-01
   outer loop
     vertex  1.600000e+01 -2.526970e+00  3.595625e+01
     vertex  0.000000e+00 -2.472043e+00  3.589014e+01
     vertex  0.000000e+00 -2.528995e+00  3.595875e+01
   endloop
 endfacet
 facet normal -2.658853e-06  7.860735e-01  6.181331e-01
   outer loop
     vertex  1.600000e+01 -2.526970e+00  3.595625e+01
     vertex  0.000000e+00 -2.528995e+00  3.595875e+01
     vertex  1.600000e+01 -2.582027e+00  3.602626e+01
   endloop
 endfacet
 facet normal  2.582992e-06  7.516513e-01  6.595607e-01
   outer loop
     vertex  1.600000e+01 -2.470015e+00  3.588777e+01
     vertex  0.000000e+00 -2.413231e+00  3.582312e+01
     vertex  0.000000e+00 -2.472043e+00  3.589014e+01
   endloop
 endfacet
 facet normal -2.580017e-06  7.688392e-01  6.394421e-01
   outer loop
     vertex  1.600000e+01 -2.470015e+00  3.588777e+01
     vertex  0.000000e+00 -2.472043e+00  3.589014e+01
     vertex  1.600000e+01 -2.526970e+00  3.595625e+01
   endloop
 endfacet
 facet normal -2.500992e-06  7.510275e-01  6.602709e-01
   outer loop
     vertex  1.600000e+01 -2.411205e+00  3.582087e+01
     vertex  0.000000e+00 -2.413231e+00  3.582312e+01
     vertex  1.600000e+01 -2.470015e+00  3.588777e+01
   endloop
 endfacet
 facet normal  2.503872e-06  7.332740e-01  6.799333e-01
   outer loop
     vertex  1.600000e+01 -2.411205e+00  3.582087e+01
     vertex  0.000000e+00 -2.352602e+00  3.575773e+01
     vertex  0.000000e+00 -2.413231e+00  3.582312e+01
   endloop
 endfacet
 facet normal -2.421778e-06  7.326517e-01  6.806038e-01
   outer loop
     vertex  1.600000e+01 -2.350584e+00  3.575562e+01
     vertex  0.000000e+00 -2.352602e+00  3.575773e+01
     vertex  1.600000e+01 -2.411205e+00  3.582087e+01
   endloop
 endfacet
 facet normal  2.424564e-06  7.143447e-01  6.997940e-01
   outer loop
     vertex  1.600000e+01 -2.350584e+00  3.575562e+01
     vertex  0.000000e+00 -2.290202e+00  3.569403e+01
     vertex  0.000000e+00 -2.352602e+00  3.575773e+01
   endloop
 endfacet
 facet normal -2.342376e-06  7.137255e-01  7.004255e-01
   outer loop
     vertex  1.600000e+01 -2.288197e+00  3.569205e+01
     vertex  0.000000e+00 -2.290202e+00  3.569403e+01
     vertex  1.600000e+01 -2.350584e+00  3.575562e+01
   endloop
 endfacet
 facet normal  2.345067e-06  6.948776e-01  7.191280e-01
   outer loop
     vertex  1.600000e+01 -2.288197e+00  3.569205e+01
     vertex  0.000000e+00 -2.226078e+00  3.563207e+01
     vertex  0.000000e+00 -2.290202e+00  3.569403e+01
   endloop
 endfacet
 facet normal -2.262784e-06  6.942634e-01  7.197211e-01
   outer loop
     vertex  1.600000e+01 -2.224091e+00  3.563021e+01
     vertex  0.000000e+00 -2.226078e+00  3.563207e+01
     vertex  1.600000e+01 -2.288197e+00  3.569205e+01
   endloop
 endfacet
 facet normal  2.265381e-06  6.748875e-01  7.379206e-01
   outer loop
     vertex  1.600000e+01 -2.224091e+00  3.563021e+01
     vertex  0.000000e+00 -2.160278e+00  3.557189e+01
     vertex  0.000000e+00 -2.226078e+00  3.563207e+01
   endloop
 endfacet
 facet normal -2.183004e-06  6.742797e-01  7.384761e-01
   outer loop
     vertex  1.600000e+01 -2.158315e+00  3.557015e+01
     vertex  0.000000e+00 -2.160278e+00  3.557189e+01
     vertex  1.600000e+01 -2.224091e+00  3.563021e+01
   endloop
 endfacet
 facet normal  2.185506e-06  6.543893e-01  7.561578e-01
   outer loop
     vertex  1.600000e+01 -2.158315e+00  3.557015e+01
     vertex  0.000000e+00 -2.092852e+00  3.551354e+01
     vertex  0.000000e+00 -2.160278e+00  3.557189e+01
   endloop
 endfacet
 facet normal -2.103034e-06  6.537896e-01  7.566764e-01
   outer loop
     vertex  1.600000e+01 -2.090918e+00  3.551192e+01
     vertex  0.000000e+00 -2.092852e+00  3.551354e+01
     vertex  1.600000e+01 -2.158315e+00  3.557015e+01
   endloop
 endfacet
 facet normal  2.105442e-06  6.333986e-01  7.738257e-01
   outer loop
     vertex  1.600000e+01 -2.090918e+00  3.551192e+01
     vertex  0.000000e+00 -2.023851e+00  3.545706e+01
     vertex  0.000000e+00 -2.092852e+00  3.551354e+01
   endloop
 endfacet
 facet normal -2.022876e-06  6.328084e-01  7.743084e-01
   outer loop
     vertex  1.600000e+01 -2.021951e+00  3.545555e+01
     vertex  0.000000e+00 -2.023851e+00  3.545706e+01
     vertex  1.600000e+01 -2.090918e+00  3.551192e+01
   endloop
 endfacet
 facet normal  2.025190e-06  6.119310e-01  7.909112e-01
   outer loop
     vertex  1.600000e+01 -2.021951e+00  3.545555e+01
     vertex  0.000000e+00 -1.953326e+00  3.540250e+01
     vertex  0.000000e+00 -2.023851e+00  3.545706e+01
   endloop
 endfacet
 facet normal -1.942529e-06  6.113520e-01  7.913588e-01
   outer loop
     vertex  1.600000e+01 -1.951464e+00  3.540110e+01
     vertex  0.000000e+00 -1.953326e+00  3.540250e+01
     vertex  1.600000e+01 -2.021951e+00  3.545555e+01
   endloop
 endfacet
 facet normal  1.944748e-06  5.900028e-01  8.074012e-01
   outer loop
     vertex  1.600000e+01 -1.951464e+00  3.540110e+01
     vertex  0.000000e+00 -1.881331e+00  3.534989e+01
     vertex  0.000000e+00 -1.953326e+00  3.540250e+01
   endloop
 endfacet
 facet normal -1.861993e-06  5.894363e-01  8.078148e-01
   outer loop
     vertex  1.600000e+01 -1.879512e+00  3.534860e+01
     vertex  0.000000e+00 -1.881331e+00  3.534989e+01
     vertex  1.600000e+01 -1.951464e+00  3.540110e+01
   endloop
 endfacet
 facet normal  1.864118e-06  5.676304e-01  8.232835e-01
   outer loop
     vertex  1.600000e+01 -1.879512e+00  3.534860e+01
     vertex  0.000000e+00 -1.807920e+00  3.529927e+01
     vertex  0.000000e+00 -1.881331e+00  3.534989e+01
   endloop
 endfacet
 facet normal -1.781268e-06  5.670780e-01  8.236641e-01
   outer loop
     vertex  1.600000e+01 -1.806149e+00  3.529809e+01
     vertex  0.000000e+00 -1.807920e+00  3.529927e+01
     vertex  1.600000e+01 -1.879512e+00  3.534860e+01
   endloop
 endfacet
 facet normal  1.783299e-06  5.448308e-01  8.385460e-01
   outer loop
     vertex  1.600000e+01 -1.806149e+00  3.529809e+01
     vertex  0.000000e+00 -1.733147e+00  3.525069e+01
     vertex  0.000000e+00 -1.807920e+00  3.529927e+01
   endloop
 endfacet
 facet normal -1.700354e-06  5.442937e-01  8.388947e-01
   outer loop
     vertex  1.600000e+01 -1.731428e+00  3.524961e+01
     vertex  0.000000e+00 -1.733147e+00  3.525069e+01
     vertex  1.600000e+01 -1.806149e+00  3.529809e+01
   endloop
 endfacet
 facet normal  1.702290e-06  5.216210e-01  8.531773e-01
   outer loop
     vertex  1.600000e+01 -1.731428e+00  3.524961e+01
     vertex  0.000000e+00 -1.657070e+00  3.520418e+01
     vertex  0.000000e+00 -1.733147e+00  3.525069e+01
   endloop
 endfacet
 facet normal -1.619252e-06  5.211006e-01  8.534953e-01
   outer loop
     vertex  1.600000e+01 -1.655407e+00  3.520319e+01
     vertex  0.000000e+00 -1.657070e+00  3.520418e+01
     vertex  1.600000e+01 -1.731428e+00  3.524961e+01
   endloop
 endfacet
 facet normal  1.621093e-06  4.980186e-01  8.671664e-01
   outer loop
     vertex  1.600000e+01 -1.655407e+00  3.520319e+01
     vertex  0.000000e+00 -1.579746e+00  3.515977e+01
     vertex  0.000000e+00 -1.657070e+00  3.520418e+01
   endloop
 endfacet
 facet normal -1.537960e-06  4.975160e-01  8.674548e-01
   outer loop
     vertex  1.600000e+01 -1.578143e+00  3.515888e+01
     vertex  0.000000e+00 -1.579746e+00  3.515977e+01
     vertex  1.600000e+01 -1.655407e+00  3.520319e+01
   endloop
 endfacet
 facet normal  1.539707e-06  4.740412e-01  8.805026e-01
   outer loop
     vertex  1.600000e+01 -1.578143e+00  3.515888e+01
     vertex  0.000000e+00 -1.501232e+00  3.511750e+01
     vertex  0.000000e+00 -1.579746e+00  3.515977e+01
   endloop
 endfacet
 facet normal -1.456480e-06  4.735579e-01  8.807627e-01
   outer loop
     vertex  1.600000e+01 -1.499694e+00  3.511670e+01
     vertex  0.000000e+00 -1.501232e+00  3.511750e+01
     vertex  1.600000e+01 -1.578143e+00  3.515888e+01
   endloop
 endfacet
 facet normal  1.458133e-06  4.497071e-01  8.931761e-01
   outer loop
     vertex  1.600000e+01 -1.499694e+00  3.511670e+01
     vertex  0.000000e+00 -1.421589e+00  3.507740e+01
     vertex  0.000000e+00 -1.501232e+00  3.511750e+01
   endloop
 endfacet
 facet normal -1.374811e-06  4.492440e-01  8.934091e-01
   outer loop
     vertex  1.600000e+01 -1.420118e+00  3.507669e+01
     vertex  0.000000e+00 -1.421589e+00  3.507740e+01
     vertex  1.600000e+01 -1.499694e+00  3.511670e+01
   endloop
 endfacet
 facet normal  1.376369e-06  4.250344e-01  9.051772e-01
   outer loop
     vertex  1.600000e+01 -1.420118e+00  3.507669e+01
     vertex  0.000000e+00 -1.340875e+00  3.503950e+01
     vertex  0.000000e+00 -1.421589e+00  3.507740e+01
   endloop
 endfacet
 facet normal -1.292953e-06  4.245927e-01  9.053845e-01
   outer loop
     vertex  1.600000e+01 -1.339475e+00  3.503887e+01
     vertex  0.000000e+00 -1.340875e+00  3.503950e+01
     vertex  1.600000e+01 -1.420118e+00  3.507669e+01
   endloop
 endfacet
 facet normal  1.294416e-06  4.000417e-01  9.164969e-01
   outer loop
     vertex  1.600000e+01 -1.339475e+00  3.503887e+01
     vertex  0.000000e+00 -1.259152e+00  3.500383e+01
     vertex  0.000000e+00 -1.340875e+00  3.503950e+01
   endloop
 endfacet
 facet normal -1.210906e-06  3.996224e-01  9.166798e-01
   outer loop
     vertex  1.600000e+01 -1.257827e+00  3.500327e+01
     vertex  0.000000e+00 -1.259152e+00  3.500383e+01
     vertex  1.600000e+01 -1.339475e+00  3.503887e+01
   endloop
 endfacet
 facet normal  1.212275e-06  3.747479e-01  9.271267e-01
   outer loop
     vertex  1.600000e+01 -1.257827e+00  3.500327e+01
     vertex  0.000000e+00 -1.176481e+00  3.497041e+01
     vertex  0.000000e+00 -1.259152e+00  3.500383e+01
   endloop
 endfacet
 facet normal -1.128670e-06  3.743521e-01  9.272866e-01
   outer loop
     vertex  1.600000e+01 -1.175233e+00  3.496993e+01
     vertex  0.000000e+00 -1.176481e+00  3.497041e+01
     vertex  1.600000e+01 -1.257827e+00  3.500327e+01
   endloop
 endfacet
 facet normal  1.129945e-06  3.491720e-01  9.370586e-01
   outer loop
     vertex  1.600000e+01 -1.175233e+00  3.496993e+01
     vertex  0.000000e+00 -1.092924e+00  3.493928e+01
     vertex  0.000000e+00 -1.176481e+00  3.497041e+01
   endloop
 endfacet
 facet normal -1.046245e-06  3.488005e-01  9.371970e-01
   outer loop
     vertex  1.600000e+01 -1.091757e+00  3.493886e+01
     vertex  0.000000e+00 -1.092924e+00  3.493928e+01
     vertex  1.600000e+01 -1.175233e+00  3.496993e+01
   endloop
 endfacet
 facet normal  1.047426e-06  3.233333e-01  9.462851e-01
   outer loop
     vertex  1.600000e+01 -1.091757e+00  3.493886e+01
     vertex  0.000000e+00 -1.008545e+00  3.491045e+01
     vertex  0.000000e+00 -1.092924e+00  3.493928e+01
   endloop
 endfacet
 facet normal  9.647176e-07  2.972512e-01  9.547993e-01
   outer loop
     vertex  1.600000e+01 -1.007461e+00  3.491009e+01
     vertex  0.000000e+00 -9.234061e-01  3.488394e+01
     vertex  0.000000e+00 -1.008545e+00  3.491045e+01
   endloop
 endfacet
 facet normal -9.636316e-07  3.229870e-01  9.464034e-01
   outer loop
     vertex  1.600000e+01 -1.007461e+00  3.491009e+01
     vertex  0.000000e+00 -1.008545e+00  3.491045e+01
     vertex  1.600000e+01 -1.091757e+00  3.493886e+01
   endloop
 endfacet
 facet normal  8.818207e-07  2.709453e-01  9.625948e-01
   outer loop
     vertex  1.600000e+01 -9.224083e-01  3.488365e+01
     vertex  0.000000e+00 -8.375725e-01  3.485978e+01
     vertex  0.000000e+00 -9.234061e-01  3.488394e+01
   endloop
 endfacet
 facet normal -8.808292e-07  2.969309e-01  9.548990e-01
   outer loop
     vertex  1.600000e+01 -9.224083e-01  3.488365e+01
     vertex  0.000000e+00 -9.234061e-01  3.488394e+01
     vertex  1.600000e+01 -1.007461e+00  3.491009e+01
   endloop
 endfacet
 facet normal  7.987350e-07  2.444354e-01  9.696656e-01
   outer loop
     vertex  1.600000e+01 -8.366627e-01  3.485954e+01
     vertex  0.000000e+00 -7.511083e-01  3.483799e+01
     vertex  0.000000e+00 -8.375725e-01  3.485978e+01
   endloop
 endfacet
 facet normal -7.978378e-07  2.706517e-01  9.626773e-01
   outer loop
     vertex  1.600000e+01 -8.366627e-01  3.485954e+01
     vertex  0.000000e+00 -8.375725e-01  3.485978e+01
     vertex  1.600000e+01 -9.224083e-01  3.488365e+01
   endloop
 endfacet
 facet normal  7.154603e-07  2.177416e-01  9.760065e-01
   outer loop
     vertex  1.600000e+01 -7.502887e-01  3.483779e+01
     vertex  0.000000e+00 -6.640787e-01  3.481857e+01
     vertex  0.000000e+00 -7.511083e-01  3.483799e+01
   endloop
 endfacet
 facet normal -7.146576e-07  2.441693e-01  9.697326e-01
   outer loop
     vertex  1.600000e+01 -7.502887e-01  3.483779e+01
     vertex  0.000000e+00 -7.511083e-01  3.483799e+01
     vertex  1.600000e+01 -8.366627e-01  3.485954e+01
   endloop
 endfacet
 facet normal  6.319968e-07  1.908838e-01  9.816126e-01
   outer loop
     vertex  1.600000e+01 -6.633511e-01  3.481842e+01
     vertex  0.000000e+00 -5.765493e-01  3.480155e+01
     vertex  0.000000e+00 -6.640787e-01  3.481857e+01
   endloop
 endfacet
 facet normal -6.312885e-07  2.175035e-01  9.760595e-01
   outer loop
     vertex  1.600000e+01 -6.633511e-01  3.481842e+01
     vertex  0.000000e+00 -6.640787e-01  3.481857e+01
     vertex  1.600000e+01 -7.502887e-01  3.483779e+01
   endloop
 endfacet
 facet normal  5.483444e-07  1.638824e-01  9.864799e-01
   outer loop
     vertex  1.600000e+01 -5.759153e-01  3.480143e+01
     vertex  0.000000e+00 -4.885858e-01  3.478694e+01
     vertex  0.000000e+00 -5.765493e-01  3.480155e+01
   endloop
 endfacet
 facet normal -5.477306e-07  1.906743e-01  9.816534e-01
   outer loop
     vertex  1.600000e+01 -5.759153e-01  3.480143e+01
     vertex  0.000000e+00 -5.765493e-01  3.480155e+01
     vertex  1.600000e+01 -6.633511e-01  3.481842e+01
   endloop
 endfacet
 facet normal -4.639837e-07  1.637019e-01  9.865099e-01
   outer loop
     vertex  1.600000e+01 -4.880469e-01  3.478685e+01
     vertex  0.000000e+00 -4.885858e-01  3.478694e+01
     vertex  1.600000e+01 -5.759153e-01  3.480143e+01
   endloop
 endfacet
 facet normal  4.645031e-07  1.367575e-01  9.906046e-01
   outer loop
     vertex  1.600000e+01 -4.880469e-01  3.478685e+01
     vertex  0.000000e+00 -4.002545e-01  3.477474e+01
     vertex  0.000000e+00 -4.885858e-01  3.478694e+01
   endloop
 endfacet
 facet normal  3.804730e-07  1.095298e-01  9.939835e-01
   outer loop
     vertex  1.600000e+01 -3.998119e-01  3.477469e+01
     vertex  0.000000e+00 -3.116220e-01  3.476497e+01
     vertex  0.000000e+00 -4.002545e-01  3.477474e+01
   endloop
 endfacet
 facet normal -3.800480e-07  1.366065e-01  9.906254e-01
   outer loop
     vertex  1.600000e+01 -3.998119e-01  3.477469e+01
     vertex  0.000000e+00 -4.002545e-01  3.477474e+01
     vertex  1.600000e+01 -4.880469e-01  3.478685e+01
   endloop
 endfacet
 facet normal  2.962540e-07  8.221955e-02  9.966142e-01
   outer loop
     vertex  1.600000e+01 -3.112767e-01  3.476494e+01
     vertex  0.000000e+00 -2.227548e-01  3.475764e+01
     vertex  0.000000e+00 -3.116220e-01  3.476497e+01
   endloop
 endfacet
 facet normal -2.959234e-07  1.094085e-01  9.939969e-01
   outer loop
     vertex  1.600000e+01 -3.112767e-01  3.476494e+01
     vertex  0.000000e+00 -3.116220e-01  3.476497e+01
     vertex  1.600000e+01 -3.998119e-01  3.477469e+01
   endloop
 endfacet
 facet normal  2.118461e-07  5.484744e-02  9.984947e-01
   outer loop
     vertex  1.600000e+01 -2.225076e-01  3.475763e+01
     vertex  0.000000e+00 -1.337200e-01  3.475275e+01
     vertex  0.000000e+00 -2.227548e-01  3.475764e+01
   endloop
 endfacet
 facet normal -2.116100e-07  8.212838e-02  9.966218e-01
   outer loop
     vertex  1.600000e+01 -2.225076e-01  3.475763e+01
     vertex  0.000000e+00 -2.227548e-01  3.475764e+01
     vertex  1.600000e+01 -3.112767e-01  3.476494e+01
   endloop
 endfacet
 facet normal -1.271076e-07  5.478655e-02  9.984981e-01
   outer loop
     vertex  1.600000e+01 -1.335715e-01  3.475275e+01
     vertex  0.000000e+00 -1.337200e-01  3.475275e+01
     vertex  1.600000e+01 -2.225076e-01  3.475763e+01
   endloop
 endfacet
 facet normal  1.272493e-07  2.743405e-02  9.996236e-01
   outer loop
     vertex  1.600000e+01 -1.335715e-01  3.475275e+01
     vertex  0.000000e+00 -4.458452e-02  3.475031e+01
     vertex  0.000000e+00 -1.337200e-01  3.475275e+01
   endloop
 endfacet
 facet normal -4.241643e-08  2.740356e-02  9.996245e-01
   outer loop
     vertex  1.600000e+01 -4.453497e-02  3.475031e+01
     vertex  0.000000e+00 -4.458452e-02  3.475031e+01
     vertex  1.600000e+01 -1.335715e-01  3.475275e+01
   endloop
 endfacet
 facet normal  4.246365e-08  0.000000e+00  1.000000e+00
   outer loop
     vertex  1.600000e+01  4.453497e-02  3.475031e+01
     vertex  0.000000e+00  4.458452e-02  3.475031e+01
     vertex  0.000000e+00 -4.458452e-02  3.475031e+01
   endloop
 endfacet
 facet normal  4.246365e-08  0.000000e+00  1.000000e+00
   outer loop
     vertex  1.600000e+01  4.453497e-02  3.475031e+01
     vertex  0.000000e+00 -4.458452e-02  3.475031e+01
     vertex  1.600000e+01 -4.453497e-02  3.475031e+01
   endloop
 endfacet
 facet normal  1.272493e-07 -2.743405e-02  9.996236e-01
   outer loop
     vertex  1.600000e+01  1.335715e-01  3.475275e+01
     vertex  0.000000e+00  1.337200e-01  3.475275e+01
     vertex  0.000000e+00  4.458452e-02  3.475031e+01
   endloop
 endfacet
 facet normal -4.241643e-08 -2.740356e-02  9.996245e-01
   outer loop
     vertex  1.600000e+01  1.335715e-01  3.475275e+01
     vertex  0.000000e+00  4.458452e-02  3.475031e+01
     vertex  1.600000e+01  4.453497e-02  3.475031e+01
   endloop
 endfacet
 facet normal  2.118461e-07 -5.484744e-02  9.984947e-01
   outer loop
     vertex  1.600000e+01  2.225076e-01  3.475763e+01
     vertex  0.000000e+00  2.227548e-01  3.475764e+01
     vertex  0.000000e+00  1.337200e-01  3.475275e+01
   endloop
 endfacet
 facet normal -1.271076e-07 -5.478655e-02  9.984981e-01
   outer loop
     vertex  1.600000e+01  2.225076e-01  3.475763e+01
     vertex  0.000000e+00  1.337200e-01  3.475275e+01
     vertex  1.600000e+01  1.335715e-01  3.475275e+01
   endloop
 endfacet
 facet normal  2.962540e-07 -8.221955e-02  9.966142e-01
   outer loop
     vertex  1.600000e+01  3.112767e-01  3.476494e+01
     vertex  0.000000e+00  3.116220e-01  3.476497e+01
     vertex  0.000000e+00  2.227548e-01  3.475764e+01
   endloop
 endfacet
 facet normal -2.116100e-07 -8.212838e-02  9.966218e-01
   outer loop
     vertex  1.600000e+01  3.112767e-01  3.476494e+01
     vertex  0.000000e+00  2.227548e-01  3.475764e+01
     vertex  1.600000e+01  2.225076e-01  3.475763e+01
   endloop
 endfacet
 facet normal  3.804730e-07 -1.095298e-01  9.939835e-01
   outer loop
     vertex  1.600000e+01  3.998119e-01  3.477469e+01
     vertex  0.000000e+00  4.002545e-01  3.477474e+01
     vertex  0.000000e+00  3.116220e-01  3.476497e+01
   endloop
 endfacet
 facet normal -2.959234e-07 -1.094085e-01  9.939969e-01
   outer loop
     vertex  1.600000e+01  3.998119e-01  3.477469e+01
     vertex  0.000000e+00  3.116220e-01  3.476497e+01
     vertex  1.600000e+01  3.112767e-01  3.476494e+01
   endloop
 endfacet
 facet normal  4.645031e-07 -1.367575e-01  9.906046e-01
   outer loop
     vertex  1.600000e+01  4.880469e-01  3.478685e+01
     vertex  0.000000e+00  4.885858e-01  3.478694e+01
     vertex  0.000000e+00  4.002545e-01  3.477474e+01
   endloop
 endfacet
 facet normal -3.800480e-07 -1.366065e-01  9.906254e-01
   outer loop
     vertex  1.600000e+01  4.880469e-01  3.478685e+01
     vertex  0.000000e+00  4.002545e-01  3.477474e+01
     vertex  1.600000e+01  3.998119e-01  3.477469e+01
   endloop
 endfacet
 facet normal  5.483444e-07 -1.638824e-01  9.864799e-01
   outer loop
     vertex  1.600000e+01  5.759153e-01  3.480143e+01
     vertex  0.000000e+00  5.765493e-01  3.480155e+01
     vertex  0.000000e+00  4.885858e-01  3.478694e+01
   endloop
 endfacet
 facet normal -4.639837e-07 -1.637019e-01  9.865099e-01
   outer loop
     vertex  1.600000e+01  5.759153e-01  3.480143e+01
     vertex  0.000000e+00  4.885858e-01  3.478694e+01
     vertex  1.600000e+01  4.880469e-01  3.478685e+01
   endloop
 endfacet
 facet normal  6.319968e-07 -1.908838e-01  9.816126e-01
   outer loop
     vertex  1.600000e+01  6.633511e-01  3.481842e+01
     vertex  0.000000e+00  6.640787e-01  3.481857e+01
     vertex  0.000000e+00  5.765493e-01  3.480155e+01
   endloop
 endfacet
 facet normal -5.477306e-07 -1.906743e-01  9.816534e-01
   outer loop
     vertex  1.600000e+01  6.633511e-01  3.481842e+01
     vertex  0.000000e+00  5.765493e-01  3.480155e+01
     vertex  1.600000e+01  5.759153e-01  3.480143e+01
   endloop
 endfacet
 facet normal  7.154603e-07 -2.177416e-01  9.760065e-01
   outer loop
     vertex  1.600000e+01  7.502887e-01  3.483779e+01
     vertex  0.000000e+00  7.511083e-01  3.483799e+01
     vertex  0.000000e+00  6.640787e-01  3.481857e+01
   endloop
 endfacet
 facet normal -6.312885e-07 -2.175035e-01  9.760595e-01
   outer loop
     vertex  1.600000e+01  7.502887e-01  3.483779e+01
     vertex  0.000000e+00  6.640787e-01  3.481857e+01
     vertex  1.600000e+01  6.633511e-01  3.481842e+01
   endloop
 endfacet
 facet normal  7.987350e-07 -2.444354e-01  9.696656e-01
   outer loop
     vertex  1.600000e+01  8.366627e-01  3.485954e+01
     vertex  0.000000e+00  8.375725e-01  3.485978e+01
     vertex  0.000000e+00  7.511083e-01  3.483799e+01
   endloop
 endfacet
 facet normal -7.146576e-07 -2.441693e-01  9.697326e-01
   outer loop
     vertex  1.600000e+01  8.366627e-01  3.485954e+01
     vertex  0.000000e+00  7.511083e-01  3.483799e+01
     vertex  1.600000e+01  7.502887e-01  3.483779e+01
   endloop
 endfacet
 facet normal  8.818207e-07 -2.709453e-01  9.625948e-01
   outer loop
     vertex  1.600000e+01  9.224083e-01  3.488365e+01
     vertex  0.000000e+00  9.234061e-01  3.488394e+01
     vertex  0.000000e+00  8.375725e-01  3.485978e+01
   endloop
 endfacet
 facet normal -7.978378e-07 -2.706517e-01  9.626773e-01
   outer loop
     vertex  1.600000e+01  9.224083e-01  3.488365e+01
     vertex  0.000000e+00  8.375725e-01  3.485978e+01
     vertex  1.600000e+01  8.366627e-01  3.485954e+01
   endloop
 endfacet
 facet normal  9.647176e-07 -2.972512e-01  9.547993e-01
   outer loop
     vertex  1.600000e+01  1.007461e+00  3.491009e+01
     vertex  0.000000e+00  1.008545e+00  3.491045e+01
     vertex  0.000000e+00  9.234061e-01  3.488394e+01
   endloop
 endfacet
 facet normal -8.808292e-07 -2.969309e-01  9.548990e-01
   outer loop
     vertex  1.600000e+01  1.007461e+00  3.491009e+01
     vertex  0.000000e+00  9.234061e-01  3.488394e+01
     vertex  1.600000e+01  9.224083e-01  3.488365e+01
   endloop
 endfacet
 facet normal  1.047426e-06 -3.233333e-01  9.462851e-01
   outer loop
     vertex  1.600000e+01  1.091757e+00  3.493886e+01
     vertex  0.000000e+00  1.092924e+00  3.493928e+01
     vertex  0.000000e+00  1.008545e+00  3.491045e+01
   endloop
 endfacet
 facet normal -9.636316e-07 -3.229870e-01  9.464034e-01
   outer loop
     vertex  1.600000e+01  1.091757e+00  3.493886e+01
     vertex  0.000000e+00  1.008545e+00  3.491045e+01
     vertex  1.600000e+01  1.007461e+00  3.491009e+01
   endloop
 endfacet
 facet normal  1.129945e-06 -3.491720e-01  9.370586e-01
   outer loop
     vertex  1.600000e+01  1.175233e+00  3.496993e+01
     vertex  0.000000e+00  1.176481e+00  3.497041e+01
     vertex  0.000000e+00  1.092924e+00  3.493928e+01
   endloop
 endfacet
 facet normal -1.046245e-06 -3.488005e-01  9.371970e-01
   outer loop
     vertex  1.600000e+01  1.175233e+00  3.496993e+01
     vertex  0.000000e+00  1.092924e+00  3.493928e+01
     vertex  1.600000e+01  1.091757e+00  3.493886e+01
   endloop
 endfacet
 facet normal  1.212275e-06 -3.747479e-01  9.271267e-01
   outer loop
     vertex  1.600000e+01  1.257827e+00  3.500327e+01
     vertex  0.000000e+00  1.259152e+00  3.500383e+01
     vertex  0.000000e+00  1.176481e+00  3.497041e+01
   endloop
 endfacet
 facet normal -1.128670e-06 -3.743521e-01  9.272866e-01
   outer loop
     vertex  1.600000e+01  1.257827e+00  3.500327e+01
     vertex  0.000000e+00  1.176481e+00  3.497041e+01
     vertex  1.600000e+01  1.175233e+00  3.496993e+01
   endloop
 endfacet
 facet normal  1.294416e-06 -4.000417e-01  9.164969e-01
   outer loop
     vertex  1.600000e+01  1.339475e+00  3.503887e+01
     vertex  0.000000e+00  1.340875e+00  3.503950e+01
     vertex  0.000000e+00  1.259152e+00  3.500383e+01
   endloop
 endfacet
 facet normal -1.210906e-06 -3.996224e-01  9.166798e-01
   outer loop
     vertex  1.600000e+01  1.339475e+00  3.503887e+01
     vertex  0.000000e+00  1.259152e+00  3.500383e+01
     vertex  1.600000e+01  1.257827e+00  3.500327e+01
   endloop
 endfacet
 facet normal  1.376369e-06 -4.250344e-01  9.051772e-01
   outer loop
     vertex  1.600000e+01  1.420118e+00  3.507669e+01
     vertex  0.000000e+00  1.421589e+00  3.507740e+01
     vertex  0.000000e+00  1.340875e+00  3.503950e+01
   endloop
 endfacet
 facet normal -1.292953e-06 -4.245927e-01  9.053845e-01
   outer loop
     vertex  1.600000e+01  1.420118e+00  3.507669e+01
     vertex  0.000000e+00  1.340875e+00  3.503950e+01
     vertex  1.600000e+01  1.339475e+00  3.503887e+01
   endloop
 endfacet
 facet normal  1.458133e-06 -4.497071e-01  8.931761e-01
   outer loop
     vertex  1.600000e+01  1.499694e+00  3.511670e+01
     vertex  0.000000e+00  1.501232e+00  3.511750e+01
     vertex  0.000000e+00  1.421589e+00  3.507740e+01
   endloop
 endfacet
 facet normal -1.374811e-06 -4.492440e-01  8.934091e-01
   outer loop
     vertex  1.600000e+01  1.499694e+00  3.511670e+01
     vertex  0.000000e+00  1.421589e+00  3.507740e+01
     vertex  1.600000e+01  1.420118e+00  3.507669e+01
   endloop
 endfacet
 facet normal  1.539707e-06 -4.740412e-01  8.805026e-01
   outer loop
     vertex  1.600000e+01  1.578143e+00  3.515888e+01
     vertex  0.000000e+00  1.579746e+00  3.515977e+01
     vertex  0.000000e+00  1.501232e+00  3.511750e+01
   endloop
 endfacet
 facet normal -1.456480e-06 -4.735579e-01  8.807627e-01
   outer loop
     vertex  1.600000e+01  1.578143e+00  3.515888e+01
     vertex  0.000000e+00  1.501232e+00  3.511750e+01
     vertex  1.600000e+01  1.499694e+00  3.511670e+01
   endloop
 endfacet
 facet normal  1.621093e-06 -4.980186e-01  8.671664e-01
   outer loop
     vertex  1.600000e+01  1.655407e+00  3.520319e+01
     vertex  0.000000e+00  1.657070e+00  3.520418e+01
     vertex  0.000000e+00  1.579746e+00  3.515977e+01
   endloop
 endfacet
 facet normal -1.537960e-06 -4.975160e-01  8.674548e-01
   outer loop
     vertex  1.600000e+01  1.655407e+00  3.520319e+01
     vertex  0.000000e+00  1.579746e+00  3.515977e+01
     vertex  1.600000e+01  1.578143e+00  3.515888e+01
   endloop
 endfacet
 facet normal -1.619252e-06 -5.211006e-01  8.534953e-01
   outer loop
     vertex  1.600000e+01  1.731428e+00  3.524961e+01
     vertex  0.000000e+00  1.657070e+00  3.520418e+01
     vertex  1.600000e+01  1.655407e+00  3.520319e+01
   endloop
 endfacet
 facet normal  1.702290e-06 -5.216210e-01  8.531773e-01
   outer loop
     vertex  1.600000e+01  1.731428e+00  3.524961e+01
     vertex  0.000000e+00  1.733147e+00  3.525069e+01
     vertex  0.000000e+00  1.657070e+00  3.520418e+01
   endloop
 endfacet
 facet normal -1.700354e-06 -5.442937e-01  8.388947e-01
   outer loop
     vertex  1.600000e+01  1.806149e+00  3.529809e+01
     vertex  0.000000e+00  1.733147e+00  3.525069e+01
     vertex  1.600000e+01  1.731428e+00  3.524961e+01
   endloop
 endfacet
 facet normal  1.783299e-06 -5.448308e-01  8.385460e-01
   outer loop
     vertex  1.600000e+01  1.806149e+00  3.529809e+01
     vertex  0.000000e+00  1.807920e+00  3.529927e+01
     vertex  0.000000e+00  1.733147e+00  3.525069e+01
   endloop
 endfacet
 facet normal -1.781268e-06 -5.670780e-01  8.236641e-01
   outer loop
     vertex  1.600000e+01  1.879512e+00  3.534860e+01
     vertex  0.000000e+00  1.807920e+00  3.529927e+01
     vertex  1.600000e+01  1.806149e+00  3.529809e+01
   endloop
 endfacet
 facet normal  1.864118e-06 -5.676304e-01  8.232835e-01
   outer loop
     vertex  1.600000e+01  1.879512e+00  3.534860e+01
     vertex  0.000000e+00  1.881331e+00  3.534989e+01
     vertex  0.000000e+00  1.807920e+00  3.529927e+01
   endloop
 endfacet
 facet normal -1.861993e-06 -5.894363e-01  8.078148e-01
   outer loop
     vertex  1.600000e+01  1.951464e+00  3.540110e+01
     vertex  0.000000e+00  1.881331e+00  3.534989e+01
     vertex  1.600000e+01  1.879512e+00  3.534860e+01
   endloop
 endfacet
 facet normal  1.944748e-06 -5.900028e-01  8.074012e-01
   outer loop
     vertex  1.600000e+01  1.951464e+00  3.540110e+01
     vertex  0.000000e+00  1.953326e+00  3.540250e+01
     vertex  0.000000e+00  1.881331e+00  3.534989e+01
   endloop
 endfacet
 facet normal -1.942529e-06 -6.113520e-01  7.913588e-01
   outer loop
     vertex  1.600000e+01  2.021951e+00  3.545555e+01
     vertex  0.000000e+00  1.953326e+00  3.540250e+01
     vertex  1.600000e+01  1.951464e+00  3.540110e+01
   endloop
 endfacet
 facet normal  2.025190e-06 -6.119310e-01  7.909112e-01
   outer loop
     vertex  1.600000e+01  2.021951e+00  3.545555e+01
     vertex  0.000000e+00  2.023851e+00  3.545706e+01
     vertex  0.000000e+00  1.953326e+00  3.540250e+01
   endloop
 endfacet
 facet normal -2.022876e-06 -6.328084e-01  7.743084e-01
   outer loop
     vertex  1.600000e+01  2.090918e+00  3.551192e+01
     vertex  0.000000e+00  2.023851e+00  3.545706e+01
     vertex  1.600000e+01  2.021951e+00  3.545555e+01
   endloop
 endfacet
 facet normal  2.105442e-06 -6.333986e-01  7.738257e-01
   outer loop
     vertex  1.600000e+01  2.090918e+00  3.551192e+01
     vertex  0.000000e+00  2.092852e+00  3.551354e+01
     vertex  0.000000e+00  2.023851e+00  3.545706e+01
   endloop
 endfacet
 facet normal -2.103034e-06 -6.537896e-01  7.566764e-01
   outer loop
     vertex  1.600000e+01  2.158315e+00  3.557015e+01
     vertex  0.000000e+00  2.092852e+00  3.551354e+01
     vertex  1.600000e+01  2.090918e+00  3.551192e+01
   endloop
 endfacet
 facet normal  2.185506e-06 -6.543893e-01  7.561578e-01
   outer loop
     vertex  1.600000e+01  2.158315e+00  3.557015e+01
     vertex  0.000000e+00  2.160278e+00  3.557189e+01
     vertex  0.000000e+00  2.092852e+00  3.551354e+01
   endloop
 endfacet
 facet normal -2.183004e-06 -6.742797e-01  7.384761e-01
   outer loop
     vertex  1.600000e+01  2.224091e+00  3.563021e+01
     vertex  0.000000e+00  2.160278e+00  3.557189e+01
     vertex  1.600000e+01  2.158315e+00  3.557015e+01
   endloop
 endfacet
 facet normal  2.265381e-06 -6.748875e-01  7.379206e-01
   outer loop
     vertex  1.600000e+01  2.224091e+00  3.563021e+01
     vertex  0.000000e+00  2.226078e+00  3.563207e+01
     vertex  0.000000e+00  2.160278e+00  3.557189e+01
   endloop
 endfacet
 facet normal -2.262784e-06 -6.942634e-01  7.197211e-01
   outer loop
     vertex  1.600000e+01  2.288197e+00  3.569205e+01
     vertex  0.000000e+00  2.226078e+00  3.563207e+01
     vertex  1.600000e+01  2.224091e+00  3.563021e+01
   endloop
 endfacet
 facet normal  2.345067e-06 -6.948776e-01  7.191280e-01
   outer loop
     vertex  1.600000e+01  2.288197e+00  3.569205e+01
     vertex  0.000000e+00  2.290202e+00  3.569403e+01
     vertex  0.000000e+00  2.226078e+00  3.563207e+01
   endloop
 endfacet
 facet normal  2.424564e-06 -7.143447e-01  6.997940e-01
   outer loop
     vertex  1.600000e+01  2.350584e+00  3.575562e+01
     vertex  0.000000e+00  2.352602e+00  3.575773e+01
     vertex  0.000000e+00  2.290202e+00  3.569403e+01
   endloop
 endfacet
 facet normal -2.342376e-06 -7.137255e-01  7.004255e-01
   outer loop
     vertex  1.600000e+01  2.350584e+00  3.575562e+01
     vertex  0.000000e+00  2.290202e+00  3.569403e+01
     vertex  1.600000e+01  2.288197e+00  3.569205e+01
   endloop
 endfacet
 facet normal -2.421778e-06 -7.326517e-01  6.806038e-01
   outer loop
     vertex  1.600000e+01  2.411205e+00  3.582087e+01
     vertex  0.000000e+00  2.352602e+00  3.575773e+01
     vertex  1.600000e+01  2.350584e+00  3.575562e+01
   endloop
 endfacet
 facet normal  2.503872e-06 -7.332740e-01  6.799333e-01
   outer loop
     vertex  1.600000e+01  2.411205e+00  3.582087e+01
     vertex  0.000000e+00  2.413231e+00  3.582312e+01
     vertex  0.000000e+00  2.352602e+00  3.575773e+01
   endloop
 endfacet
 facet normal  2.582992e-06 -7.516513e-01  6.595607e-01
   outer loop
     vertex  1.600000e+01  2.470015e+00  3.588777e+01
     vertex  0.000000e+00  2.472043e+00  3.589014e+01
     vertex  0.000000e+00  2.413231e+00  3.582312e+01
   endloop
 endfacet
 facet normal -2.500992e-06 -7.510275e-01  6.602709e-01
   outer loop
     vertex  1.600000e+01  2.470015e+00  3.588777e+01
     vertex  0.000000e+00  2.413231e+00  3.582312e+01
     vertex  1.600000e+01  2.411205e+00  3.582087e+01
   endloop
 endfacet
 facet normal  2.661922e-06 -7.694628e-01  6.386916e-01
   outer loop
     vertex  1.600000e+01  2.526970e+00  3.595625e+01
     vertex  0.000000e+00  2.528995e+00  3.595875e+01
     vertex  0.000000e+00  2.472043e+00  3.589014e+01
   endloop
 endfacet
 facet normal -2.580017e-06 -7.688392e-01  6.394421e-01
   outer loop
     vertex  1.600000e+01  2.526970e+00  3.595625e+01
     vertex  0.000000e+00  2.472043e+00  3.589014e+01
     vertex  1.600000e+01  2.470015e+00  3.588777e+01
   endloop
 endfacet
 facet normal  2.740664e-06 -7.866951e-01  6.173417e-01
   outer loop
     vertex  1.600000e+01  2.582027e+00  3.602626e+01
     vertex  0.000000e+00  2.584042e+00  3.602890e+01
     vertex  0.000000e+00  2.528995e+00  3.595875e+01
   endloop
 endfacet
 facet normal -2.658853e-06 -7.860735e-01  6.181331e-01
   outer loop
     vertex  1.600000e+01  2.582027e+00  3.602626e+01
     vertex  0.000000e+00  2.528995e+00  3.595875e+01
     vertex  1.600000e+01  2.526970e+00  3.595625e+01
   endloop
 endfacet
 facet normal  2.819217e-06 -8.033352e-01  5.955271e-01
   outer loop
     vertex  1.600000e+01  2.635145e+00  3.609776e+01
     vertex  0.000000e+00  2.637145e+00  3.610054e+01
     vertex  0.000000e+00  2.584042e+00  3.602890e+01
   endloop
 endfacet
 facet normal -2.737500e-06 -8.027173e-01  5.963597e-01
   outer loop
     vertex  1.600000e+01  2.635145e+00  3.609776e+01
     vertex  0.000000e+00  2.584042e+00  3.602890e+01
     vertex  1.600000e+01  2.582027e+00  3.602626e+01
   endloop
 endfacet
 facet normal  2.897581e-06 -8.193706e-01  5.732642e-01
   outer loop
     vertex  1.600000e+01  2.686284e+00  3.617069e+01
     vertex  0.000000e+00  2.688262e+00  3.617360e+01
     vertex  0.000000e+00  2.637145e+00  3.610054e+01
   endloop
 endfacet
 facet normal -2.815959e-06 -8.187582e-01  5.741384e-01
   outer loop
     vertex  1.600000e+01  2.686284e+00  3.617069e+01
     vertex  0.000000e+00  2.637145e+00  3.610054e+01
     vertex  1.600000e+01  2.635145e+00  3.609776e+01
   endloop
 endfacet
 facet normal  2.975756e-06 -8.347891e-01  5.505698e-01
   outer loop
     vertex  1.600000e+01  2.735405e+00  3.624499e+01
     vertex  0.000000e+00  2.737356e+00  3.624804e+01
     vertex  0.000000e+00  2.688262e+00  3.617360e+01
   endloop
 endfacet
 facet normal -2.894228e-06 -8.341842e-01  5.514859e-01
   outer loop
     vertex  1.600000e+01  2.735405e+00  3.624499e+01
     vertex  0.000000e+00  2.688262e+00  3.617360e+01
     vertex  1.600000e+01  2.686284e+00  3.617069e+01
   endloop
 endfacet
 facet normal  3.053742e-06 -8.495793e-01  5.274609e-01
   outer loop
     vertex  1.600000e+01  2.782471e+00  3.632061e+01
     vertex  0.000000e+00  2.784389e+00  3.632379e+01
     vertex  0.000000e+00  2.737356e+00  3.624804e+01
   endloop
 endfacet
 facet normal -2.972309e-06 -8.489836e-01  5.284192e-01
   outer loop
     vertex  1.600000e+01  2.782471e+00  3.632061e+01
     vertex  0.000000e+00  2.737356e+00  3.624804e+01
     vertex  1.600000e+01  2.735405e+00  3.624499e+01
   endloop
 endfacet
 facet normal  3.131539e-06 -8.637299e-01  5.039550e-01
   outer loop
     vertex  1.600000e+01  2.827447e+00  3.639749e+01
     vertex  0.000000e+00  2.829327e+00  3.640081e+01
     vertex  0.000000e+00  2.784389e+00  3.632379e+01
   endloop
 endfacet
 facet normal -3.050200e-06 -8.631453e-01  5.049556e-01
   outer loop
     vertex  1.600000e+01  2.827447e+00  3.639749e+01
     vertex  0.000000e+00  2.784389e+00  3.632379e+01
     vertex  1.600000e+01  2.782471e+00  3.632061e+01
   endloop
 endfacet
 facet normal  3.209147e-06 -8.772303e-01  4.800697e-01
   outer loop
     vertex  1.600000e+01  2.870300e+00  3.647557e+01
     vertex  0.000000e+00  2.872134e+00  3.647903e+01
     vertex  0.000000e+00  2.829327e+00  3.640081e+01
   endloop
 endfacet
 facet normal -3.127903e-06 -8.766588e-01  4.811127e-01
   outer loop
     vertex  1.600000e+01  2.870300e+00  3.647557e+01
     vertex  0.000000e+00  2.829327e+00  3.640081e+01
     vertex  1.600000e+01  2.827447e+00  3.639749e+01
   endloop
 endfacet
 facet normal  3.286567e-06 -8.900704e-01  4.558231e-01
   outer loop
     vertex  1.600000e+01  2.910997e+00  3.655480e+01
     vertex  0.000000e+00  2.912779e+00  3.655840e+01
     vertex  0.000000e+00  2.872134e+00  3.647903e+01
   endloop
 endfacet
 facet normal -3.205417e-06 -8.895137e-01  4.569084e-01
   outer loop
     vertex  1.600000e+01  2.910997e+00  3.655480e+01
     vertex  0.000000e+00  2.872134e+00  3.647903e+01
     vertex  1.600000e+01  2.870300e+00  3.647557e+01
   endloop
 endfacet
 facet normal  3.363798e-06 -9.022405e-01  4.312333e-01
   outer loop
     vertex  1.600000e+01  2.949507e+00  3.663512e+01
     vertex  0.000000e+00  2.951232e+00  3.663885e+01
     vertex  0.000000e+00  2.912779e+00  3.655840e+01
   endloop
 endfacet
 facet normal -3.282742e-06 -9.017006e-01  4.323610e-01
   outer loop
     vertex  1.600000e+01  2.949507e+00  3.663512e+01
     vertex  0.000000e+00  2.912779e+00  3.655840e+01
     vertex  1.600000e+01  2.910997e+00  3.655480e+01
   endloop
 endfacet
 facet normal  3.440839e-06 -9.137314e-01  4.063188e-01
   outer loop
     vertex  1.600000e+01  2.985802e+00  3.671646e+01
     vertex  0.000000e+00  2.987463e+00  3.672033e+01
     vertex  0.000000e+00  2.951232e+00  3.663885e+01
   endloop
 endfacet
 facet normal -3.359878e-06 -9.132102e-01  4.074888e-01
   outer loop
     vertex  1.600000e+01  2.985802e+00  3.671646e+01
     vertex  0.000000e+00  2.951232e+00  3.663885e+01
     vertex  1.600000e+01  2.949507e+00  3.663512e+01
   endloop
 endfacet
 facet normal  3.517692e-06 -9.245344e-01  3.810986e-01
   outer loop
     vertex  1.600000e+01  3.019854e+00  3.679876e+01
     vertex  0.000000e+00  3.021445e+00  3.680277e+01
     vertex  0.000000e+00  2.987463e+00  3.672033e+01
   endloop
 endfacet
 facet normal -3.436826e-06 -9.240339e-01  3.823106e-01
   outer loop
     vertex  1.600000e+01  3.019854e+00  3.679876e+01
     vertex  0.000000e+00  2.987463e+00  3.672033e+01
     vertex  1.600000e+01  2.985802e+00  3.671646e+01
   endloop
 endfacet
 facet normal  3.594356e-06 -9.346415e-01  3.555914e-01
   outer loop
     vertex  1.600000e+01  3.051639e+00  3.688197e+01
     vertex  0.000000e+00  3.053153e+00  3.688611e+01
     vertex  0.000000e+00  3.021445e+00  3.680277e+01
   endloop
 endfacet
 facet normal -3.513584e-06 -9.341635e-01  3.568452e-01
   outer loop
     vertex  1.600000e+01  3.051639e+00  3.688197e+01
     vertex  0.000000e+00  3.021445e+00  3.680277e+01
     vertex  1.600000e+01  3.019854e+00  3.679876e+01
   endloop
 endfacet
 facet normal -3.590154e-06 -9.435916e-01  3.311117e-01
   outer loop
     vertex  1.600000e+01  3.081131e+00  3.696601e+01
     vertex  0.000000e+00  3.053153e+00  3.688611e+01
     vertex  1.600000e+01  3.051639e+00  3.688197e+01
   endloop
 endfacet
 facet normal  3.670831e-06 -9.440450e-01  3.298166e-01
   outer loop
     vertex  1.600000e+01  3.081131e+00  3.696601e+01
     vertex  0.000000e+00  3.082562e+00  3.697029e+01
     vertex  0.000000e+00  3.053153e+00  3.688611e+01
   endloop
 endfacet
 facet normal -3.666534e-06 -9.523108e-01  3.051296e-01
   outer loop
     vertex  1.600000e+01  3.108309e+00  3.705083e+01
     vertex  0.000000e+00  3.082562e+00  3.697029e+01
     vertex  1.600000e+01  3.081131e+00  3.696601e+01
   endloop
 endfacet
 facet normal  3.747118e-06 -9.527379e-01  3.037934e-01
   outer loop
     vertex  1.600000e+01  3.108309e+00  3.705083e+01
     vertex  0.000000e+00  3.109651e+00  3.705524e+01
     vertex  0.000000e+00  3.082562e+00  3.697029e+01
   endloop
 endfacet
 facet normal -3.742726e-06 -9.603148e-01  2.789183e-01
   outer loop
     vertex  1.600000e+01  3.133152e+00  3.713637e+01
     vertex  0.000000e+00  3.109651e+00  3.705524e+01
     vertex  1.600000e+01  3.108309e+00  3.705083e+01
   endloop
 endfacet
 facet normal  3.823215e-06 -9.607136e-01  2.775416e-01
   outer loop
     vertex  1.600000e+01  3.133152e+00  3.713637e+01
     vertex  0.000000e+00  3.134399e+00  3.714091e+01
     vertex  0.000000e+00  3.109651e+00  3.705524e+01
   endloop
 endfacet
 facet normal -3.818729e-06 -9.675975e-01  2.524975e-01
   outer loop
     vertex  1.600000e+01  3.155642e+00  3.722255e+01
     vertex  0.000000e+00  3.134399e+00  3.714091e+01
     vertex  1.600000e+01  3.133152e+00  3.713637e+01
   endloop
 endfacet
 facet normal  3.899123e-06 -9.679661e-01  2.510809e-01
   outer loop
     vertex  1.600000e+01  3.155642e+00  3.722255e+01
     vertex  0.000000e+00  3.156788e+00  3.722722e+01
     vertex  0.000000e+00  3.134399e+00  3.714091e+01
   endloop
 endfacet
 facet normal -3.894543e-06 -9.741535e-01  2.258871e-01
   outer loop
     vertex  1.600000e+01  3.175761e+00  3.730932e+01
     vertex  0.000000e+00  3.156788e+00  3.722722e+01
     vertex  1.600000e+01  3.155642e+00  3.722255e+01
   endloop
 endfacet
 facet normal  3.974843e-06 -9.744899e-01  2.244312e-01
   outer loop
     vertex  1.600000e+01  3.175761e+00  3.730932e+01
     vertex  0.000000e+00  3.176800e+00  3.731411e+01
     vertex  0.000000e+00  3.156788e+00  3.722722e+01
   endloop
 endfacet
 facet normal -3.970168e-06 -9.799778e-01  1.991070e-01
   outer loop
     vertex  1.600000e+01  3.193496e+00  3.739661e+01
     vertex  0.000000e+00  3.176800e+00  3.731411e+01
     vertex  1.600000e+01  3.175761e+00  3.730932e+01
   endloop
 endfacet
 facet normal  4.050374e-06 -9.802802e-01  1.976125e-01
   outer loop
     vertex  1.600000e+01  3.193496e+00  3.739661e+01
     vertex  0.000000e+00  3.194421e+00  3.740153e+01
     vertex  0.000000e+00  3.176800e+00  3.731411e+01
   endloop
 endfacet
 facet normal -4.045605e-06 -9.850660e-01  1.721773e-01
   outer loop
     vertex  1.600000e+01  3.208832e+00  3.748435e+01
     vertex  0.000000e+00  3.194421e+00  3.740153e+01
     vertex  1.600000e+01  3.193496e+00  3.739661e+01
   endloop
 endfacet
 facet normal  4.125716e-06 -9.853326e-01  1.706451e-01
   outer loop
     vertex  1.600000e+01  3.208832e+00  3.748435e+01
     vertex  0.000000e+00  3.209638e+00  3.748939e+01
     vertex  0.000000e+00  3.194421e+00  3.740153e+01
   endloop
 endfacet
 facet normal -4.120852e-06 -9.894143e-01  1.451183e-01
   outer loop
     vertex  1.600000e+01  3.221757e+00  3.757247e+01
     vertex  0.000000e+00  3.209638e+00  3.748939e+01
     vertex  1.600000e+01  3.208832e+00  3.748435e+01
   endloop
 endfacet
 facet normal  4.200869e-06 -9.896432e-01  1.435492e-01
   outer loop
     vertex  1.600000e+01  3.221757e+00  3.757247e+01
     vertex  0.000000e+00  3.222438e+00  3.757763e+01
     vertex  0.000000e+00  3.209638e+00  3.748939e+01
   endloop
 endfacet
 facet normal -4.195911e-06 -9.930195e-01  1.179503e-01
   outer loop
     vertex  1.600000e+01  3.232263e+00  3.766092e+01
     vertex  0.000000e+00  3.222438e+00  3.757763e+01
     vertex  1.600000e+01  3.221757e+00  3.757247e+01
   endloop
 endfacet
 facet normal  4.275833e-06 -9.932088e-01  1.163452e-01
   outer loop
     vertex  1.600000e+01  3.232263e+00  3.766092e+01
     vertex  0.000000e+00  3.232812e+00  3.766620e+01
     vertex  0.000000e+00  3.222438e+00  3.757763e+01
   endloop
 endfacet
 facet normal -4.270780e-06 -9.958788e-01  9.069376e-02
   outer loop
     vertex  1.600000e+01  3.240341e+00  3.774962e+01
     vertex  0.000000e+00  3.232812e+00  3.766620e+01
     vertex  1.600000e+01  3.232263e+00  3.766092e+01
   endloop
 endfacet
 facet normal  4.350608e-06 -9.960268e-01  8.905371e-02
   outer loop
     vertex  1.600000e+01  3.240341e+00  3.774962e+01
     vertex  0.000000e+00  3.240753e+00  3.775501e+01
     vertex  0.000000e+00  3.232812e+00  3.766620e+01
   endloop
 endfacet
 facet normal -4.345461e-06 -9.979902e-01  6.336907e-02
   outer loop
     vertex  1.600000e+01  3.245986e+00  3.783852e+01
     vertex  0.000000e+00  3.240753e+00  3.775501e+01
     vertex  1.600000e+01  3.240341e+00  3.774962e+01
   endloop
 endfacet
 facet normal  4.425194e-06 -9.980950e-01  6.169515e-02
   outer loop
     vertex  1.600000e+01  3.245986e+00  3.783852e+01
     vertex  0.000000e+00  3.246254e+00  3.784401e+01
     vertex  0.000000e+00  3.240753e+00  3.775501e+01
   endloop
 endfacet
 facet normal -4.419953e-06 -9.993519e-01  3.599679e-02
   outer loop
     vertex  1.600000e+01  3.249192e+00  3.792753e+01
     vertex  0.000000e+00  3.246254e+00  3.784401e+01
     vertex  1.600000e+01  3.245986e+00  3.783852e+01
   endloop
 endfacet
 facet normal  4.499592e-06 -9.994119e-01  3.429014e-02
   outer loop
     vertex  1.600000e+01  3.249192e+00  3.792753e+01
     vertex  0.000000e+00  3.249312e+00  3.793313e+01
     vertex  0.000000e+00  3.246254e+00  3.784401e+01
   endloop
 endfacet
 facet normal -4.494256e-06 -9.999630e-01  8.597465e-03
   outer loop
     vertex  1.600000e+01  3.249958e+00  3.801659e+01
     vertex  0.000000e+00  3.249312e+00  3.793313e+01
     vertex  1.600000e+01  3.249192e+00  3.792753e+01
   endloop
 endfacet
 facet normal  4.573800e-06 -9.999765e-01  6.859319e-03
   outer loop
     vertex  1.600000e+01  3.249958e+00  3.801659e+01
     vertex  0.000000e+00  3.249924e+00  3.802229e+01
     vertex  0.000000e+00  3.249312e+00  3.793313e+01
   endloop
 endfacet
 facet normal -4.568370e-06 -9.998231e-01 -1.880832e-02
   outer loop
     vertex  1.600000e+01  3.248282e+00  3.810565e+01
     vertex  0.000000e+00  3.249924e+00  3.802229e+01
     vertex  1.600000e+01  3.249958e+00  3.801659e+01
   endloop
 endfacet
 facet normal  4.647820e-06 -9.997883e-01 -2.057667e-02
   outer loop
     vertex  1.600000e+01  3.248282e+00  3.810565e+01
     vertex  0.000000e+00  3.248089e+00  3.811144e+01
     vertex  0.000000e+00  3.249924e+00  3.802229e+01
   endloop
 endfacet
 facet normal -4.642295e-06 -9.989322e-01 -4.619997e-02
   outer loop
     vertex  1.600000e+01  3.244167e+00  3.819462e+01
     vertex  0.000000e+00  3.248089e+00  3.811144e+01
     vertex  1.600000e+01  3.248282e+00  3.810565e+01
   endloop
 endfacet
 facet normal  4.721651e-06 -9.988475e-01 -4.799716e-02
   outer loop
     vertex  1.600000e+01  3.244167e+00  3.819462e+01
     vertex  0.000000e+00  3.243809e+00  3.820051e+01
     vertex  0.000000e+00  3.248089e+00  3.811144e+01
   endloop
 endfacet
 facet normal -4.716032e-06 -9.972910e-01 -7.355692e-02
   outer loop
     vertex  1.600000e+01  3.237616e+00  3.828345e+01
     vertex  0.000000e+00  3.243809e+00  3.820051e+01
     vertex  1.600000e+01  3.244167e+00  3.819462e+01
   endloop
 endfacet
 facet normal  4.795293e-06 -9.971548e-01 -7.538152e-02
   outer loop
     vertex  1.600000e+01  3.237616e+00  3.828345e+01
     vertex  0.000000e+00  3.237087e+00  3.828942e+01
     vertex  0.000000e+00  3.243809e+00  3.820051e+01
   endloop
 endfacet
 facet normal -4.789579e-06 -9.949008e-01 -1.008586e-01
   outer loop
     vertex  1.600000e+01  3.228632e+00  3.837207e+01
     vertex  0.000000e+00  3.237087e+00  3.828942e+01
     vertex  1.600000e+01  3.237616e+00  3.828345e+01
   endloop
 endfacet
 facet normal  4.868746e-06 -9.947114e-01 -1.027091e-01
   outer loop
     vertex  1.600000e+01  3.228632e+00  3.837207e+01
     vertex  0.000000e+00  3.227929e+00  3.837812e+01
     vertex  0.000000e+00  3.237087e+00  3.828942e+01
   endloop
 endfacet
 facet normal -4.862938e-06 -9.917632e-01 -1.280846e-01
   outer loop
     vertex  1.600000e+01  3.217224e+00  3.846040e+01
     vertex  0.000000e+00  3.227929e+00  3.837812e+01
     vertex  1.600000e+01  3.228632e+00  3.837207e+01
   endloop
 endfacet
 facet normal  4.942010e-06 -9.915193e-01 -1.299594e-01
   outer loop
     vertex  1.600000e+01  3.217224e+00  3.846040e+01
     vertex  0.000000e+00  3.216340e+00  3.846653e+01
     vertex  0.000000e+00  3.227929e+00  3.837812e+01
   endloop
 endfacet
 facet normal  5.015085e-06 -9.875808e-01 -1.571119e-01
   outer loop
     vertex  1.600000e+01  3.203399e+00  3.854839e+01
     vertex  0.000000e+00  3.202331e+00  3.855460e+01
     vertex  0.000000e+00  3.216340e+00  3.846653e+01
   endloop
 endfacet
 facet normal -4.936108e-06 -9.878808e-01 -1.552143e-01
   outer loop
     vertex  1.600000e+01  3.203399e+00  3.854839e+01
     vertex  0.000000e+00  3.216340e+00  3.846653e+01
     vertex  1.600000e+01  3.217224e+00  3.846040e+01
   endloop
 endfacet
 facet normal  5.087972e-06 -9.828989e-01 -1.841461e-01
   outer loop
     vertex  1.600000e+01  3.187168e+00  3.863597e+01
     vertex  0.000000e+00  3.185911e+00  3.864224e+01
     vertex  0.000000e+00  3.202331e+00  3.855460e+01
   endloop
 endfacet
 facet normal -5.009089e-06 -9.832564e-01 -1.822275e-01
   outer loop
     vertex  1.600000e+01  3.187168e+00  3.863597e+01
     vertex  0.000000e+00  3.202331e+00  3.855460e+01
     vertex  1.600000e+01  3.203399e+00  3.854839e+01
   endloop
 endfacet
 facet normal  5.160669e-06 -9.774771e-01 -2.110417e-01
   outer loop
     vertex  1.600000e+01  3.168543e+00  3.872307e+01
     vertex  0.000000e+00  3.167092e+00  3.872940e+01
     vertex  0.000000e+00  3.185911e+00  3.864224e+01
   endloop
 endfacet
 facet normal -5.081881e-06 -9.778935e-01 -2.091038e-01
   outer loop
     vertex  1.600000e+01  3.168543e+00  3.872307e+01
     vertex  0.000000e+00  3.185911e+00  3.864224e+01
     vertex  1.600000e+01  3.187168e+00  3.863597e+01
   endloop
 endfacet
 facet normal  5.233178e-06 -9.713194e-01 -2.377784e-01
   outer loop
     vertex  1.600000e+01  3.147538e+00  3.880963e+01
     vertex  0.000000e+00  3.145890e+00  3.881601e+01
     vertex  0.000000e+00  3.167092e+00  3.872940e+01
   endloop
 endfacet
 facet normal -5.154484e-06 -9.717960e-01 -2.358230e-01
   outer loop
     vertex  1.600000e+01  3.147538e+00  3.880963e+01
     vertex  0.000000e+00  3.167092e+00  3.872940e+01
     vertex  1.600000e+01  3.168543e+00  3.872307e+01
   endloop
 endfacet
 facet normal  5.305498e-06 -9.644306e-01 -2.643362e-01
   outer loop
     vertex  1.600000e+01  3.124169e+00  3.889558e+01
     vertex  0.000000e+00  3.122319e+00  3.890201e+01
     vertex  0.000000e+00  3.145890e+00  3.881601e+01
   endloop
 endfacet
 facet normal -5.226898e-06 -9.649687e-01 -2.623651e-01
   outer loop
     vertex  1.600000e+01  3.124169e+00  3.889558e+01
     vertex  0.000000e+00  3.145890e+00  3.881601e+01
     vertex  1.600000e+01  3.147538e+00  3.880963e+01
   endloop
 endfacet
 facet normal  5.377629e-06 -9.568158e-01 -2.906949e-01
   outer loop
     vertex  1.600000e+01  3.098454e+00  3.898086e+01
     vertex  0.000000e+00  3.096398e+00  3.898733e+01
     vertex  0.000000e+00  3.122319e+00  3.890201e+01
   endloop
 endfacet
 facet normal -5.299123e-06 -9.574165e-01 -2.887102e-01
   outer loop
     vertex  1.600000e+01  3.098454e+00  3.898086e+01
     vertex  0.000000e+00  3.122319e+00  3.890201e+01
     vertex  1.600000e+01  3.124169e+00  3.889558e+01
   endloop
 endfacet
 facet normal  5.449571e-06 -9.484807e-01 -3.168348e-01
   outer loop
     vertex  1.600000e+01  3.070411e+00  3.906540e+01
     vertex  0.000000e+00  3.068146e+00  3.907190e+01
     vertex  0.000000e+00  3.096398e+00  3.898733e+01
   endloop
 endfacet
 facet normal -5.371160e-06 -9.491453e-01 -3.148384e-01
   outer loop
     vertex  1.600000e+01  3.070411e+00  3.906540e+01
     vertex  0.000000e+00  3.096398e+00  3.898733e+01
     vertex  1.600000e+01  3.098454e+00  3.898086e+01
   endloop
 endfacet
 facet normal -5.443007e-06 -9.401612e-01 -3.407301e-01
   outer loop
     vertex  1.600000e+01  3.040062e+00  3.914914e+01
     vertex  0.000000e+00  3.068146e+00  3.907190e+01
     vertex  1.600000e+01  3.070411e+00  3.906540e+01
   endloop
 endfacet
 facet normal  5.521324e-06 -9.394317e-01 -3.427362e-01
   outer loop
     vertex  1.600000e+01  3.040062e+00  3.914914e+01
     vertex  0.000000e+00  3.037585e+00  3.915567e+01
     vertex  0.000000e+00  3.068146e+00  3.907190e+01
   endloop
 endfacet
 facet normal -5.514666e-06 -9.304709e-01 -3.663659e-01
   outer loop
     vertex  1.600000e+01  3.007430e+00  3.923202e+01
     vertex  0.000000e+00  3.037585e+00  3.915567e+01
     vertex  1.600000e+01  3.040062e+00  3.914914e+01
   endloop
 endfacet
 facet normal  5.592888e-06 -9.296754e-01 -3.683796e-01
   outer loop
     vertex  1.600000e+01  3.007430e+00  3.923202e+01
     vertex  0.000000e+00  3.004737e+00  3.923857e+01
     vertex  0.000000e+00  3.037585e+00  3.915567e+01
   endloop
 endfacet
 facet normal -5.586136e-06 -9.200817e-01 -3.917266e-01
   outer loop
     vertex  1.600000e+01  2.972539e+00  3.931397e+01
     vertex  0.000000e+00  3.004737e+00  3.923857e+01
     vertex  1.600000e+01  3.007430e+00  3.923202e+01
   endloop
 endfacet
 facet normal  5.664264e-06 -9.192194e-01 -3.937458e-01
   outer loop
     vertex  1.600000e+01  2.972539e+00  3.931397e+01
     vertex  0.000000e+00  2.969627e+00  3.932054e+01
     vertex  0.000000e+00  3.004737e+00  3.923857e+01
   endloop
 endfacet
 facet normal -5.657417e-06 -9.090014e-01 -4.167930e-01
   outer loop
     vertex  1.600000e+01  2.935415e+00  3.939493e+01
     vertex  0.000000e+00  2.969627e+00  3.932054e+01
     vertex  1.600000e+01  2.972539e+00  3.931397e+01
   endloop
 endfacet
 facet normal  5.735450e-06 -9.080714e-01 -4.188155e-01
   outer loop
     vertex  1.600000e+01  2.935415e+00  3.939493e+01
     vertex  0.000000e+00  2.932282e+00  3.940151e+01
     vertex  0.000000e+00  2.969627e+00  3.932054e+01
   endloop
 endfacet
 facet normal -5.728509e-06 -8.972385e-01 -4.415463e-01
   outer loop
     vertex  1.600000e+01  2.896087e+00  3.947485e+01
     vertex  0.000000e+00  2.932282e+00  3.940151e+01
     vertex  1.600000e+01  2.935415e+00  3.939493e+01
   endloop
 endfacet
 facet normal  5.806448e-06 -8.962398e-01 -4.435699e-01
   outer loop
     vertex  1.600000e+01  2.896087e+00  3.947485e+01
     vertex  0.000000e+00  2.892729e+00  3.948142e+01
     vertex  0.000000e+00  2.932282e+00  3.940151e+01
   endloop
 endfacet
 facet normal -5.799412e-06 -8.848016e-01 -4.659680e-01
   outer loop
     vertex  1.600000e+01  2.854583e+00  3.955366e+01
     vertex  0.000000e+00  2.892729e+00  3.948142e+01
     vertex  1.600000e+01  2.896087e+00  3.947485e+01
   endloop
 endfacet
 facet normal  5.877257e-06 -8.837335e-01 -4.679904e-01
   outer loop
     vertex  1.600000e+01  2.854583e+00  3.955366e+01
     vertex  0.000000e+00  2.850999e+00  3.956023e+01
     vertex  0.000000e+00  2.892729e+00  3.948142e+01
   endloop
 endfacet
 facet normal -5.870127e-06 -8.717001e-01 -4.900397e-01
   outer loop
     vertex  1.600000e+01  2.810935e+00  3.963130e+01
     vertex  0.000000e+00  2.850999e+00  3.956023e+01
     vertex  1.600000e+01  2.854583e+00  3.955366e+01
   endloop
 endfacet
 facet normal  5.947877e-06 -8.705620e-01 -4.920587e-01
   outer loop
     vertex  1.600000e+01  2.810935e+00  3.963130e+01
     vertex  0.000000e+00  2.807122e+00  3.963785e+01
     vertex  0.000000e+00  2.850999e+00  3.956023e+01
   endloop
 endfacet
 facet normal -5.940652e-06 -8.579439e-01 -5.137434e-01
   outer loop
     vertex  1.600000e+01  2.765176e+00  3.970772e+01
     vertex  0.000000e+00  2.807122e+00  3.963785e+01
     vertex  1.600000e+01  2.810935e+00  3.963130e+01
   endloop
 endfacet
 facet normal  6.018308e-06 -8.567352e-01 -5.157565e-01
   outer loop
     vertex  1.600000e+01  2.765176e+00  3.970772e+01
     vertex  0.000000e+00  2.761133e+00  3.971425e+01
     vertex  0.000000e+00  2.807122e+00  3.963785e+01
   endloop
 endfacet
 facet normal -6.010989e-06 -8.435433e-01 -5.370612e-01
   outer loop
     vertex  1.600000e+01  2.717340e+00  3.978285e+01
     vertex  0.000000e+00  2.761133e+00  3.971425e+01
     vertex  1.600000e+01  2.765176e+00  3.970772e+01
   endloop
 endfacet
 facet normal  6.088550e-06 -8.422635e-01 -5.390661e-01
   outer loop
     vertex  1.600000e+01  2.717340e+00  3.978285e+01
     vertex  0.000000e+00  2.713065e+00  3.978935e+01
     vertex  0.000000e+00  2.761133e+00  3.971425e+01
   endloop
 endfacet
 facet normal -6.081136e-06 -8.285091e-01 -5.599756e-01
   outer loop
     vertex  1.600000e+01  2.667463e+00  3.985665e+01
     vertex  0.000000e+00  2.713065e+00  3.978935e+01
     vertex  1.600000e+01  2.717340e+00  3.978285e+01
   endloop
 endfacet
 facet normal  6.158603e-06 -8.271577e-01 -5.619699e-01
   outer loop
     vertex  1.600000e+01  2.667463e+00  3.985665e+01
     vertex  0.000000e+00  2.662954e+00  3.986311e+01
     vertex  0.000000e+00  2.713065e+00  3.978935e+01
   endloop
 endfacet
 facet normal  1.259629e-05 -7.950900e-01 -6.064915e-01
   outer loop
     vertex  8.000000e+00  2.561738e+00  4.000000e+01
     vertex  0.000000e+00  2.556759e+00  4.000636e+01
     vertex  0.000000e+00  2.610839e+00  3.993546e+01
   endloop
 endfacet
 facet normal -6.512511e-06 -7.962319e-01 -6.049916e-01
   outer loop
     vertex  1.600000e+01  2.615583e+00  3.992905e+01
     vertex  8.000000e+00  2.561738e+00  4.000000e+01
     vertex  0.000000e+00  2.610839e+00  3.993546e+01
   endloop
 endfacet
 facet normal -6.151095e-06 -8.128526e-01 -5.824694e-01
   outer loop
     vertex  1.600000e+01  2.615583e+00  3.992905e+01
     vertex  0.000000e+00  2.662954e+00  3.986311e+01
     vertex  1.600000e+01  2.667463e+00  3.985665e+01
   endloop
 endfacet
 facet normal  6.228467e-06 -8.114292e-01 -5.844507e-01
   outer loop
     vertex  1.600000e+01  2.615583e+00  3.992905e+01
     vertex  0.000000e+00  2.610839e+00  3.993546e+01
     vertex  0.000000e+00  2.662954e+00  3.986311e+01
   endloop
 endfacet
 facet normal -1.222583e-05 -7.799405e-01 -6.258537e-01
   outer loop
     vertex  8.000000e+00  2.507424e+00  4.006769e+01
     vertex  0.000000e+00  2.556759e+00  4.000636e+01
     vertex  8.000000e+00  2.561738e+00  4.000000e+01
   endloop
 endfacet
 facet normal  1.583597e-05 -7.781522e-01 -6.280757e-01
   outer loop
     vertex  8.000000e+00  2.507424e+00  4.006769e+01
     vertex  0.000000e+00  2.500754e+00  4.007575e+01
     vertex  0.000000e+00  2.556759e+00  4.000636e+01
   endloop
 endfacet
 facet normal  8.843877e-17 -7.965856e-01 -6.045257e-01
   outer loop
     vertex  1.600000e+01  2.561738e+00  4.000000e+01
     vertex  8.000000e+00  2.561738e+00  4.000000e+01
     vertex  1.600000e+01  2.615583e+00  3.992905e+01
   endloop
 endfacet
 facet normal -1.535612e-05 -7.629518e-01 -6.464553e-01
   outer loop
     vertex  8.000000e+00  2.451321e+00  4.013390e+01
     vertex  0.000000e+00  2.500754e+00  4.007575e+01
     vertex  8.000000e+00  2.507424e+00  4.006769e+01
   endloop
 endfacet
 facet normal  1.885687e-05 -7.606287e-01 -6.491872e-01
   outer loop
     vertex  8.000000e+00  2.451321e+00  4.013390e+01
     vertex  0.000000e+00  2.442867e+00  4.014357e+01
     vertex  0.000000e+00  2.500754e+00  4.007575e+01
   endloop
 endfacet
 facet normal -1.826762e-05 -7.454192e-01 -6.665960e-01
   outer loop
     vertex  8.000000e+00  2.393472e+00  4.019859e+01
     vertex  0.000000e+00  2.442867e+00  4.014357e+01
     vertex  8.000000e+00  2.451321e+00  4.013390e+01
   endloop
 endfacet
 facet normal  2.165898e-05 -7.425325e-01 -6.698100e-01
   outer loop
     vertex  8.000000e+00  2.393472e+00  4.019859e+01
     vertex  0.000000e+00  2.383141e+00  4.020978e+01
     vertex  0.000000e+00  2.442867e+00  4.014357e+01
   endloop
 endfacet
 facet normal -2.096033e-05 -7.273550e-01 -6.862613e-01
   outer loop
     vertex  8.000000e+00  2.333915e+00  4.026171e+01
     vertex  0.000000e+00  2.383141e+00  4.020978e+01
     vertex  8.000000e+00  2.393472e+00  4.019859e+01
   endloop
 endfacet
 facet normal  2.424229e-05 -7.238775e-01 -6.899286e-01
   outer loop
     vertex  8.000000e+00  2.333915e+00  4.026171e+01
     vertex  0.000000e+00  2.321620e+00  4.027433e+01
     vertex  0.000000e+00  2.383141e+00  4.020978e+01
   endloop
 endfacet
 facet normal -2.343424e-05 -7.087723e-01 -7.054374e-01
   outer loop
     vertex  8.000000e+00  2.272694e+00  4.032322e+01
     vertex  0.000000e+00  2.321620e+00  4.027433e+01
     vertex  8.000000e+00  2.333915e+00  4.026171e+01
   endloop
 endfacet
 facet normal  2.660681e-05 -7.046775e-01 -7.095278e-01
   outer loop
     vertex  8.000000e+00  2.272694e+00  4.032322e+01
     vertex  0.000000e+00  2.258352e+00  4.033717e+01
     vertex  0.000000e+00  2.321620e+00  4.027433e+01
   endloop
 endfacet
 facet normal -2.568936e-05 -6.896841e-01 -7.241104e-01
   outer loop
     vertex  8.000000e+00  2.209853e+00  4.038308e+01
     vertex  0.000000e+00  2.258352e+00  4.033717e+01
     vertex  8.000000e+00  2.272694e+00  4.032322e+01
   endloop
 endfacet
 facet normal  2.875253e-05 -6.849470e-01 -7.285929e-01
   outer loop
     vertex  8.000000e+00  2.209853e+00  4.038308e+01
     vertex  0.000000e+00  2.193384e+00  4.039824e+01
     vertex  0.000000e+00  2.258352e+00  4.033717e+01
   endloop
 endfacet
 facet normal -2.772569e-05 -6.701041e-01 -7.422671e-01
   outer loop
     vertex  8.000000e+00  2.145436e+00  4.044123e+01
     vertex  0.000000e+00  2.193384e+00  4.039824e+01
     vertex  8.000000e+00  2.209853e+00  4.038308e+01
   endloop
 endfacet
 facet normal  3.067945e-05 -6.647010e-01 -7.471095e-01
   outer loop
     vertex  8.000000e+00  2.145436e+00  4.044123e+01
     vertex  0.000000e+00  2.126765e+00  4.045751e+01
     vertex  0.000000e+00  2.193384e+00  4.039824e+01
   endloop
 endfacet
 facet normal -2.954321e-05 -6.500464e-01 -7.598945e-01
   outer loop
     vertex  8.000000e+00  2.079489e+00  4.049764e+01
     vertex  0.000000e+00  2.126765e+00  4.045751e+01
     vertex  8.000000e+00  2.145436e+00  4.044123e+01
   endloop
 endfacet
 facet normal  3.238758e-05 -6.439545e-01 -7.650637e-01
   outer loop
     vertex  8.000000e+00  2.079489e+00  4.049764e+01
     vertex  0.000000e+00  2.058545e+00  4.051493e+01
     vertex  0.000000e+00  2.126765e+00  4.045751e+01
   endloop
 endfacet
 facet normal  3.387690e-05 -6.227234e-01 -7.824421e-01
   outer loop
     vertex  8.000000e+00  2.012060e+00  4.055228e+01
     vertex  0.000000e+00  1.988776e+00  4.057046e+01
     vertex  0.000000e+00  2.058545e+00  4.051493e+01
   endloop
 endfacet
 facet normal -3.114194e-05 -6.295251e-01 -7.769801e-01
   outer loop
     vertex  8.000000e+00  2.012060e+00  4.055228e+01
     vertex  0.000000e+00  2.058545e+00  4.051493e+01
     vertex  8.000000e+00  2.079489e+00  4.049764e+01
   endloop
 endfacet
 facet normal  3.514743e-05 -6.010234e-01 -7.992314e-01
   outer loop
     vertex  8.000000e+00  1.943195e+00  4.060509e+01
     vertex  0.000000e+00  1.917509e+00  4.062405e+01
     vertex  0.000000e+00  1.988776e+00  4.057046e+01
   endloop
 endfacet
 facet normal -3.252186e-05 -6.085550e-01 -7.935117e-01
   outer loop
     vertex  8.000000e+00  1.943195e+00  4.060509e+01
     vertex  0.000000e+00  1.988776e+00  4.057046e+01
     vertex  8.000000e+00  2.012060e+00  4.055228e+01
   endloop
 endfacet
 facet normal  3.619916e-05 -5.788711e-01 -8.154191e-01
   outer loop
     vertex  8.000000e+00  1.872945e+00  4.065605e+01
     vertex  0.000000e+00  1.844799e+00  4.067567e+01
     vertex  0.000000e+00  1.917509e+00  4.062405e+01
   endloop
 endfacet
 facet normal -3.368299e-05 -5.871509e-01 -8.094775e-01
   outer loop
     vertex  8.000000e+00  1.872945e+00  4.065605e+01
     vertex  0.000000e+00  1.917509e+00  4.062405e+01
     vertex  8.000000e+00  1.943195e+00  4.060509e+01
   endloop
 endfacet
 facet normal  3.703208e-05 -5.562829e-01 -8.309929e-01
   outer loop
     vertex  8.000000e+00  1.801360e+00  4.070511e+01
     vertex  0.000000e+00  1.770700e+00  4.072527e+01
     vertex  0.000000e+00  1.844799e+00  4.067567e+01
   endloop
 endfacet
 facet normal -3.462531e-05 -5.653282e-01 -8.248661e-01
   outer loop
     vertex  8.000000e+00  1.801360e+00  4.070511e+01
     vertex  0.000000e+00  1.844799e+00  4.067567e+01
     vertex  8.000000e+00  1.872945e+00  4.065605e+01
   endloop
 endfacet
 facet normal  3.764620e-05 -5.332761e-01 -8.459413e-01
   outer loop
     vertex  8.000000e+00  1.728490e+00  4.075224e+01
     vertex  0.000000e+00  1.695268e+00  4.077283e+01
     vertex  0.000000e+00  1.770700e+00  4.072527e+01
   endloop
 endfacet
 facet normal -3.534884e-05 -5.431024e-01 -8.396665e-01
   outer loop
     vertex  8.000000e+00  1.728490e+00  4.075224e+01
     vertex  0.000000e+00  1.770700e+00  4.072527e+01
     vertex  8.000000e+00  1.801360e+00  4.070511e+01
   endloop
 endfacet
 facet normal  3.804152e-05 -5.098678e-01 -8.602528e-01
   outer loop
     vertex  8.000000e+00  1.654388e+00  4.079741e+01
     vertex  0.000000e+00  1.618560e+00  4.081829e+01
     vertex  0.000000e+00  1.695268e+00  4.077283e+01
   endloop
 endfacet
 facet normal -3.585356e-05 -5.204893e-01 -8.538682e-01
   outer loop
     vertex  8.000000e+00  1.654388e+00  4.079741e+01
     vertex  0.000000e+00  1.695268e+00  4.077283e+01
     vertex  8.000000e+00  1.728490e+00  4.075224e+01
   endloop
 endfacet
 facet normal -3.613948e-05 -4.975051e-01 -8.674611e-01
   outer loop
     vertex  8.000000e+00  1.579106e+00  4.084058e+01
     vertex  0.000000e+00  1.618560e+00  4.081829e+01
     vertex  8.000000e+00  1.654388e+00  4.079741e+01
   endloop
 endfacet
 facet normal  3.821804e-05 -4.860756e-01 -8.739167e-01
   outer loop
     vertex  8.000000e+00  1.579106e+00  4.084058e+01
     vertex  0.000000e+00  1.540634e+00  4.086163e+01
     vertex  0.000000e+00  1.618560e+00  4.081829e+01
   endloop
 endfacet
 facet normal -3.620659e-05 -4.741661e-01 -8.804354e-01
   outer loop
     vertex  8.000000e+00  1.502699e+00  4.088174e+01
     vertex  0.000000e+00  1.540634e+00  4.086163e+01
     vertex  8.000000e+00  1.579106e+00  4.084058e+01
   endloop
 endfacet
 facet normal  3.817575e-05 -4.619176e-01 -8.869228e-01
   outer loop
     vertex  8.000000e+00  1.502699e+00  4.088174e+01
     vertex  0.000000e+00  1.461548e+00  4.090282e+01
     vertex  0.000000e+00  1.540634e+00  4.086163e+01
   endloop
 endfacet
 facet normal  3.791467e-05 -4.374119e-01 -8.992613e-01
   outer loop
     vertex  8.000000e+00  1.425219e+00  4.092083e+01
     vertex  0.000000e+00  1.381362e+00  4.094183e+01
     vertex  0.000000e+00  1.461548e+00  4.090282e+01
   endloop
 endfacet
 facet normal -3.605491e-05 -4.504891e-01 -8.927819e-01
   outer loop
     vertex  8.000000e+00  1.425219e+00  4.092083e+01
     vertex  0.000000e+00  1.461548e+00  4.090282e+01
     vertex  8.000000e+00  1.502699e+00  4.088174e+01
   endloop
 endfacet
 facet normal  3.743478e-05 -4.125769e-01 -9.109228e-01
   outer loop
     vertex  8.000000e+00  1.346724e+00  4.095784e+01
     vertex  0.000000e+00  1.300136e+00  4.097862e+01
     vertex  0.000000e+00  1.381362e+00  4.094183e+01
   endloop
 endfacet
 facet normal -3.568442e-05 -4.264908e-01 -9.044919e-01
   outer loop
     vertex  8.000000e+00  1.346724e+00  4.095784e+01
     vertex  0.000000e+00  1.381362e+00  4.094183e+01
     vertex  8.000000e+00  1.425219e+00  4.092083e+01
   endloop
 endfacet
 facet normal  3.673608e-05 -3.874313e-01 -9.218986e-01
   outer loop
     vertex  8.000000e+00  1.267268e+00  4.099275e+01
     vertex  0.000000e+00  1.217931e+00  4.101316e+01
     vertex  0.000000e+00  1.300136e+00  4.097862e+01
   endloop
 endfacet
 facet normal -3.509513e-05 -4.021884e-01 -9.155569e-01
   outer loop
     vertex  8.000000e+00  1.267268e+00  4.099275e+01
     vertex  0.000000e+00  1.300136e+00  4.097862e+01
     vertex  8.000000e+00  1.346724e+00  4.095784e+01
   endloop
 endfacet
 facet normal  3.581859e-05 -3.619940e-01 -9.321804e-01
   outer loop
     vertex  8.000000e+00  1.186908e+00  4.102552e+01
     vertex  0.000000e+00  1.134809e+00  4.104544e+01
     vertex  0.000000e+00  1.217931e+00  4.101316e+01
   endloop
 endfacet
 facet normal -3.428703e-05 -3.775993e-01 -9.259691e-01
   outer loop
     vertex  8.000000e+00  1.186908e+00  4.102552e+01
     vertex  0.000000e+00  1.217931e+00  4.101316e+01
     vertex  8.000000e+00  1.267268e+00  4.099275e+01
   endloop
 endfacet
 facet normal  3.468230e-05 -3.362843e-01 -9.417605e-01
   outer loop
     vertex  8.000000e+00  1.105703e+00  4.105613e+01
     vertex  0.000000e+00  1.050833e+00  4.107543e+01
     vertex  0.000000e+00  1.134809e+00  4.104544e+01
   endloop
 endfacet
 facet normal -3.326014e-05 -3.527409e-01 -9.357210e-01
   outer loop
     vertex  8.000000e+00  1.105703e+00  4.105613e+01
     vertex  0.000000e+00  1.134809e+00  4.104544e+01
     vertex  8.000000e+00  1.186908e+00  4.102552e+01
   endloop
 endfacet
 facet normal  3.332720e-05 -3.103214e-01 -9.506317e-01
   outer loop
     vertex  8.000000e+00  1.023709e+00  4.108456e+01
     vertex  0.000000e+00  9.660663e-01  4.110310e+01
     vertex  0.000000e+00  1.050833e+00  4.107543e+01
   endloop
 endfacet
 facet normal -3.201445e-05 -3.276310e-01 -9.448058e-01
   outer loop
     vertex  8.000000e+00  1.023709e+00  4.108456e+01
     vertex  0.000000e+00  1.050833e+00  4.107543e+01
     vertex  8.000000e+00  1.105703e+00  4.105613e+01
   endloop
 endfacet
 facet normal  3.175331e-05 -2.841250e-01 -9.587873e-01
   outer loop
     vertex  8.000000e+00  9.409845e-01  4.111080e+01
     vertex  0.000000e+00  8.805721e-01  4.112843e+01
     vertex  0.000000e+00  9.660663e-01  4.110310e+01
   endloop
 endfacet
 facet normal -3.054995e-05 -3.022874e-01 -9.532168e-01
   outer loop
     vertex  8.000000e+00  9.409845e-01  4.111080e+01
     vertex  0.000000e+00  9.660663e-01  4.110310e+01
     vertex  8.000000e+00  1.023709e+00  4.108456e+01
   endloop
 endfacet
 facet normal  2.996061e-05 -2.577146e-01 -9.662211e-01
   outer loop
     vertex  8.000000e+00  8.575895e-01  4.113481e+01
     vertex  0.000000e+00  7.944151e-01  4.115141e+01
     vertex  0.000000e+00  8.805721e-01  4.112843e+01
   endloop
 endfacet
 facet normal -2.886666e-05 -2.767284e-01 -9.609482e-01
   outer loop
     vertex  8.000000e+00  8.575895e-01  4.113481e+01
     vertex  0.000000e+00  8.805721e-01  4.112843e+01
     vertex  8.000000e+00  9.409845e-01  4.111080e+01
   endloop
 endfacet
 facet normal  2.794912e-05 -2.311102e-01 -9.729276e-01
   outer loop
     vertex  8.000000e+00  7.735829e-01  4.115659e+01
     vertex  0.000000e+00  7.076601e-01  4.117202e+01
     vertex  0.000000e+00  7.944151e-01  4.115141e+01
   endloop
 endfacet
 facet normal -2.696456e-05 -2.509720e-01 -9.679944e-01
   outer loop
     vertex  8.000000e+00  7.735829e-01  4.115659e+01
     vertex  0.000000e+00  7.944151e-01  4.115141e+01
     vertex  8.000000e+00  8.575895e-01  4.113481e+01
   endloop
 endfacet
 facet normal  2.571883e-05 -2.043319e-01 -9.789017e-01
   outer loop
     vertex  8.000000e+00  6.890248e-01  4.117612e+01
     vertex  0.000000e+00  6.203724e-01  4.119024e+01
     vertex  0.000000e+00  7.076601e-01  4.117202e+01
   endloop
 endfacet
 facet normal -2.484367e-05 -2.250366e-01 -9.743503e-01
   outer loop
     vertex  8.000000e+00  6.890248e-01  4.117612e+01
     vertex  0.000000e+00  7.076601e-01  4.117202e+01
     vertex  8.000000e+00  7.735829e-01  4.115659e+01
   endloop
 endfacet
 facet normal  2.326975e-05 -1.773998e-01 -9.841389e-01
   outer loop
     vertex  8.000000e+00  6.039753e-01  4.119339e+01
     vertex  0.000000e+00  5.326177e-01  4.120606e+01
     vertex  0.000000e+00  6.203724e-01  4.119024e+01
   endloop
 endfacet
 facet normal -2.250399e-05 -1.989408e-01 -9.800115e-01
   outer loop
     vertex  8.000000e+00  6.039753e-01  4.119339e+01
     vertex  0.000000e+00  6.203724e-01  4.119024e+01
     vertex  8.000000e+00  6.890248e-01  4.117612e+01
   endloop
 endfacet
 facet normal  2.060187e-05 -1.503341e-01 -9.886353e-01
   outer loop
     vertex  8.000000e+00  5.184952e-01  4.120837e+01
     vertex  0.000000e+00  4.444620e-01  4.121946e+01
     vertex  0.000000e+00  5.326177e-01  4.120606e+01
   endloop
 endfacet
 facet normal -1.994550e-05 -1.727032e-01 -9.849739e-01
   outer loop
     vertex  8.000000e+00  5.184952e-01  4.120837e+01
     vertex  0.000000e+00  5.326177e-01  4.120606e+01
     vertex  8.000000e+00  6.039753e-01  4.119339e+01
   endloop
 endfacet
 facet normal  1.771520e-05 -1.231552e-01 -9.923874e-01
   outer loop
     vertex  8.000000e+00  4.326454e-01  4.122107e+01
     vertex  0.000000e+00  3.559718e-01  4.123045e+01
     vertex  0.000000e+00  4.444620e-01  4.121946e+01
   endloop
 endfacet
 facet normal -1.716823e-05 -1.463424e-01 -9.892340e-01
   outer loop
     vertex  8.000000e+00  4.326454e-01  4.122107e+01
     vertex  0.000000e+00  4.444620e-01  4.121946e+01
     vertex  8.000000e+00  5.184952e-01  4.120837e+01
   endloop
 endfacet
 facet normal  1.460973e-05 -9.588368e-02 -9.953925e-01
   outer loop
     vertex  8.000000e+00  3.464871e-01  4.123148e+01
     vertex  0.000000e+00  2.672135e-01  4.123900e+01
     vertex  0.000000e+00  3.559718e-01  4.123045e+01
   endloop
 endfacet
 facet normal -1.417216e-05 -1.198772e-01 -9.927887e-01
   outer loop
     vertex  8.000000e+00  3.464871e-01  4.123148e+01
     vertex  0.000000e+00  3.559718e-01  4.123045e+01
     vertex  8.000000e+00  4.326454e-01  4.122107e+01
   endloop
 endfacet
 facet normal  1.128548e-05 -6.853995e-02 -9.976484e-01
   outer loop
     vertex  8.000000e+00  2.600817e-01  4.123958e+01
     vertex  0.000000e+00  1.782542e-01  4.124511e+01
     vertex  0.000000e+00  2.672135e-01  4.123900e+01
   endloop
 endfacet
 facet normal -1.095730e-05 -9.332660e-02 -9.956355e-01
   outer loop
     vertex  8.000000e+00  2.600817e-01  4.123958e+01
     vertex  0.000000e+00  2.672135e-01  4.123900e+01
     vertex  8.000000e+00  3.464871e-01  4.123148e+01
   endloop
 endfacet
 facet normal  7.742438e-06 -4.114462e-02 -9.991532e-01
   outer loop
     vertex  8.000000e+00  1.734909e-01  4.124537e+01
     vertex  0.000000e+00  8.916066e-02  4.124878e+01
     vertex  0.000000e+00  1.782542e-01  4.124511e+01
   endloop
 endfacet
 facet normal -7.523654e-06 -6.670943e-02 -9.977724e-01
   outer loop
     vertex  8.000000e+00  1.734909e-01  4.124537e+01
     vertex  0.000000e+00  1.782542e-01  4.124511e+01
     vertex  8.000000e+00  2.600817e-01  4.123958e+01
   endloop
 endfacet
 facet normal  3.980611e-06 -1.371831e-02 -9.999059e-01
   outer loop
     vertex  8.000000e+00  8.677640e-02  4.124884e+01
     vertex  0.000000e+00  7.960204e-16  4.125000e+01
     vertex  0.000000e+00  8.916066e-02  4.124878e+01
   endloop
 endfacet
 facet normal -3.871219e-06 -4.004469e-02 -9.991979e-01
   outer loop
     vertex  8.000000e+00  8.677640e-02  4.124884e+01
     vertex  0.000000e+00  8.916066e-02  4.124878e+01
     vertex  8.000000e+00  1.734909e-01  4.124537e+01
   endloop
 endfacet
 facet normal -0.000000e+00 -1.335140e-02 -9.999109e-01
   outer loop
     vertex  8.000000e+00  7.960204e-16  4.125000e+01
     vertex  0.000000e+00  7.960204e-16  4.125000e+01
     vertex  8.000000e+00  8.677640e-02  4.124884e+01
   endloop
 endfacet
 facet normal  1.000000e+00 -0.000000e+00  0.000000e+00
   outer loop
     vertex  8.000000e+00  8.000000e+00  4.000000e+01
     vertex  8.000000e+00  2.000000e+01  0.000000e+00
     vertex  8.000000e+00  2.000000e+01  4.500000e+01
   endloop
 endfacet
 facet normal  1.000000e+00  0.000000e+00  0.000000e+00
   outer loop
     vertex  8.000000e+00  8.000000e+00  4.000000e+01
     vertex  8.000000e+00  8.000000e+00  0.000000e+00
     vertex  8.000000e+00  2.000000e+01  0.000000e+00
   endloop
 endfacet
 facet normal  1.000000e+00  0.000000e+00  0.000000e+00
   outer loop
     vertex  8.000000e+00  2.507424e+00  4.006769e+01
     vertex  8.000000e+00  2.561738e+00  4.000000e+01
     vertex  8.000000e+00  8.000000e+00  4.000000e+01
   endloop
 endfacet
 facet normal  1.000000e+00  0.000000e+00  0.000000e+00
   outer loop
     vertex  8.000000e+00  2.451321e+00  4.013390e+01
     vertex  8.000000e+00  2.507424e+00  4.006769e+01
     vertex  8.000000e+00  8.000000e+00  4.000000e+01
   endloop
 endfacet
 facet normal  1.000000e+00  0.000000e+00  0.000000e+00
   outer loop
     vertex  8.000000e+00  2.393472e+00  4.019859e+01
     vertex  8.000000e+00  2.451321e+00  4.013390e+01
     vertex  8.000000e+00  8.000000e+00  4.000000e+01
   endloop
 endfacet
 facet normal  1.000000e+00  0.000000e+00  0.000000e+00
   outer loop
     vertex  8.000000e+00  2.333915e+00  4.026171e+01
     vertex  8.000000e+00  2.393472e+00  4.019859e+01
     vertex  8.000000e+00  8.000000e+00  4.000000e+01
   endloop
 endfacet
 facet normal  1.000000e+00  0.000000e+00  0.000000e+00
   outer loop
     vertex  8.000000e+00  2.272694e+00  4.032322e+01
     vertex  8.000000e+00  2.333915e+00  4.026171e+01
     vertex  8.000000e+00  8.000000e+00  4.000000e+01
   endloop
 endfacet
 facet normal  1.000000e+00  0.000000e+00  0.000000e+00
   outer loop
     vertex  8.000000e+00  2.209853e+00  4.038308e+01
     vertex  8.000000e+00  2.272694e+00  4.032322e+01
     vertex  8.000000e+00  8.000000e+00  4.000000e+01
   endloop
 endfacet
 facet normal  1.000000e+00  0.000000e+00  0.000000e+00
   outer loop
     vertex  8.000000e+00  2.145436e+00  4.044123e+01
     vertex  8.000000e+00  2.209853e+00  4.038308e+01
     vertex  8.000000e+00  8.000000e+00  4.000000e+01
   endloop
 endfacet
 facet normal  1.000000e+00  0.000000e+00  0.000000e+00
   outer loop
     vertex  8.000000e+00  2.079489e+00  4.049764e+01
     vertex  8.000000e+00  2.145436e+00  4.044123e+01
     vertex  8.000000e+00  8.000000e+00  4.000000e+01
   endloop
 endfacet
 facet normal  1.000000e+00  0.000000e+00  0.000000e+00
   outer loop
     vertex  8.000000e+00  2.012060e+00  4.055228e+01
     vertex  8.000000e+00  2.079489e+00  4.049764e+01
     vertex  8.000000e+00  8.000000e+00  4.000000e+01
   endloop
 endfacet
 facet normal  1.000000e+00  0.000000e+00  0.000000e+00
   outer loop
     vertex  8.000000e+00  1.943195e+00  4.060509e+01
     vertex  8.000000e+00  2.012060e+00  4.055228e+01
     vertex  8.000000e+00  8.000000e+00  4.000000e+01
   endloop
 endfacet
 facet normal  1.000000e+00  0.000000e+00  0.000000e+00
   outer loop
     vertex  8.000000e+00  1.872945e+00  4.065605e+01
     vertex  8.000000e+00  1.943195e+00  4.060509e+01
     vertex  8.000000e+00  8.000000e+00  4.000000e+01
   endloop
 endfacet
 facet normal  1.000000e+00  0.000000e+00  0.000000e+00
   outer loop
     vertex  8.000000e+00  1.801360e+00  4.070511e+01
     vertex  8.000000e+00  1.872945e+00  4.065605e+01
     vertex  8.000000e+00  8.000000e+00  4.000000e+01
   endloop
 endfacet
 facet normal  1.000000e+00  0.000000e+00  0.000000e+00
   outer loop
     vertex  8.000000e+00  1.728490e+00  4.075224e+01
     vertex  8.000000e+00  1.801360e+00  4.070511e+01
     vertex  8.000000e+00  8.000000e+00  4.000000e+01
   endloop
 endfacet
 facet normal  1.000000e+00  0.000000e+00  0.000000e+00
   outer loop
     vertex  8.000000e+00  1.654388e+00  4.079741e+01
     vertex  8.000000e+00  1.728490e+00  4.075224e+01
     vertex  8.000000e+00  8.000000e+00  4.000000e+01
   endloop
 endfacet
 facet normal  1.000000e+00  0.000000e+00  0.000000e+00
   outer loop
     vertex  8.000000e+00  1.579106e+00  4.084058e+01
     vertex  8.000000e+00  1.654388e+00  4.079741e+01
     vertex  8.000000e+00  8.000000e+00  4.000000e+01
   endloop
 endfacet
 facet normal  1.000000e+00  0.000000e+00  0.000000e+00
   outer loop
     vertex  8.000000e+00  1.502699e+00  4.088174e+01
     vertex  8.000000e+00  1.579106e+00  4.084058e+01
     vertex  8.000000e+00  8.000000e+00  4.000000e+01
   endloop
 endfacet
 facet normal  1.000000e+00  0.000000e+00  0.000000e+00
   outer loop
     vertex  8.000000e+00  1.425219e+00  4.092083e+01
     vertex  8.000000e+00  1.502699e+00  4.088174e+01
     vertex  8.000000e+00  8.000000e+00  4.000000e+01
   endloop
 endfacet
 facet normal  1.000000e+00  0.000000e+00  0.000000e+00
   outer loop
     vertex  8.000000e+00  1.346724e+00  4.095784e+01
     vertex  8.000000e+00  1.425219e+00  4.092083e+01
     vertex  8.000000e+00  8.000000e+00  4.000000e+01
   endloop
 endfacet
 facet normal  1.000000e+00  0.000000e+00  0.000000e+00
   outer loop
     vertex  8.000000e+00  1.267268e+00  4.099275e+01
     vertex  8.000000e+00  1.346724e+00  4.095784e+01
     vertex  8.000000e+00  8.000000e+00  4.000000e+01
   endloop
 endfacet
 facet normal  1.000000e+00  0.000000e+00  0.000000e+00
   outer loop
     vertex  8.000000e+00  1.186908e+00  4.102552e+01
     vertex  8.000000e+00  1.267268e+00  4.099275e+01
     vertex  8.000000e+00  8.000000e+00  4.000000e+01
   endloop
 endfacet
 facet normal  1.000000e+00  0.000000e+00  0.000000e+00
   outer loop
     vertex  8.000000e+00  1.105703e+00  4.105613e+01
     vertex  8.000000e+00  1.186908e+00  4.102552e+01
     vertex  8.000000e+00  8.000000e+00  4.000000e+01
   endloop
 endfacet
 facet normal  1.000000e+00 -0.000000e+00  0.000000e+00
   outer loop
     vertex  8.000000e+00  1.105703e+00  4.105613e+01
     vertex  8.000000e+00  8.000000e+00  4.000000e+01
     vertex  8.000000e+00  2.000000e+01  4.500000e+01
   endloop
 endfacet
 facet normal  1.000000e+00 -0.000000e+00  0.000000e+00
   outer loop
     vertex  8.000000e+00  1.023709e+00  4.108456e+01
     vertex  8.000000e+00  1.105703e+00  4.105613e+01
     vertex  8.000000e+00  2.000000e+01  4.500000e+01
   endloop
 endfacet
 facet normal  1.000000e+00 -0.000000e+00  0.000000e+00
   outer loop
     vertex  8.000000e+00  9.409845e-01  4.111080e+01
     vertex  8.000000e+00  1.023709e+00  4.108456e+01
     vertex  8.000000e+00  2.000000e+01  4.500000e+01
   endloop
 endfacet
 facet normal  1.000000e+00 -0.000000e+00  0.000000e+00
   outer loop
     vertex  8.000000e+00  8.575895e-01  4.113481e+01
     vertex  8.000000e+00  9.409845e-01  4.111080e+01
     vertex  8.000000e+00  2.000000e+01  4.500000e+01
   endloop
 endfacet
 facet normal  1.000000e+00 -0.000000e+00  0.000000e+00
   outer loop
     vertex  8.000000e+00  7.735829e-01  4.115659e+01
     vertex  8.000000e+00  8.575895e-01  4.113481e+01
     vertex  8.000000e+00  2.000000e+01  4.500000e+01
   endloop
 endfacet
 facet normal  1.000000e+00 -0.000000e+00  0.000000e+00
   outer loop
     vertex  8.000000e+00  6.890248e-01  4.117612e+01
     vertex  8.000000e+00  7.735829e-01  4.115659e+01
     vertex  8.000000e+00  2.000000e+01  4.500000e+01
   endloop
 endfacet
 facet normal  1.000000e+00 -0.000000e+00  0.000000e+00
   outer loop
     vertex  8.000000e+00  6.039753e-01  4.119339e+01
     vertex  8.000000e+00  6.890248e-01  4.117612e+01
     vertex  8.000000e+00  2.000000e+01  4.500000e+01
   endloop
 endfacet
 facet normal  1.000000e+00 -0.000000e+00  0.000000e+00
   outer loop
     vertex  8.000000e+00  5.184952e-01  4.120837e+01
     vertex  8.000000e+00  6.039753e-01  4.119339e+01
     vertex  8.000000e+00  2.000000e+01  4.500000e+01
   endloop
 endfacet
 facet normal  1.000000e+00 -0.000000e+00  0.000000e+00
   outer loop
     vertex  8.000000e+00  4.326454e-01  4.122107e+01
     vertex  8.000000e+00  5.184952e-01  4.120837e+01
     vertex  8.000000e+00  2.000000e+01  4.500000e+01
   endloop
 endfacet
 facet normal  1.000000e+00 -0.000000e+00  0.000000e+00
   outer loop
     vertex  8.000000e+00  3.464871e-01  4.123148e+01
     vertex  8.000000e+00  4.326454e-01  4.122107e+01
     vertex  8.000000e+00  2.000000e+01  4.500000e+01
   endloop
 endfacet
 facet normal  1.000000e+00 -0.000000e+00  0.000000e+00
   outer loop
     vertex  8.000000e+00  2.600817e-01  4.123958e+01
     vertex  8.000000e+00  3.464871e-01  4.123148e+01
     vertex  8.000000e+00  2.000000e+01  4.500000e+01
   endloop
 endfacet
 facet normal  1.000000e+00 -0.000000e+00  0.000000e+00
   outer loop
     vertex  8.000000e+00  1.734909e-01  4.124537e+01
     vertex  8.000000e+00  2.600817e-01  4.123958e+01
     vertex  8.000000e+00  2.000000e+01  4.500000e+01
   endloop
 endfacet
 facet normal  1.000000e+00 -0.000000e+00  0.000000e+00
   outer loop
     vertex  8.000000e+00  8.677640e-02  4.124884e+01
     vertex  8.000000e+00  1.734909e-01  4.124537e+01
     vertex  8.000000e+00  2.000000e+01  4.500000e+01
   endloop
 endfacet
 facet normal  1.000000e+00 -0.000000e+00  0.000000e+00
   outer loop
     vertex  8.000000e+00  7.960204e-16  4.125000e+01
     vertex  8.000000e+00  8.677640e-02  4.124884e+01
     vertex  8.000000e+00  2.000000e+01  4.500000e+01
   endloop
 endfacet
 facet normal  1.000000e+00  0.000000e+00  0.000000e+00
   outer loop
     vertex  8.000000e+00 -8.000000e+00  4.000000e+01
     vertex  8.000000e+00 -2.000000e+01  0.000000e+00
     vertex  8.000000e+00 -8.000000e+00  0.000000e+00
   endloop
 endfacet
 facet normal  1.000000e+00  0.000000e+00  0.000000e+00
   outer loop
     vertex  8.000000e+00 -8.000000e+00  4.000000e+01
     vertex  8.000000e+00 -1.186908e+00  4.102552e+01
     vertex  8.000000e+00 -1.105703e+00  4.105613e+01
   endloop
 endfacet
 facet normal  1.000000e+00  0.000000e+00  0.000000e+00
   outer loop
     vertex  8.000000e+00 -8.000000e+00  4.000000e+01
     vertex  8.000000e+00 -1.267268e+00  4.099275e+01
     vertex  8.000000e+00 -1.186908e+00  4.102552e+01
   endloop
 endfacet
 facet normal  1.000000e+00  0.000000e+00  0.000000e+00
   outer loop
     vertex  8.000000e+00 -8.000000e+00  4.000000e+01
     vertex  8.000000e+00 -1.346724e+00  4.095784e+01
     vertex  8.000000e+00 -1.267268e+00  4.099275e+01
   endloop
 endfacet
 facet normal  1.000000e+00  0.000000e+00  0.000000e+00
   outer loop
     vertex  8.000000e+00 -8.000000e+00  4.000000e+01
     vertex  8.000000e+00 -1.425219e+00  4.092083e+01
     vertex  8.000000e+00 -1.346724e+00  4.095784e+01
   endloop
 endfacet
 facet normal  1.000000e+00  0.000000e+00  0.000000e+00
   outer loop
     vertex  8.000000e+00 -8.000000e+00  4.000000e+01
     vertex  8.000000e+00 -1.502699e+00  4.088174e+01
     vertex  8.000000e+00 -1.425219e+00  4.092083e+01
   endloop
 endfacet
 facet normal  1.000000e+00  0.000000e+00  0.000000e+00
   outer loop
     vertex  8.000000e+00 -8.000000e+00  4.000000e+01
     vertex  8.000000e+00 -1.579106e+00  4.084058e+01
     vertex  8.000000e+00 -1.502699e+00  4.088174e+01
   endloop
 endfacet
 facet normal  1.000000e+00  0.000000e+00  0.000000e+00
   outer loop
     vertex  8.000000e+00 -8.000000e+00  4.000000e+01
     vertex  8.000000e+00 -1.654388e+00  4.079741e+01
     vertex  8.000000e+00 -1.579106e+00  4.084058e+01
   endloop
 endfacet
 facet normal  1.000000e+00  0.000000e+00  0.000000e+00
   outer loop
     vertex  8.000000e+00 -8.000000e+00  4.000000e+01
     vertex  8.000000e+00 -1.728490e+00  4.075224e+01
     vertex  8.000000e+00 -1.654388e+00  4.079741e+01
   endloop
 endfacet
 facet normal  1.000000e+00  0.000000e+00  0.000000e+00
   outer loop
     vertex  8.000000e+00 -8.000000e+00  4.000000e+01
     vertex  8.000000e+00 -1.801360e+00  4.070511e+01
     vertex  8.000000e+00 -1.728490e+00  4.075224e+01
   endloop
 endfacet
 facet normal  1.000000e+00  0.000000e+00  0.000000e+00
   outer loop
     vertex  8.000000e+00 -8.000000e+00  4.000000e+01
     vertex  8.000000e+00 -1.872945e+00  4.065605e+01
     vertex  8.000000e+00 -1.801360e+00  4.070511e+01
   endloop
 endfacet
 facet normal  1.000000e+00  0.000000e+00  0.000000e+00
   outer loop
     vertex  8.000000e+00 -8.000000e+00  4.000000e+01
     vertex  8.000000e+00 -1.943195e+00  4.060509e+01
     vertex  8.000000e+00 -1.872945e+00  4.065605e+01
   endloop
 endfacet
 facet normal  1.000000e+00  0.000000e+00  0.000000e+00
   outer loop
     vertex  8.000000e+00 -8.000000e+00  4.000000e+01
     vertex  8.000000e+00 -2.012060e+00  4.055228e+01
     vertex  8.000000e+00 -1.943195e+00  4.060509e+01
   endloop
 endfacet
 facet normal  1.000000e+00  0.000000e+00  0.000000e+00
   outer loop
     vertex  8.000000e+00 -8.000000e+00  4.000000e+01
     vertex  8.000000e+00 -2.079489e+00  4.049764e+01
     vertex  8.000000e+00 -2.012060e+00  4.055228e+01
   endloop
 endfacet
 facet normal  1.000000e+00  0.000000e+00  0.000000e+00
   outer loop
     vertex  8.000000e+00 -8.000000e+00  4.000000e+01
     vertex  8.000000e+00 -2.145436e+00  4.044123e+01
     vertex  8.000000e+00 -2.079489e+00  4.049764e+01
   endloop
 endfacet
 facet normal  1.000000e+00  0.000000e+00  0.000000e+00
   outer loop
     vertex  8.000000e+00 -8.000000e+00  4.000000e+01
     vertex  8.000000e+00 -2.209853e+00  4.038308e+01
     vertex  8.000000e+00 -2.145436e+00  4.044123e+01
   endloop
 endfacet
 facet normal  1.000000e+00  0.000000e+00  0.000000e+00
   outer loop
     vertex  8.000000e+00 -8.000000e+00  4.000000e+01
     vertex  8.000000e+00 -2.272694e+00  4.032322e+01
     vertex  8.000000e+00 -2.209853e+00  4.038308e+01
   endloop
 endfacet
 facet normal  1.000000e+00  0.000000e+00  0.000000e+00
   outer loop
     vertex  8.000000e+00 -8.000000e+00  4.000000e+01
     vertex  8.000000e+00 -2.333915e+00  4.026171e+01
     vertex  8.000000e+00 -2.272694e+00  4.032322e+01
   endloop
 endfacet
 facet normal  1.000000e+00  0.000000e+00  0.000000e+00
   outer loop
     vertex  8.000000e+00 -8.000000e+00  4.000000e+01
     vertex  8.000000e+00 -2.393472e+00  4.019859e+01
     vertex  8.000000e+00 -2.333915e+00  4.026171e+01
   endloop
 endfacet
 facet normal  1.000000e+00  0.000000e+00  0.000000e+00
   outer loop
     vertex  8.000000e+00 -8.000000e+00  4.000000e+01
     vertex  8.000000e+00 -2.451321e+00  4.013390e+01
     vertex  8.000000e+00 -2.393472e+00  4.019859e+01
   endloop
 endfacet
 facet normal  1.000000e+00  0.000000e+00  0.000000e+00
   outer loop
     vertex  8.000000e+00 -8.000000e+00  4.000000e+01
     vertex  8.000000e+00 -2.507424e+00  4.006769e+01
     vertex  8.000000e+00 -2.451321e+00  4.013390e+01
   endloop
 endfacet
 facet normal  1.000000e+00  0.000000e+00  0.000000e+00
   outer loop
     vertex  8.000000e+00 -8.000000e+00  4.000000e+01
     vertex  8.000000e+00 -2.561738e+00  4.000000e+01
     vertex  8.000000e+00 -2.507424e+00  4.006769e+01
   endloop
 endfacet
 facet normal  1.000000e+00  0.000000e+00  0.000000e+00
   outer loop
     vertex  8.000000e+00 -2.000000e+01  4.500000e+01
     vertex  8.000000e+00 -2.000000e+01  0.000000e+00
     vertex  8.000000e+00 -8.000000e+00  4.000000e+01
   endloop
 endfacet
 facet normal  1.000000e+00  0.000000e+00  0.000000e+00
   outer loop
     vertex  8.000000e+00 -2.000000e+01  4.500000e+01
     vertex  8.000000e+00 -8.677640e-02  4.124884e+01
     vertex  8.000000e+00  7.960204e-16  4.125000e+01
   endloop
 endfacet
 facet normal  1.000000e+00  0.000000e+00  0.000000e+00
   outer loop
     vertex  8.000000e+00 -2.000000e+01  4.500000e+01
     vertex  8.000000e+00 -1.734909e-01  4.124537e+01
     vertex  8.000000e+00 -8.677640e-02  4.124884e+01
   endloop
 endfacet
 facet normal  1.000000e+00  0.000000e+00  0.000000e+00
   outer loop
     vertex  8.000000e+00 -2.000000e+01  4.500000e+01
     vertex  8.000000e+00 -2.600817e-01  4.123958e+01
     vertex  8.000000e+00 -1.734909e-01  4.124537e+01
   endloop
 endfacet
 facet normal  1.000000e+00  0.000000e+00  0.000000e+00
   outer loop
     vertex  8.000000e+00 -2.000000e+01  4.500000e+01
     vertex  8.000000e+00 -3.464871e-01  4.123148e+01
     vertex  8.000000e+00 -2.600817e-01  4.123958e+01
   endloop
 endfacet
 facet normal  1.000000e+00  0.000000e+00  0.000000e+00
   outer loop
     vertex  8.000000e+00 -2.000000e+01  4.500000e+01
     vertex  8.000000e+00 -4.326454e-01  4.122107e+01
     vertex  8.000000e+00 -3.464871e-01  4.123148e+01
   endloop
 endfacet
 facet normal  1.000000e+00  0.000000e+00  0.000000e+00
   outer loop
     vertex  8.000000e+00 -2.000000e+01  4.500000e+01
     vertex  8.000000e+00 -5.184952e-01  4.120837e+01
     vertex  8.000000e+00 -4.326454e-01  4.122107e+01
   endloop
 endfacet
 facet normal  1.000000e+00  0.000000e+00  0.000000e+00
   outer loop
     vertex  8.000000e+00 -2.000000e+01  4.500000e+01
     vertex  8.000000e+00 -6.039753e-01  4.119339e+01
     vertex  8.000000e+00 -5.184952e-01  4.120837e+01
   endloop
 endfacet
 facet normal  1.000000e+00  0.000000e+00  0.000000e+00
   outer loop
     vertex  8.000000e+00 -2.000000e+01  4.500000e+01
     vertex  8.000000e+00 -6.890248e-01  4.117612e+01
     vertex  8.000000e+00 -6.039753e-01  4.119339e+01
   endloop
 endfacet
 facet normal  1.000000e+00  0.000000e+00  0.000000e+00
   outer loop
     vertex  8.000000e+00 -2.000000e+01  4.500000e+01
     vertex  8.000000e+00 -7.735829e-01  4.115659e+01
     vertex  8.000000e+00 -6.890248e-01  4.117612e+01
   endloop
 endfacet
 facet normal  1.000000e+00  0.000000e+00  0.000000e+00
   outer loop
     vertex  8.000000e+00 -2.000000e+01  4.500000e+01
     vertex  8.000000e+00 -8.575895e-01  4.113481e+01
     vertex  8.000000e+00 -7.735829e-01  4.115659e+01
   endloop
 endfacet
 facet normal  1.000000e+00  0.000000e+00  0.000000e+00
   outer loop
     vertex  8.000000e+00 -2.000000e+01  4.500000e+01
     vertex  8.000000e+00 -9.409845e-01  4.111080e+01
     vertex  8.000000e+00 -8.575895e-01  4.113481e+01
   endloop
 endfacet
 facet normal  1.000000e+00  0.000000e+00  0.000000e+00
   outer loop
     vertex  8.000000e+00 -2.000000e+01  4.500000e+01
     vertex  8.000000e+00 -1.023709e+00  4.108456e+01
     vertex  8.000000e+00 -9.409845e-01  4.111080e+01
   endloop
 endfacet
 facet normal  1.000000e+00  0.000000e+00  0.000000e+00
   outer loop
     vertex  8.000000e+00 -2.000000e+01  4.500000e+01
     vertex  8.000000e+00 -1.105703e+00  4.105613e+01
     vertex  8.000000e+00 -1.023709e+00  4.108456e+01
   endloop
 endfacet
 facet normal  1.000000e+00  0.000000e+00  0.000000e+00
   outer loop
     vertex  8.000000e+00 -2.000000e+01  4.500000e+01
     vertex  8.000000e+00 -8.000000e+00  4.000000e+01
     vertex  8.000000e+00 -1.105703e+00  4.105613e+01
   endloop
 endfacet
 facet normal  1.000000e+00 -0.000000e+00  0.000000e+00
   outer loop
     vertex  8.000000e+00 -2.000000e+01  4.500000e+01
     vertex  8.000000e+00  7.960204e-16  4.125000e+01
     vertex  8.000000e+00  2.000000e+01  4.500000e+01
   endloop
 endfacet
 facet normal -1.000000e+00  0.000000e+00  0.000000e+00
   outer loop
     vertex  1.600000e+01  2.584042e+00  1.002890e+01
     vertex  1.600000e+01  2.290202e+00  9.694035e+00
     vertex  1.600000e+01  2.226078e+00  9.632073e+00
   endloop
 endfacet
 facet normal -1.000000e+00  0.000000e+00  0.000000e+00
   outer loop
     vertex  1.600000e+01  2.584042e+00  1.002890e+01
     vertex  1.600000e+01  2.352602e+00  9.757732e+00
     vertex  1.600000e+01  2.290202e+00  9.694035e+00
   endloop
 endfacet
 facet normal -1.000000e+00  0.000000e+00  0.000000e+00
   outer loop
     vertex  1.600000e+01  2.584042e+00  1.002890e+01
     vertex  1.600000e+01  2.413231e+00  9.823118e+00
     vertex  1.600000e+01  2.352602e+00  9.757732e+00
   endloop
 endfacet
 facet normal -1.000000e+00  0.000000e+00  0.000000e+00
   outer loop
     vertex  1.600000e+01  2.584042e+00  1.002890e+01
     vertex  1.600000e+01  2.472043e+00  9.890142e+00
     vertex  1.600000e+01  2.413231e+00  9.823118e+00
   endloop
 endfacet
 facet normal -1.000000e+00  0.000000e+00  0.000000e+00
   outer loop
     vertex  1.600000e+01  2.584042e+00  1.002890e+01
     vertex  1.600000e+01  2.528995e+00  9.958754e+00
     vertex  1.600000e+01  2.472043e+00  9.890142e+00
   endloop
 endfacet
 facet normal -1.000000e+00  0.000000e+00  0.000000e+00
   outer loop
     vertex  1.600000e+01  1.881331e+00  9.349888e+00
     vertex  1.600000e+01  2.023851e+00  9.457063e+00
     vertex  1.600000e+01  1.953326e+00  9.402498e+00
   endloop
 endfacet
 facet normal -1.000000e+00  0.000000e+00  0.000000e+00
   outer loop
     vertex  1.600000e+01  2.784389e+00  1.032379e+01
     vertex  1.600000e+01  2.584042e+00  1.002890e+01
     vertex  1.600000e+01  2.226078e+00  9.632073e+00
   endloop
 endfacet
 facet normal -1.000000e+00  0.000000e+00  0.000000e+00
   outer loop
     vertex  1.600000e+01  2.784389e+00  1.032379e+01
     vertex  1.600000e+01  2.160278e+00  9.571894e+00
     vertex  1.600000e+01  2.092852e+00  9.513543e+00
   endloop
 endfacet
 facet normal -1.000000e+00  0.000000e+00  0.000000e+00
   outer loop
     vertex  1.600000e+01  2.784389e+00  1.032379e+01
     vertex  1.600000e+01  2.226078e+00  9.632073e+00
     vertex  1.600000e+01  2.160278e+00  9.571894e+00
   endloop
 endfacet
 facet normal -1.000000e+00  0.000000e+00  0.000000e+00
   outer loop
     vertex  1.600000e+01  2.784389e+00  1.032379e+01
     vertex  1.600000e+01  2.637145e+00  1.010054e+01
     vertex  1.600000e+01  2.584042e+00  1.002890e+01
   endloop
 endfacet
 facet normal -1.000000e+00  0.000000e+00  0.000000e+00
   outer loop
     vertex  1.600000e+01  2.784389e+00  1.032379e+01
     vertex  1.600000e+01  2.688262e+00  1.017360e+01
     vertex  1.600000e+01  2.637145e+00  1.010054e+01
   endloop
 endfacet
 facet normal -1.000000e+00  0.000000e+00  0.000000e+00
   outer loop
     vertex  1.600000e+01  2.784389e+00  1.032379e+01
     vertex  1.600000e+01  2.737356e+00  1.024804e+01
     vertex  1.600000e+01  2.688262e+00  1.017360e+01
   endloop
 endfacet
 facet normal -1.000000e+00  0.000000e+00  0.000000e+00
   outer loop
     vertex  1.600000e+01  1.657070e+00  9.204178e+00
     vertex  1.600000e+01  1.807920e+00  9.299273e+00
     vertex  1.600000e+01  1.733147e+00  9.250691e+00
   endloop
 endfacet
 facet normal -1.000000e+00  0.000000e+00  0.000000e+00
   outer loop
     vertex  1.600000e+01  1.657070e+00  9.204178e+00
     vertex  1.600000e+01  1.881331e+00  9.349888e+00
     vertex  1.600000e+01  1.807920e+00  9.299273e+00
   endloop
 endfacet
 facet normal -1.000000e+00  0.000000e+00  0.000000e+00
   outer loop
     vertex  1.600000e+01  2.872134e+00  1.047903e+01
     vertex  1.600000e+01  2.829327e+00  1.040081e+01
     vertex  1.600000e+01  2.784389e+00  1.032379e+01
   endloop
 endfacet
 facet normal -1.000000e+00  0.000000e+00  0.000000e+00
   outer loop
     vertex  1.600000e+01  2.912779e+00  1.055840e+01
     vertex  1.600000e+01  2.872134e+00  1.047903e+01
     vertex  1.600000e+01  2.784389e+00  1.032379e+01
   endloop
 endfacet
 facet normal -1.000000e+00  0.000000e+00  0.000000e+00
   outer loop
     vertex  1.600000e+01  1.421589e+00  9.077401e+00
     vertex  1.600000e+01  1.579746e+00  9.159771e+00
     vertex  1.600000e+01  1.501232e+00  9.117501e+00
   endloop
 endfacet
 facet normal -1.000000e+00  0.000000e+00  0.000000e+00
   outer loop
     vertex  1.600000e+01  1.421589e+00  9.077401e+00
     vertex  1.600000e+01  1.657070e+00  9.204178e+00
     vertex  1.600000e+01  1.579746e+00  9.159771e+00
   endloop
 endfacet
 facet normal -1.000000e+00  0.000000e+00  0.000000e+00
   outer loop
     vertex  1.600000e+01  1.421589e+00  9.077401e+00
     vertex  1.600000e+01  1.881331e+00  9.349888e+00
     vertex  1.600000e+01  1.657070e+00  9.204178e+00
   endloop
 endfacet
 facet normal -1.000000e+00  0.000000e+00  0.000000e+00
   outer loop
     vertex  1.600000e+01  2.987463e+00  1.072033e+01
     vertex  1.600000e+01  2.951232e+00  1.063885e+01
     vertex  1.600000e+01  2.912779e+00  1.055840e+01
   endloop
 endfacet
 facet normal -1.000000e+00  0.000000e+00  0.000000e+00
   outer loop
     vertex  1.600000e+01  1.176481e+00  8.970414e+00
     vertex  1.600000e+01  1.340875e+00  9.039501e+00
     vertex  1.600000e+01  1.259152e+00  9.003830e+00
   endloop
 endfacet
 facet normal -1.000000e+00  0.000000e+00  0.000000e+00
   outer loop
     vertex  1.600000e+01  1.176481e+00  8.970414e+00
     vertex  1.600000e+01  1.421589e+00  9.077401e+00
     vertex  1.600000e+01  1.340875e+00  9.039501e+00
   endloop
 endfacet
 facet normal -1.000000e+00  0.000000e+00  0.000000e+00
   outer loop
     vertex  1.600000e+01  1.176481e+00  8.970414e+00
     vertex  1.600000e+01  2.092852e+00  9.513543e+00
     vertex  1.600000e+01  2.023851e+00  9.457063e+00
   endloop
 endfacet
 facet normal -1.000000e+00  0.000000e+00  0.000000e+00
   outer loop
     vertex  1.600000e+01  1.176481e+00  8.970414e+00
     vertex  1.600000e+01  2.023851e+00  9.457063e+00
     vertex  1.600000e+01  1.881331e+00  9.349888e+00
   endloop
 endfacet
 facet normal -1.000000e+00  0.000000e+00  0.000000e+00
   outer loop
     vertex  1.600000e+01  1.176481e+00  8.970414e+00
     vertex  1.600000e+01  1.881331e+00  9.349888e+00
     vertex  1.600000e+01  1.421589e+00  9.077401e+00
   endloop
 endfacet
 facet normal -1.000000e+00  0.000000e+00  0.000000e+00
   outer loop
     vertex  1.600000e+01  3.053153e+00  1.088611e+01
     vertex  1.600000e+01  3.021445e+00  1.080277e+01
     vertex  1.600000e+01  2.987463e+00  1.072033e+01
   endloop
 endfacet
 facet normal -1.000000e+00  0.000000e+00  0.000000e+00
   outer loop
     vertex  1.600000e+01  9.234061e-01  8.883941e+00
     vertex  1.600000e+01  1.092924e+00  8.939278e+00
     vertex  1.600000e+01  1.008545e+00  8.910447e+00
   endloop
 endfacet
 facet normal -1.000000e+00  0.000000e+00  0.000000e+00
   outer loop
     vertex  1.600000e+01  9.234061e-01  8.883941e+00
     vertex  1.600000e+01  1.176481e+00  8.970414e+00
     vertex  1.600000e+01  1.092924e+00  8.939278e+00
   endloop
 endfacet
 facet normal -1.000000e+00  0.000000e+00  0.000000e+00
   outer loop
     vertex  1.600000e+01  3.134399e+00  1.114091e+01
     vertex  1.600000e+01  3.109651e+00  1.105524e+01
     vertex  1.600000e+01  3.082562e+00  1.097029e+01
   endloop
 endfacet
 facet normal -1.000000e+00  0.000000e+00  0.000000e+00
   outer loop
     vertex  1.600000e+01  7.511083e-01  8.837985e+00
     vertex  1.600000e+01  9.234061e-01  8.883941e+00
     vertex  1.600000e+01  8.375725e-01  8.859781e+00
   endloop
 endfacet
 facet normal -1.000000e+00  0.000000e+00  0.000000e+00
   outer loop
     vertex  1.600000e+01  3.176800e+00  1.131411e+01
     vertex  1.600000e+01  3.134399e+00  1.114091e+01
     vertex  1.600000e+01  3.082562e+00  1.097029e+01
   endloop
 endfacet
 facet normal -1.000000e+00  0.000000e+00  0.000000e+00
   outer loop
     vertex  1.600000e+01  3.176800e+00  1.131411e+01
     vertex  1.600000e+01  3.156788e+00  1.122722e+01
     vertex  1.600000e+01  3.134399e+00  1.114091e+01
   endloop
 endfacet
 facet normal -1.000000e+00  0.000000e+00  0.000000e+00
   outer loop
     vertex  1.600000e+01  5.765493e-01  8.801549e+00
     vertex  1.600000e+01  9.234061e-01  8.883941e+00
     vertex  1.600000e+01  7.511083e-01  8.837985e+00
   endloop
 endfacet
 facet normal -1.000000e+00  0.000000e+00  0.000000e+00
   outer loop
     vertex  1.600000e+01  5.765493e-01  8.801549e+00
     vertex  1.600000e+01  7.511083e-01  8.837985e+00
     vertex  1.600000e+01  6.640787e-01  8.818570e+00
   endloop
 endfacet
 facet normal -1.000000e+00  0.000000e+00  0.000000e+00
   outer loop
     vertex  1.600000e+01  3.209638e+00  1.148939e+01
     vertex  1.600000e+01  3.194421e+00  1.140153e+01
     vertex  1.600000e+01  3.176800e+00  1.131411e+01
   endloop
 endfacet
 facet normal -1.000000e+00  0.000000e+00  0.000000e+00
   outer loop
     vertex  1.600000e+01  3.222438e+00  1.157763e+01
     vertex  1.600000e+01  3.209638e+00  1.148939e+01
     vertex  1.600000e+01  3.176800e+00  1.131411e+01
   endloop
 endfacet
 facet normal -1.000000e+00  0.000000e+00  0.000000e+00
   outer loop
     vertex  1.600000e+01  3.116220e-01  8.764974e+00
     vertex  1.600000e+01  4.885858e-01  8.786935e+00
     vertex  1.600000e+01  4.002545e-01  8.774741e+00
   endloop
 endfacet
 facet normal -1.000000e+00  0.000000e+00  0.000000e+00
   outer loop
     vertex  1.600000e+01  3.116220e-01  8.764974e+00
     vertex  1.600000e+01  5.765493e-01  8.801549e+00
     vertex  1.600000e+01  4.885858e-01  8.786935e+00
   endloop
 endfacet
 facet normal -1.000000e+00  0.000000e+00  0.000000e+00
   outer loop
     vertex  1.600000e+01  3.249924e+00  1.202229e+01
     vertex  1.600000e+01  3.232812e+00  1.166620e+01
     vertex  1.600000e+01  3.222438e+00  1.157763e+01
   endloop
 endfacet
 facet normal -1.000000e+00  0.000000e+00  0.000000e+00
   outer loop
     vertex  1.600000e+01  3.249924e+00  1.202229e+01
     vertex  1.600000e+01  3.240753e+00  1.175501e+01
     vertex  1.600000e+01  3.232812e+00  1.166620e+01
   endloop
 endfacet
 facet normal -1.000000e+00  0.000000e+00  0.000000e+00
   outer loop
     vertex  1.600000e+01  3.249924e+00  1.202229e+01
     vertex  1.600000e+01  3.246254e+00  1.184401e+01
     vertex  1.600000e+01  3.240753e+00  1.175501e+01
   endloop
 endfacet
 facet normal -1.000000e+00  0.000000e+00  0.000000e+00
   outer loop
     vertex  1.600000e+01  3.249924e+00  1.202229e+01
     vertex  1.600000e+01  3.249312e+00  1.193313e+01
     vertex  1.600000e+01  3.246254e+00  1.184401e+01
   endloop
 endfacet
 facet normal -1.000000e+00  0.000000e+00  0.000000e+00
   outer loop
     vertex  1.600000e+01 -2.227548e-01  8.757643e+00
     vertex  1.600000e+01 -4.458452e-02  8.750306e+00
     vertex  1.600000e+01 -1.337200e-01  8.752752e+00
   endloop
 endfacet
 facet normal -1.000000e+00  0.000000e+00  0.000000e+00
   outer loop
     vertex  1.600000e+01 -2.227548e-01  8.757643e+00
     vertex  1.600000e+01  4.458452e-02  8.750306e+00
     vertex  1.600000e+01 -4.458452e-02  8.750306e+00
   endloop
 endfacet
 facet normal -1.000000e+00  0.000000e+00  0.000000e+00
   outer loop
     vertex  1.600000e+01  3.227929e+00  1.237812e+01
     vertex  1.600000e+01  3.243809e+00  1.220051e+01
     vertex  1.600000e+01  3.248089e+00  1.211144e+01
   endloop
 endfacet
 facet normal -1.000000e+00  0.000000e+00  0.000000e+00
   outer loop
     vertex  1.600000e+01  3.227929e+00  1.237812e+01
     vertex  1.600000e+01  3.237087e+00  1.228942e+01
     vertex  1.600000e+01  3.243809e+00  1.220051e+01
   endloop
 endfacet
 facet normal -1.000000e+00  0.000000e+00  0.000000e+00
   outer loop
     vertex  1.600000e+01 -4.885858e-01  8.786935e+00
     vertex  1.600000e+01 -3.116220e-01  8.764974e+00
     vertex  1.600000e+01 -4.002545e-01  8.774741e+00
   endloop
 endfacet
 facet normal -1.000000e+00  0.000000e+00  0.000000e+00
   outer loop
     vertex  1.600000e+01 -4.885858e-01  8.786935e+00
     vertex  1.600000e+01 -2.227548e-01  8.757643e+00
     vertex  1.600000e+01 -3.116220e-01  8.764974e+00
   endloop
 endfacet
 facet normal -1.000000e+00  0.000000e+00  0.000000e+00
   outer loop
     vertex  1.600000e+01 -4.885858e-01  8.786935e+00
     vertex  1.600000e+01  1.337200e-01  8.752752e+00
     vertex  1.600000e+01  4.458452e-02  8.750306e+00
   endloop
 endfacet
 facet normal -1.000000e+00  0.000000e+00  0.000000e+00
   outer loop
     vertex  1.600000e+01 -4.885858e-01  8.786935e+00
     vertex  1.600000e+01  4.458452e-02  8.750306e+00
     vertex  1.600000e+01 -2.227548e-01  8.757643e+00
   endloop
 endfacet
 facet normal -1.000000e+00  0.000000e+00  0.000000e+00
   outer loop
     vertex  1.600000e+01  3.202331e+00  1.255460e+01
     vertex  1.600000e+01  3.249924e+00  1.202229e+01
     vertex  1.600000e+01  3.222438e+00  1.157763e+01
   endloop
 endfacet
 facet normal -1.000000e+00  0.000000e+00  0.000000e+00
   outer loop
     vertex  1.600000e+01  3.202331e+00  1.255460e+01
     vertex  1.600000e+01  3.227929e+00  1.237812e+01
     vertex  1.600000e+01  3.248089e+00  1.211144e+01
   endloop
 endfacet
 facet normal -1.000000e+00  0.000000e+00  0.000000e+00
   outer loop
     vertex  1.600000e+01  3.202331e+00  1.255460e+01
     vertex  1.600000e+01  3.248089e+00  1.211144e+01
     vertex  1.600000e+01  3.249924e+00  1.202229e+01
   endloop
 endfacet
 facet normal -1.000000e+00  0.000000e+00  0.000000e+00
   outer loop
     vertex  1.600000e+01  3.202331e+00  1.255460e+01
     vertex  1.600000e+01  3.216340e+00  1.246653e+01
     vertex  1.600000e+01  3.227929e+00  1.237812e+01
   endloop
 endfacet
 facet normal -1.000000e+00  0.000000e+00  0.000000e+00
   outer loop
     vertex  1.600000e+01 -6.640787e-01  8.818570e+00
     vertex  1.600000e+01  9.234061e-01  8.883941e+00
     vertex  1.600000e+01  5.765493e-01  8.801549e+00
   endloop
 endfacet
 facet normal -1.000000e+00  0.000000e+00  0.000000e+00
   outer loop
     vertex  1.600000e+01 -6.640787e-01  8.818570e+00
     vertex  1.600000e+01 -4.885858e-01  8.786935e+00
     vertex  1.600000e+01 -5.765493e-01  8.801549e+00
   endloop
 endfacet
 facet normal -1.000000e+00  0.000000e+00  0.000000e+00
   outer loop
     vertex  1.600000e+01 -6.640787e-01  8.818570e+00
     vertex  1.600000e+01  2.227548e-01  8.757643e+00
     vertex  1.600000e+01  1.337200e-01  8.752752e+00
   endloop
 endfacet
 facet normal -1.000000e+00  0.000000e+00  0.000000e+00
   outer loop
     vertex  1.600000e+01 -6.640787e-01  8.818570e+00
     vertex  1.600000e+01  3.116220e-01  8.764974e+00
     vertex  1.600000e+01  2.227548e-01  8.757643e+00
   endloop
 endfacet
 facet normal -1.000000e+00  0.000000e+00  0.000000e+00
   outer loop
     vertex  1.600000e+01 -6.640787e-01  8.818570e+00
     vertex  1.600000e+01  5.765493e-01  8.801549e+00
     vertex  1.600000e+01  3.116220e-01  8.764974e+00
   endloop
 endfacet
 facet normal -1.000000e+00  0.000000e+00  0.000000e+00
   outer loop
     vertex  1.600000e+01 -6.640787e-01  8.818570e+00
     vertex  1.600000e+01  1.337200e-01  8.752752e+00
     vertex  1.600000e+01 -4.885858e-01  8.786935e+00
   endloop
 endfacet
 facet normal -1.000000e+00  0.000000e+00  0.000000e+00
   outer loop
     vertex  1.600000e+01 -6.640787e-01  8.818570e+00
     vertex  1.600000e+01  1.176481e+00  8.970414e+00
     vertex  1.600000e+01  9.234061e-01  8.883941e+00
   endloop
 endfacet
 facet normal -1.000000e+00  0.000000e+00  0.000000e+00
   outer loop
     vertex  1.600000e+01  3.122319e+00  1.290201e+01
     vertex  1.600000e+01  3.185911e+00  1.264224e+01
     vertex  1.600000e+01  3.202331e+00  1.255460e+01
   endloop
 endfacet
 facet normal -1.000000e+00  0.000000e+00  0.000000e+00
   outer loop
     vertex  1.600000e+01  3.122319e+00  1.290201e+01
     vertex  1.600000e+01  3.167092e+00  1.272940e+01
     vertex  1.600000e+01  3.185911e+00  1.264224e+01
   endloop
 endfacet
 facet normal -1.000000e+00  0.000000e+00  0.000000e+00
   outer loop
     vertex  1.600000e+01  3.122319e+00  1.290201e+01
     vertex  1.600000e+01  3.145890e+00  1.281601e+01
     vertex  1.600000e+01  3.167092e+00  1.272940e+01
   endloop
 endfacet
 facet normal -1.000000e+00  0.000000e+00  0.000000e+00
   outer loop
     vertex  1.600000e+01 -9.234061e-01  8.883941e+00
     vertex  1.600000e+01 -7.511083e-01  8.837985e+00
     vertex  1.600000e+01 -8.375725e-01  8.859781e+00
   endloop
 endfacet
 facet normal -1.000000e+00  0.000000e+00  0.000000e+00
   outer loop
     vertex  1.600000e+01 -9.234061e-01  8.883941e+00
     vertex  1.600000e+01 -6.640787e-01  8.818570e+00
     vertex  1.600000e+01 -7.511083e-01  8.837985e+00
   endloop
 endfacet
 facet normal -1.000000e+00  0.000000e+00  0.000000e+00
   outer loop
     vertex  1.600000e+01 -1.092924e+00  8.939278e+00
     vertex  1.600000e+01 -9.234061e-01  8.883941e+00
     vertex  1.600000e+01 -1.008545e+00  8.910447e+00
   endloop
 endfacet
 facet normal -1.000000e+00  0.000000e+00  0.000000e+00
   outer loop
     vertex  1.600000e+01  3.037585e+00  1.315567e+01
     vertex  1.600000e+01  3.068146e+00  1.307190e+01
     vertex  1.600000e+01  3.096398e+00  1.298733e+01
   endloop
 endfacet
 facet normal -1.000000e+00  0.000000e+00  0.000000e+00
   outer loop
     vertex  1.600000e+01 -1.259152e+00  9.003830e+00
     vertex  1.600000e+01 -1.092924e+00  8.939278e+00
     vertex  1.600000e+01 -1.176481e+00  8.970414e+00
   endloop
 endfacet
 facet normal -1.000000e+00  0.000000e+00  0.000000e+00
   outer loop
     vertex  1.600000e+01 -1.259152e+00  9.003830e+00
     vertex  1.600000e+01 -9.234061e-01  8.883941e+00
     vertex  1.600000e+01 -1.092924e+00  8.939278e+00
   endloop
 endfacet
 facet normal -1.000000e+00  0.000000e+00  0.000000e+00
   outer loop
     vertex  1.600000e+01  2.969627e+00  1.332054e+01
     vertex  1.600000e+01  3.037585e+00  1.315567e+01
     vertex  1.600000e+01  3.096398e+00  1.298733e+01
   endloop
 endfacet
 facet normal -1.000000e+00  0.000000e+00  0.000000e+00
   outer loop
     vertex  1.600000e+01  2.969627e+00  1.332054e+01
     vertex  1.600000e+01  3.096398e+00  1.298733e+01
     vertex  1.600000e+01  3.122319e+00  1.290201e+01
   endloop
 endfacet
 facet normal -1.000000e+00  0.000000e+00  0.000000e+00
   outer loop
     vertex  1.600000e+01  2.969627e+00  1.332054e+01
     vertex  1.600000e+01  3.004737e+00  1.323857e+01
     vertex  1.600000e+01  3.037585e+00  1.315567e+01
   endloop
 endfacet
 facet normal -1.000000e+00  0.000000e+00  0.000000e+00
   outer loop
     vertex  1.600000e+01  2.932282e+00  1.340151e+01
     vertex  1.600000e+01  2.969627e+00  1.332054e+01
     vertex  1.600000e+01  3.122319e+00  1.290201e+01
   endloop
 endfacet
 facet normal -1.000000e+00  0.000000e+00  0.000000e+00
   outer loop
     vertex  1.600000e+01 -1.501232e+00  9.117501e+00
     vertex  1.600000e+01 -9.234061e-01  8.883941e+00
     vertex  1.600000e+01 -1.259152e+00  9.003830e+00
   endloop
 endfacet
 facet normal -1.000000e+00  0.000000e+00  0.000000e+00
   outer loop
     vertex  1.600000e+01 -1.501232e+00  9.117501e+00
     vertex  1.600000e+01 -1.340875e+00  9.039501e+00
     vertex  1.600000e+01 -1.421589e+00  9.077401e+00
   endloop
 endfacet
 facet normal -1.000000e+00  0.000000e+00  0.000000e+00
   outer loop
     vertex  1.600000e+01 -1.501232e+00  9.117501e+00
     vertex  1.600000e+01 -1.259152e+00  9.003830e+00
     vertex  1.600000e+01 -1.340875e+00  9.039501e+00
   endloop
 endfacet
 facet normal -1.000000e+00  0.000000e+00  0.000000e+00
   outer loop
     vertex  1.600000e+01  2.807122e+00  1.363785e+01
     vertex  1.600000e+01  3.176800e+00  1.131411e+01
     vertex  1.600000e+01  3.082562e+00  1.097029e+01
   endloop
 endfacet
 facet normal -1.000000e+00  0.000000e+00  0.000000e+00
   outer loop
     vertex  1.600000e+01  2.807122e+00  1.363785e+01
     vertex  1.600000e+01  3.222438e+00  1.157763e+01
     vertex  1.600000e+01  3.176800e+00  1.131411e+01
   endloop
 endfacet
 facet normal -1.000000e+00  0.000000e+00  0.000000e+00
   outer loop
     vertex  1.600000e+01  2.807122e+00  1.363785e+01
     vertex  1.600000e+01  3.202331e+00  1.255460e+01
     vertex  1.600000e+01  3.222438e+00  1.157763e+01
   endloop
 endfacet
 facet normal -1.000000e+00  0.000000e+00  0.000000e+00
   outer loop
     vertex  1.600000e+01  2.807122e+00  1.363785e+01
     vertex  1.600000e+01  3.082562e+00  1.097029e+01
     vertex  1.600000e+01  3.053153e+00  1.088611e+01
   endloop
 endfacet
 facet normal -1.000000e+00  0.000000e+00  0.000000e+00
   outer loop
     vertex  1.600000e+01  2.807122e+00  1.363785e+01
     vertex  1.600000e+01  3.122319e+00  1.290201e+01
     vertex  1.600000e+01  3.202331e+00  1.255460e+01
   endloop
 endfacet
 facet normal -1.000000e+00  0.000000e+00  0.000000e+00
   outer loop
     vertex  1.600000e+01  2.807122e+00  1.363785e+01
     vertex  1.600000e+01  2.987463e+00  1.072033e+01
     vertex  1.600000e+01  2.912779e+00  1.055840e+01
   endloop
 endfacet
 facet normal -1.000000e+00  0.000000e+00  0.000000e+00
   outer loop
     vertex  1.600000e+01  2.807122e+00  1.363785e+01
     vertex  1.600000e+01  3.053153e+00  1.088611e+01
     vertex  1.600000e+01  2.987463e+00  1.072033e+01
   endloop
 endfacet
 facet normal -1.000000e+00  0.000000e+00  0.000000e+00
   outer loop
     vertex  1.600000e+01  2.807122e+00  1.363785e+01
     vertex  1.600000e+01  2.892729e+00  1.348142e+01
     vertex  1.600000e+01  2.932282e+00  1.340151e+01
   endloop
 endfacet
 facet normal -1.000000e+00  0.000000e+00  0.000000e+00
   outer loop
     vertex  1.600000e+01  2.807122e+00  1.363785e+01
     vertex  1.600000e+01  2.850999e+00  1.356023e+01
     vertex  1.600000e+01  2.892729e+00  1.348142e+01
   endloop
 endfacet
 facet normal -1.000000e+00  0.000000e+00  0.000000e+00
   outer loop
     vertex  1.600000e+01  2.807122e+00  1.363785e+01
     vertex  1.600000e+01  2.932282e+00  1.340151e+01
     vertex  1.600000e+01  3.122319e+00  1.290201e+01
   endloop
 endfacet
 facet normal -1.000000e+00  0.000000e+00  0.000000e+00
   outer loop
     vertex  1.600000e+01 -1.657070e+00  9.204178e+00
     vertex  1.600000e+01 -1.501232e+00  9.117501e+00
     vertex  1.600000e+01 -1.579746e+00  9.159771e+00
   endloop
 endfacet
 facet normal -1.000000e+00  0.000000e+00  0.000000e+00
   outer loop
     vertex  1.600000e+01  2.713065e+00  1.378935e+01
     vertex  1.600000e+01  2.761133e+00  1.371425e+01
     vertex  1.600000e+01  2.807122e+00  1.363785e+01
   endloop
 endfacet
 facet normal -1.000000e+00  0.000000e+00  0.000000e+00
   outer loop
     vertex  1.600000e+01  2.662954e+00  1.386311e+01
     vertex  1.600000e+01  2.713065e+00  1.378935e+01
     vertex  1.600000e+01  2.807122e+00  1.363785e+01
   endloop
 endfacet
 facet normal -1.000000e+00  0.000000e+00  0.000000e+00
   outer loop
     vertex  1.600000e+01  2.610839e+00  1.393546e+01
     vertex  1.600000e+01  2.662954e+00  1.386311e+01
     vertex  1.600000e+01  2.807122e+00  1.363785e+01
   endloop
 endfacet
 facet normal -1.000000e+00  0.000000e+00  0.000000e+00
   outer loop
     vertex  1.600000e+01 -2.023851e+00  9.457063e+00
     vertex  1.600000e+01 -1.881331e+00  9.349888e+00
     vertex  1.600000e+01 -1.953326e+00  9.402498e+00
   endloop
 endfacet
 facet normal -1.000000e+00  0.000000e+00  0.000000e+00
   outer loop
     vertex  1.600000e+01 -2.023851e+00  9.457063e+00
     vertex  1.600000e+01 -1.807920e+00  9.299273e+00
     vertex  1.600000e+01 -1.881331e+00  9.349888e+00
   endloop
 endfacet
 facet normal -1.000000e+00  0.000000e+00  0.000000e+00
   outer loop
     vertex  1.600000e+01 -2.023851e+00  9.457063e+00
     vertex  1.600000e+01 -1.733147e+00  9.250691e+00
     vertex  1.600000e+01 -1.807920e+00  9.299273e+00
   endloop
 endfacet
 facet normal -1.000000e+00  0.000000e+00  0.000000e+00
   outer loop
     vertex  1.600000e+01  2.500754e+00  1.407575e+01
     vertex  1.600000e+01  2.556759e+00  1.400636e+01
     vertex  1.600000e+01  2.610839e+00  1.393546e+01
   endloop
 endfacet
 facet normal -1.000000e+00  0.000000e+00  0.000000e+00
   outer loop
     vertex  1.600000e+01 -2.092852e+00  9.513543e+00
     vertex  1.600000e+01 -1.733147e+00  9.250691e+00
     vertex  1.600000e+01 -2.023851e+00  9.457063e+00
   endloop
 endfacet
 facet normal -1.000000e+00  0.000000e+00  0.000000e+00
   outer loop
     vertex  1.600000e+01 -2.092852e+00  9.513543e+00
     vertex  1.600000e+01 -1.657070e+00  9.204178e+00
     vertex  1.600000e+01 -1.733147e+00  9.250691e+00
   endloop
 endfacet
 facet normal -1.000000e+00  0.000000e+00  0.000000e+00
   outer loop
     vertex  1.600000e+01  2.442867e+00  1.414357e+01
     vertex  1.600000e+01  2.500754e+00  1.407575e+01
     vertex  1.600000e+01  2.610839e+00  1.393546e+01
   endloop
 endfacet
 facet normal -1.000000e+00  0.000000e+00  0.000000e+00
   outer loop
     vertex  1.600000e+01  2.442867e+00  1.414357e+01
     vertex  1.600000e+01  2.610839e+00  1.393546e+01
     vertex  1.600000e+01  2.807122e+00  1.363785e+01
   endloop
 endfacet
 facet normal -1.000000e+00  0.000000e+00  0.000000e+00
   outer loop
     vertex  1.600000e+01 -2.226078e+00  9.632073e+00
     vertex  1.600000e+01 -1.657070e+00  9.204178e+00
     vertex  1.600000e+01 -2.092852e+00  9.513543e+00
   endloop
 endfacet
 facet normal -1.000000e+00  0.000000e+00  0.000000e+00
   outer loop
     vertex  1.600000e+01 -2.226078e+00  9.632073e+00
     vertex  1.600000e+01 -2.092852e+00  9.513543e+00
     vertex  1.600000e+01 -2.160278e+00  9.571894e+00
   endloop
 endfacet
 facet normal -1.000000e+00  0.000000e+00  0.000000e+00
   outer loop
     vertex  1.600000e+01 -2.226078e+00  9.632073e+00
     vertex  1.600000e+01 -1.501232e+00  9.117501e+00
     vertex  1.600000e+01 -1.657070e+00  9.204178e+00
   endloop
 endfacet
 facet normal -1.000000e+00  0.000000e+00  0.000000e+00
   outer loop
     vertex  1.600000e+01  2.321620e+00  1.427433e+01
     vertex  1.600000e+01  2.383141e+00  1.420978e+01
     vertex  1.600000e+01  2.442867e+00  1.414357e+01
   endloop
 endfacet
 facet normal -1.000000e+00  0.000000e+00  0.000000e+00
   outer loop
     vertex  1.600000e+01  2.258352e+00  1.433717e+01
     vertex  1.600000e+01  2.321620e+00  1.427433e+01
     vertex  1.600000e+01  2.442867e+00  1.414357e+01
   endloop
 endfacet
 facet normal -1.000000e+00  0.000000e+00  0.000000e+00
   outer loop
     vertex  1.600000e+01 -2.352602e+00  9.757732e+00
     vertex  1.600000e+01 -2.226078e+00  9.632073e+00
     vertex  1.600000e+01 -2.290202e+00  9.694035e+00
   endloop
 endfacet
 facet normal -1.000000e+00  0.000000e+00  0.000000e+00
   outer loop
     vertex  1.600000e+01  2.126765e+00  1.445751e+01
     vertex  1.600000e+01  2.193384e+00  1.439824e+01
     vertex  1.600000e+01  2.258352e+00  1.433717e+01
   endloop
 endfacet
 facet normal -1.000000e+00  0.000000e+00  0.000000e+00
   outer loop
     vertex  1.600000e+01 -2.472043e+00  9.890142e+00
     vertex  1.600000e+01 -2.226078e+00  9.632073e+00
     vertex  1.600000e+01 -2.352602e+00  9.757732e+00
   endloop
 endfacet
 facet normal -1.000000e+00  0.000000e+00  0.000000e+00
   outer loop
     vertex  1.600000e+01 -2.472043e+00  9.890142e+00
     vertex  1.600000e+01 -2.352602e+00  9.757732e+00
     vertex  1.600000e+01 -2.413231e+00  9.823118e+00
   endloop
 endfacet
 facet normal -1.000000e+00  0.000000e+00  0.000000e+00
   outer loop
     vertex  1.600000e+01  1.988776e+00  1.457046e+01
     vertex  1.600000e+01  2.058545e+00  1.451493e+01
     vertex  1.600000e+01  2.126765e+00  1.445751e+01
   endloop
 endfacet
 facet normal -1.000000e+00  0.000000e+00  0.000000e+00
   outer loop
     vertex  1.600000e+01  1.917509e+00  1.462405e+01
     vertex  1.600000e+01  1.988776e+00  1.457046e+01
     vertex  1.600000e+01  2.126765e+00  1.445751e+01
   endloop
 endfacet
 facet normal -1.000000e+00  0.000000e+00  0.000000e+00
   outer loop
     vertex  1.600000e+01 -2.637145e+00  1.010054e+01
     vertex  1.600000e+01 -2.226078e+00  9.632073e+00
     vertex  1.600000e+01 -2.472043e+00  9.890142e+00
   endloop
 endfacet
 facet normal -1.000000e+00  0.000000e+00  0.000000e+00
   outer loop
     vertex  1.600000e+01 -2.637145e+00  1.010054e+01
     vertex  1.600000e+01 -2.528995e+00  9.958754e+00
     vertex  1.600000e+01 -2.584042e+00  1.002890e+01
   endloop
 endfacet
 facet normal -1.000000e+00  0.000000e+00  0.000000e+00
   outer loop
     vertex  1.600000e+01 -2.637145e+00  1.010054e+01
     vertex  1.600000e+01 -2.472043e+00  9.890142e+00
     vertex  1.600000e+01 -2.528995e+00  9.958754e+00
   endloop
 endfacet
 facet normal -1.000000e+00  0.000000e+00  0.000000e+00
   outer loop
     vertex  1.600000e+01  1.844799e+00  1.467567e+01
     vertex  1.600000e+01  2.442867e+00  1.414357e+01
     vertex  1.600000e+01  2.807122e+00  1.363785e+01
   endloop
 endfacet
 facet normal -1.000000e+00  0.000000e+00  0.000000e+00
   outer loop
     vertex  1.600000e+01  1.844799e+00  1.467567e+01
     vertex  1.600000e+01  1.917509e+00  1.462405e+01
     vertex  1.600000e+01  2.126765e+00  1.445751e+01
   endloop
 endfacet
 facet normal -1.000000e+00  0.000000e+00  0.000000e+00
   outer loop
     vertex  1.600000e+01  1.844799e+00  1.467567e+01
     vertex  1.600000e+01  2.258352e+00  1.433717e+01
     vertex  1.600000e+01  2.442867e+00  1.414357e+01
   endloop
 endfacet
 facet normal -1.000000e+00  0.000000e+00  0.000000e+00
   outer loop
     vertex  1.600000e+01  1.844799e+00  1.467567e+01
     vertex  1.600000e+01  2.126765e+00  1.445751e+01
     vertex  1.600000e+01  2.258352e+00  1.433717e+01
   endloop
 endfacet
 facet normal -1.000000e+00  0.000000e+00  0.000000e+00
   outer loop
     vertex  1.600000e+01 -2.737356e+00  1.024804e+01
     vertex  1.600000e+01 -2.637145e+00  1.010054e+01
     vertex  1.600000e+01 -2.688262e+00  1.017360e+01
   endloop
 endfacet
 facet normal -1.000000e+00  0.000000e+00  0.000000e+00
   outer loop
     vertex  1.600000e+01  1.695268e+00  1.477283e+01
     vertex  1.600000e+01  1.770700e+00  1.472527e+01
     vertex  1.600000e+01  1.844799e+00  1.467567e+01
   endloop
 endfacet
 facet normal -1.000000e+00  0.000000e+00  0.000000e+00
   outer loop
     vertex  1.600000e+01  1.618560e+00  1.481829e+01
     vertex  1.600000e+01  1.695268e+00  1.477283e+01
     vertex  1.600000e+01  1.844799e+00  1.467567e+01
   endloop
 endfacet
 facet normal -1.000000e+00  0.000000e+00  0.000000e+00
   outer loop
     vertex  1.600000e+01 -2.829327e+00  1.040081e+01
     vertex  1.600000e+01 -9.234061e-01  8.883941e+00
     vertex  1.600000e+01 -1.501232e+00  9.117501e+00
   endloop
 endfacet
 facet normal -1.000000e+00  0.000000e+00  0.000000e+00
   outer loop
     vertex  1.600000e+01 -2.829327e+00  1.040081e+01
     vertex  1.600000e+01 -1.501232e+00  9.117501e+00
     vertex  1.600000e+01 -2.226078e+00  9.632073e+00
   endloop
 endfacet
 facet normal -1.000000e+00  0.000000e+00  0.000000e+00
   outer loop
     vertex  1.600000e+01 -2.829327e+00  1.040081e+01
     vertex  1.600000e+01 -2.226078e+00  9.632073e+00
     vertex  1.600000e+01 -2.637145e+00  1.010054e+01
   endloop
 endfacet
 facet normal -1.000000e+00  0.000000e+00  0.000000e+00
   outer loop
     vertex  1.600000e+01 -2.829327e+00  1.040081e+01
     vertex  1.600000e+01 -2.737356e+00  1.024804e+01
     vertex  1.600000e+01 -2.784389e+00  1.032379e+01
   endloop
 endfacet
 facet normal -1.000000e+00  0.000000e+00  0.000000e+00
   outer loop
     vertex  1.600000e+01 -2.829327e+00  1.040081e+01
     vertex  1.600000e+01 -2.637145e+00  1.010054e+01
     vertex  1.600000e+01 -2.737356e+00  1.024804e+01
   endloop
 endfacet
 facet normal -1.000000e+00  0.000000e+00  0.000000e+00
   outer loop
     vertex  1.600000e+01  1.461548e+00  1.490282e+01
     vertex  1.600000e+01  1.540634e+00  1.486163e+01
     vertex  1.600000e+01  1.618560e+00  1.481829e+01
   endloop
 endfacet
 facet normal -1.000000e+00  0.000000e+00  0.000000e+00
   outer loop
     vertex  1.600000e+01 -2.912779e+00  1.055840e+01
     vertex  1.600000e+01 -2.829327e+00  1.040081e+01
     vertex  1.600000e+01 -2.872134e+00  1.047903e+01
   endloop
 endfacet
 facet normal -1.000000e+00  0.000000e+00  0.000000e+00
   outer loop
     vertex  1.600000e+01  1.300136e+00  1.497862e+01
     vertex  1.600000e+01  1.381362e+00  1.494183e+01
     vertex  1.600000e+01  1.461548e+00  1.490282e+01
   endloop
 endfacet
 facet normal -1.000000e+00  0.000000e+00  0.000000e+00
   outer loop
     vertex  1.600000e+01  1.300136e+00  1.497862e+01
     vertex  1.600000e+01  1.461548e+00  1.490282e+01
     vertex  1.600000e+01  1.618560e+00  1.481829e+01
   endloop
 endfacet
 facet normal -1.000000e+00  0.000000e+00  0.000000e+00
   outer loop
     vertex  1.600000e+01  1.300136e+00  1.497862e+01
     vertex  1.600000e+01  1.618560e+00  1.481829e+01
     vertex  1.600000e+01  1.844799e+00  1.467567e+01
   endloop
 endfacet
 facet normal -1.000000e+00  0.000000e+00  0.000000e+00
   outer loop
     vertex  1.600000e+01 -2.987463e+00  1.072033e+01
     vertex  1.600000e+01 -2.829327e+00  1.040081e+01
     vertex  1.600000e+01 -2.912779e+00  1.055840e+01
   endloop
 endfacet
 facet normal -1.000000e+00  0.000000e+00  0.000000e+00
   outer loop
     vertex  1.600000e+01 -2.987463e+00  1.072033e+01
     vertex  1.600000e+01 -2.912779e+00  1.055840e+01
     vertex  1.600000e+01 -2.951232e+00  1.063885e+01
   endloop
 endfacet
 facet normal -1.000000e+00  0.000000e+00  0.000000e+00
   outer loop
     vertex  1.600000e+01  1.134809e+00  1.504544e+01
     vertex  1.600000e+01  1.300136e+00  1.497862e+01
     vertex  1.600000e+01  1.844799e+00  1.467567e+01
   endloop
 endfacet
 facet normal -1.000000e+00  0.000000e+00  0.000000e+00
   outer loop
     vertex  1.600000e+01  1.134809e+00  1.504544e+01
     vertex  1.600000e+01  1.217931e+00  1.501316e+01
     vertex  1.600000e+01  1.300136e+00  1.497862e+01
   endloop
 endfacet
 facet normal -1.000000e+00  0.000000e+00  0.000000e+00
   outer loop
     vertex  1.600000e+01 -3.053153e+00  1.088611e+01
     vertex  1.600000e+01 -2.829327e+00  1.040081e+01
     vertex  1.600000e+01 -2.987463e+00  1.072033e+01
   endloop
 endfacet
 facet normal -1.000000e+00  0.000000e+00  0.000000e+00
   outer loop
     vertex  1.600000e+01 -3.053153e+00  1.088611e+01
     vertex  1.600000e+01 -2.987463e+00  1.072033e+01
     vertex  1.600000e+01 -3.021445e+00  1.080277e+01
   endloop
 endfacet
 facet normal -1.000000e+00  0.000000e+00  0.000000e+00
   outer loop
     vertex  1.600000e+01 -3.053153e+00  1.088611e+01
     vertex  1.600000e+01 -9.234061e-01  8.883941e+00
     vertex  1.600000e+01 -2.829327e+00  1.040081e+01
   endloop
 endfacet
 facet normal -1.000000e+00  0.000000e+00  0.000000e+00
   outer loop
     vertex  1.600000e+01  9.660663e-01  1.510310e+01
     vertex  1.600000e+01  1.050833e+00  1.507543e+01
     vertex  1.600000e+01  1.134809e+00  1.504544e+01
   endloop
 endfacet
 facet normal -1.000000e+00  0.000000e+00  0.000000e+00
   outer loop
     vertex  1.600000e+01  7.944151e-01  1.515141e+01
     vertex  1.600000e+01  1.134809e+00  1.504544e+01
     vertex  1.600000e+01  1.844799e+00  1.467567e+01
   endloop
 endfacet
 facet normal -1.000000e+00  0.000000e+00  0.000000e+00
   outer loop
     vertex  1.600000e+01  7.944151e-01  1.515141e+01
     vertex  1.600000e+01  8.805721e-01  1.512843e+01
     vertex  1.600000e+01  9.660663e-01  1.510310e+01
   endloop
 endfacet
 facet normal -1.000000e+00  0.000000e+00  0.000000e+00
   outer loop
     vertex  1.600000e+01  7.944151e-01  1.515141e+01
     vertex  1.600000e+01  9.660663e-01  1.510310e+01
     vertex  1.600000e+01  1.134809e+00  1.504544e+01
   endloop
 endfacet
 facet normal -1.000000e+00  0.000000e+00  0.000000e+00
   outer loop
     vertex  1.600000e+01 -3.156788e+00  1.122722e+01
     vertex  1.600000e+01 -9.234061e-01  8.883941e+00
     vertex  1.600000e+01 -3.053153e+00  1.088611e+01
   endloop
 endfacet
 facet normal -1.000000e+00  0.000000e+00  0.000000e+00
   outer loop
     vertex  1.600000e+01 -3.156788e+00  1.122722e+01
     vertex  1.600000e+01 -3.109651e+00  1.105524e+01
     vertex  1.600000e+01 -3.134399e+00  1.114091e+01
   endloop
 endfacet
 facet normal -1.000000e+00  0.000000e+00  0.000000e+00
   outer loop
     vertex  1.600000e+01 -3.156788e+00  1.122722e+01
     vertex  1.600000e+01 -3.082562e+00  1.097029e+01
     vertex  1.600000e+01 -3.109651e+00  1.105524e+01
   endloop
 endfacet
 facet normal -1.000000e+00  0.000000e+00  0.000000e+00
   outer loop
     vertex  1.600000e+01 -3.156788e+00  1.122722e+01
     vertex  1.600000e+01 -3.053153e+00  1.088611e+01
     vertex  1.600000e+01 -3.082562e+00  1.097029e+01
   endloop
 endfacet
 facet normal -1.000000e+00  0.000000e+00  0.000000e+00
   outer loop
     vertex  1.600000e+01 -3.156788e+00  1.122722e+01
     vertex  1.600000e+01 -6.640787e-01  8.818570e+00
     vertex  1.600000e+01 -9.234061e-01  8.883941e+00
   endloop
 endfacet
 facet normal -1.000000e+00  0.000000e+00  0.000000e+00
   outer loop
     vertex  1.600000e+01  7.076601e-01  1.517202e+01
     vertex  1.600000e+01  7.944151e-01  1.515141e+01
     vertex  1.600000e+01  1.844799e+00  1.467567e+01
   endloop
 endfacet
 facet normal -1.000000e+00  0.000000e+00  0.000000e+00
   outer loop
     vertex  1.600000e+01 -3.222438e+00  1.157763e+01
     vertex  1.600000e+01 -6.640787e-01  8.818570e+00
     vertex  1.600000e+01 -3.156788e+00  1.122722e+01
   endloop
 endfacet
 facet normal -1.000000e+00  0.000000e+00  0.000000e+00
   outer loop
     vertex  1.600000e+01 -3.222438e+00  1.157763e+01
     vertex  1.600000e+01 -3.194421e+00  1.140153e+01
     vertex  1.600000e+01 -3.209638e+00  1.148939e+01
   endloop
 endfacet
 facet normal -1.000000e+00  0.000000e+00  0.000000e+00
   outer loop
     vertex  1.600000e+01 -3.222438e+00  1.157763e+01
     vertex  1.600000e+01 -3.176800e+00  1.131411e+01
     vertex  1.600000e+01 -3.194421e+00  1.140153e+01
   endloop
 endfacet
 facet normal -1.000000e+00  0.000000e+00  0.000000e+00
   outer loop
     vertex  1.600000e+01 -3.222438e+00  1.157763e+01
     vertex  1.600000e+01 -3.156788e+00  1.122722e+01
     vertex  1.600000e+01 -3.176800e+00  1.131411e+01
   endloop
 endfacet
 facet normal -1.000000e+00  0.000000e+00  0.000000e+00
   outer loop
     vertex  1.600000e+01  3.559718e-01  1.523045e+01
     vertex  1.600000e+01  6.203724e-01  1.519024e+01
     vertex  1.600000e+01  7.076601e-01  1.517202e+01
   endloop
 endfacet
 facet normal -1.000000e+00  0.000000e+00  0.000000e+00
   outer loop
     vertex  1.600000e+01  3.559718e-01  1.523045e+01
     vertex  1.600000e+01  5.326177e-01  1.520606e+01
     vertex  1.600000e+01  6.203724e-01  1.519024e+01
   endloop
 endfacet
 facet normal -1.000000e+00  0.000000e+00  0.000000e+00
   outer loop
     vertex  1.600000e+01  3.559718e-01  1.523045e+01
     vertex  1.600000e+01  4.444620e-01  1.521946e+01
     vertex  1.600000e+01  5.326177e-01  1.520606e+01
   endloop
 endfacet
 facet normal -1.000000e+00  0.000000e+00  0.000000e+00
   outer loop
     vertex  1.600000e+01  3.559718e-01  1.523045e+01
     vertex  1.600000e+01  7.076601e-01  1.517202e+01
     vertex  1.600000e+01  1.844799e+00  1.467567e+01
   endloop
 endfacet
 facet normal -1.000000e+00  0.000000e+00  0.000000e+00
   outer loop
     vertex  1.600000e+01 -3.240753e+00  1.175501e+01
     vertex  1.600000e+01 -3.222438e+00  1.157763e+01
     vertex  1.600000e+01 -3.232812e+00  1.166620e+01
   endloop
 endfacet
 facet normal -1.000000e+00  0.000000e+00  0.000000e+00
   outer loop
     vertex  1.600000e+01  1.782542e-01  1.524511e+01
     vertex  1.600000e+01  2.672135e-01  1.523900e+01
     vertex  1.600000e+01  3.559718e-01  1.523045e+01
   endloop
 endfacet
 facet normal -1.000000e+00  0.000000e+00  0.000000e+00
   outer loop
     vertex  1.600000e+01  1.782542e-01  1.524511e+01
     vertex  1.600000e+01  3.559718e-01  1.523045e+01
     vertex  1.600000e+01  1.844799e+00  1.467567e+01
   endloop
 endfacet
 facet normal -1.000000e+00  0.000000e+00  0.000000e+00
   outer loop
     vertex  1.600000e+01 -3.246254e+00  1.184401e+01
     vertex  1.600000e+01 -3.222438e+00  1.157763e+01
     vertex  1.600000e+01 -3.240753e+00  1.175501e+01
   endloop
 endfacet
 facet normal -1.000000e+00  0.000000e+00  0.000000e+00
   outer loop
     vertex  1.600000e+01 -3.249312e+00  1.193313e+01
     vertex  1.600000e+01 -3.222438e+00  1.157763e+01
     vertex  1.600000e+01 -3.246254e+00  1.184401e+01
   endloop
 endfacet
 facet normal -1.000000e+00  0.000000e+00  0.000000e+00
   outer loop
     vertex  1.600000e+01 -3.248089e+00  1.211144e+01
     vertex  1.600000e+01 -3.249312e+00  1.193313e+01
     vertex  1.600000e+01 -3.249924e+00  1.202229e+01
   endloop
 endfacet
 facet normal -1.000000e+00  0.000000e+00  0.000000e+00
   outer loop
     vertex  1.600000e+01 -1.782542e-01  1.524511e+01
     vertex  1.600000e+01 -8.916066e-02  1.524878e+01
     vertex  1.600000e+01  7.960204e-16  1.525000e+01
   endloop
 endfacet
 facet normal -1.000000e+00  0.000000e+00  0.000000e+00
   outer loop
     vertex  1.600000e+01 -1.782542e-01  1.524511e+01
     vertex  1.600000e+01  8.916066e-02  1.524878e+01
     vertex  1.600000e+01  1.782542e-01  1.524511e+01
   endloop
 endfacet
 facet normal -1.000000e+00  0.000000e+00  0.000000e+00
   outer loop
     vertex  1.600000e+01 -1.782542e-01  1.524511e+01
     vertex  1.600000e+01  7.960204e-16  1.525000e+01
     vertex  1.600000e+01  8.916066e-02  1.524878e+01
   endloop
 endfacet
 facet normal -1.000000e+00  0.000000e+00  0.000000e+00
   outer loop
     vertex  1.600000e+01 -1.782542e-01  1.524511e+01
     vertex  1.600000e+01  1.782542e-01  1.524511e+01
     vertex  1.600000e+01  1.844799e+00  1.467567e+01
   endloop
 endfacet
 facet normal -1.000000e+00  0.000000e+00  0.000000e+00
   outer loop
     vertex  1.600000e+01 -3.227929e+00  1.237812e+01
     vertex  1.600000e+01 -3.243809e+00  1.220051e+01
     vertex  1.600000e+01 -3.237087e+00  1.228942e+01
   endloop
 endfacet
 facet normal -1.000000e+00  0.000000e+00  0.000000e+00
   outer loop
     vertex  1.600000e+01 -3.227929e+00  1.237812e+01
     vertex  1.600000e+01 -3.248089e+00  1.211144e+01
     vertex  1.600000e+01 -3.243809e+00  1.220051e+01
   endloop
 endfacet
 facet normal -1.000000e+00  0.000000e+00  0.000000e+00
   outer loop
     vertex  1.600000e+01 -3.216340e+00  1.246653e+01
     vertex  1.600000e+01 -3.248089e+00  1.211144e+01
     vertex  1.600000e+01 -3.227929e+00  1.237812e+01
   endloop
 endfacet
 facet normal -1.000000e+00  0.000000e+00  0.000000e+00
   outer loop
     vertex  1.600000e+01 -3.185911e+00  1.264224e+01
     vertex  1.600000e+01 -3.216340e+00  1.246653e+01
     vertex  1.600000e+01 -3.202331e+00  1.255460e+01
   endloop
 endfacet
 facet normal -1.000000e+00  0.000000e+00  0.000000e+00
   outer loop
     vertex  1.600000e+01 -3.185911e+00  1.264224e+01
     vertex  1.600000e+01 -3.222438e+00  1.157763e+01
     vertex  1.600000e+01 -3.249312e+00  1.193313e+01
   endloop
 endfacet
 facet normal -1.000000e+00  0.000000e+00  0.000000e+00
   outer loop
     vertex  1.600000e+01 -3.185911e+00  1.264224e+01
     vertex  1.600000e+01 -3.249312e+00  1.193313e+01
     vertex  1.600000e+01 -3.248089e+00  1.211144e+01
   endloop
 endfacet
 facet normal -1.000000e+00  0.000000e+00  0.000000e+00
   outer loop
     vertex  1.600000e+01 -3.185911e+00  1.264224e+01
     vertex  1.600000e+01 -3.248089e+00  1.211144e+01
     vertex  1.600000e+01 -3.216340e+00  1.246653e+01
   endloop
 endfacet
 facet normal -1.000000e+00  0.000000e+00  0.000000e+00
   outer loop
     vertex  1.600000e+01 -7.076601e-01  1.517202e+01
     vertex  1.600000e+01 -2.672135e-01  1.523900e+01
     vertex  1.600000e+01 -1.782542e-01  1.524511e+01
   endloop
 endfacet
 facet normal -1.000000e+00  0.000000e+00  0.000000e+00
   outer loop
     vertex  1.600000e+01 -7.076601e-01  1.517202e+01
     vertex  1.600000e+01  2.807122e+00  1.363785e+01
     vertex  1.600000e+01  2.912779e+00  1.055840e+01
   endloop
 endfacet
 facet normal -1.000000e+00  0.000000e+00  0.000000e+00
   outer loop
     vertex  1.600000e+01 -7.076601e-01  1.517202e+01
     vertex  1.600000e+01 -3.559718e-01  1.523045e+01
     vertex  1.600000e+01 -2.672135e-01  1.523900e+01
   endloop
 endfacet
 facet normal -1.000000e+00  0.000000e+00  0.000000e+00
   outer loop
     vertex  1.600000e+01 -7.076601e-01  1.517202e+01
     vertex  1.600000e+01 -4.444620e-01  1.521946e+01
     vertex  1.600000e+01 -3.559718e-01  1.523045e+01
   endloop
 endfacet
 facet normal -1.000000e+00  0.000000e+00  0.000000e+00
   outer loop
     vertex  1.600000e+01 -7.076601e-01  1.517202e+01
     vertex  1.600000e+01 -5.326177e-01  1.520606e+01
     vertex  1.600000e+01 -4.444620e-01  1.521946e+01
   endloop
 endfacet
 facet normal -1.000000e+00  0.000000e+00  0.000000e+00
   outer loop
     vertex  1.600000e+01 -7.076601e-01  1.517202e+01
     vertex  1.600000e+01 -6.203724e-01  1.519024e+01
     vertex  1.600000e+01 -5.326177e-01  1.520606e+01
   endloop
 endfacet
 facet normal -1.000000e+00  0.000000e+00  0.000000e+00
   outer loop
     vertex  1.600000e+01 -7.076601e-01  1.517202e+01
     vertex  1.600000e+01  2.784389e+00  1.032379e+01
     vertex  1.600000e+01  2.092852e+00  9.513543e+00
   endloop
 endfacet
 facet normal -1.000000e+00  0.000000e+00  0.000000e+00
   outer loop
     vertex  1.600000e+01 -7.076601e-01  1.517202e+01
     vertex  1.600000e+01 -1.782542e-01  1.524511e+01
     vertex  1.600000e+01  1.844799e+00  1.467567e+01
   endloop
 endfacet
 facet normal -1.000000e+00  0.000000e+00  0.000000e+00
   outer loop
     vertex  1.600000e+01 -7.076601e-01  1.517202e+01
     vertex  1.600000e+01  1.844799e+00  1.467567e+01
     vertex  1.600000e+01  2.807122e+00  1.363785e+01
   endloop
 endfacet
 facet normal -1.000000e+00  0.000000e+00  0.000000e+00
   outer loop
     vertex  1.600000e+01 -7.076601e-01  1.517202e+01
     vertex  1.600000e+01  2.912779e+00  1.055840e+01
     vertex  1.600000e+01  2.784389e+00  1.032379e+01
   endloop
 endfacet
 facet normal -1.000000e+00  0.000000e+00  0.000000e+00
   outer loop
     vertex  1.600000e+01 -7.076601e-01  1.517202e+01
     vertex  1.600000e+01  2.092852e+00  9.513543e+00
     vertex  1.600000e+01  1.176481e+00  8.970414e+00
   endloop
 endfacet
 facet normal -1.000000e+00  0.000000e+00  0.000000e+00
   outer loop
     vertex  1.600000e+01 -3.122319e+00  1.290201e+01
     vertex  1.600000e+01 -3.167092e+00  1.272940e+01
     vertex  1.600000e+01 -3.145890e+00  1.281601e+01
   endloop
 endfacet
 facet normal -1.000000e+00  0.000000e+00  0.000000e+00
   outer loop
     vertex  1.600000e+01 -3.122319e+00  1.290201e+01
     vertex  1.600000e+01 -3.185911e+00  1.264224e+01
     vertex  1.600000e+01 -3.167092e+00  1.272940e+01
   endloop
 endfacet
 facet normal -1.000000e+00  0.000000e+00  0.000000e+00
   outer loop
     vertex  1.600000e+01 -3.096398e+00  1.298733e+01
     vertex  1.600000e+01 -3.185911e+00  1.264224e+01
     vertex  1.600000e+01 -3.122319e+00  1.290201e+01
   endloop
 endfacet
 facet normal -1.000000e+00  0.000000e+00  0.000000e+00
   outer loop
     vertex  1.600000e+01 -1.050833e+00  1.507543e+01
     vertex  1.600000e+01 -7.944151e-01  1.515141e+01
     vertex  1.600000e+01 -7.076601e-01  1.517202e+01
   endloop
 endfacet
 facet normal -1.000000e+00  0.000000e+00  0.000000e+00
   outer loop
     vertex  1.600000e+01 -1.050833e+00  1.507543e+01
     vertex  1.600000e+01 -8.805721e-01  1.512843e+01
     vertex  1.600000e+01 -7.944151e-01  1.515141e+01
   endloop
 endfacet
 facet normal -1.000000e+00  0.000000e+00  0.000000e+00
   outer loop
     vertex  1.600000e+01 -1.050833e+00  1.507543e+01
     vertex  1.600000e+01 -9.660663e-01  1.510310e+01
     vertex  1.600000e+01 -8.805721e-01  1.512843e+01
   endloop
 endfacet
 facet normal -1.000000e+00  0.000000e+00  0.000000e+00
   outer loop
     vertex  1.600000e+01 -3.037585e+00  1.315567e+01
     vertex  1.600000e+01 -3.096398e+00  1.298733e+01
     vertex  1.600000e+01 -3.068146e+00  1.307190e+01
   endloop
 endfacet
 facet normal -1.000000e+00  0.000000e+00  0.000000e+00
   outer loop
     vertex  1.600000e+01 -3.037585e+00  1.315567e+01
     vertex  1.600000e+01 -3.185911e+00  1.264224e+01
     vertex  1.600000e+01 -3.096398e+00  1.298733e+01
   endloop
 endfacet
 facet normal -1.000000e+00  0.000000e+00  0.000000e+00
   outer loop
     vertex  1.600000e+01 -1.217931e+00  1.501316e+01
     vertex  1.600000e+01 -7.076601e-01  1.517202e+01
     vertex  1.600000e+01  1.176481e+00  8.970414e+00
   endloop
 endfacet
 facet normal -1.000000e+00  0.000000e+00  0.000000e+00
   outer loop
     vertex  1.600000e+01 -1.217931e+00  1.501316e+01
     vertex  1.600000e+01 -1.134809e+00  1.504544e+01
     vertex  1.600000e+01 -1.050833e+00  1.507543e+01
   endloop
 endfacet
 facet normal -1.000000e+00  0.000000e+00  0.000000e+00
   outer loop
     vertex  1.600000e+01 -1.217931e+00  1.501316e+01
     vertex  1.600000e+01 -1.050833e+00  1.507543e+01
     vertex  1.600000e+01 -7.076601e-01  1.517202e+01
   endloop
 endfacet
 facet normal -1.000000e+00  0.000000e+00  0.000000e+00
   outer loop
     vertex  1.600000e+01 -3.004737e+00  1.323857e+01
     vertex  1.600000e+01 -3.185911e+00  1.264224e+01
     vertex  1.600000e+01 -3.037585e+00  1.315567e+01
   endloop
 endfacet
 facet normal -1.000000e+00  0.000000e+00  0.000000e+00
   outer loop
     vertex  1.600000e+01 -2.969627e+00  1.332054e+01
     vertex  1.600000e+01 -3.185911e+00  1.264224e+01
     vertex  1.600000e+01 -3.004737e+00  1.323857e+01
   endloop
 endfacet
 facet normal -1.000000e+00  0.000000e+00  0.000000e+00
   outer loop
     vertex  1.600000e+01 -2.932282e+00  1.340151e+01
     vertex  1.600000e+01 -3.185911e+00  1.264224e+01
     vertex  1.600000e+01 -2.969627e+00  1.332054e+01
   endloop
 endfacet
 facet normal -1.000000e+00  0.000000e+00  0.000000e+00
   outer loop
     vertex  1.600000e+01 -1.461548e+00  1.490282e+01
     vertex  1.600000e+01 -1.300136e+00  1.497862e+01
     vertex  1.600000e+01 -1.217931e+00  1.501316e+01
   endloop
 endfacet
 facet normal -1.000000e+00  0.000000e+00  0.000000e+00
   outer loop
     vertex  1.600000e+01 -1.461548e+00  1.490282e+01
     vertex  1.600000e+01 -1.381362e+00  1.494183e+01
     vertex  1.600000e+01 -1.300136e+00  1.497862e+01
   endloop
 endfacet
 facet normal -1.000000e+00  0.000000e+00  0.000000e+00
   outer loop
     vertex  1.600000e+01 -1.540634e+00  1.486163e+01
     vertex  1.600000e+01 -1.461548e+00  1.490282e+01
     vertex  1.600000e+01 -1.217931e+00  1.501316e+01
   endloop
 endfacet
 facet normal -1.000000e+00  0.000000e+00  0.000000e+00
   outer loop
     vertex  1.600000e+01 -2.807122e+00  1.363785e+01
     vertex  1.600000e+01 -2.892729e+00  1.348142e+01
     vertex  1.600000e+01 -2.850999e+00  1.356023e+01
   endloop
 endfacet
 facet normal -1.000000e+00  0.000000e+00  0.000000e+00
   outer loop
     vertex  1.600000e+01 -2.807122e+00  1.363785e+01
     vertex  1.600000e+01 -2.932282e+00  1.340151e+01
     vertex  1.600000e+01 -2.892729e+00  1.348142e+01
   endloop
 endfacet
 facet normal -1.000000e+00  0.000000e+00  0.000000e+00
   outer loop
     vertex  1.600000e+01 -1.695268e+00  1.477283e+01
     vertex  1.600000e+01 -1.618560e+00  1.481829e+01
     vertex  1.600000e+01 -1.540634e+00  1.486163e+01
   endloop
 endfacet
 facet normal -1.000000e+00  0.000000e+00  0.000000e+00
   outer loop
     vertex  1.600000e+01 -1.695268e+00  1.477283e+01
     vertex  1.600000e+01 -1.540634e+00  1.486163e+01
     vertex  1.600000e+01 -1.217931e+00  1.501316e+01
   endloop
 endfacet
 facet normal -1.000000e+00  0.000000e+00  0.000000e+00
   outer loop
     vertex  1.600000e+01 -2.761133e+00  1.371425e+01
     vertex  1.600000e+01 -2.932282e+00  1.340151e+01
     vertex  1.600000e+01 -2.807122e+00  1.363785e+01
   endloop
 endfacet
 facet normal -1.000000e+00  0.000000e+00  0.000000e+00
   outer loop
     vertex  1.600000e+01 -2.713065e+00  1.378935e+01
     vertex  1.600000e+01 -2.932282e+00  1.340151e+01
     vertex  1.600000e+01 -2.761133e+00  1.371425e+01
   endloop
 endfacet
 facet normal -1.000000e+00  0.000000e+00  0.000000e+00
   outer loop
     vertex  1.600000e+01 -1.917509e+00  1.462405e+01
     vertex  1.600000e+01 -1.770700e+00  1.472527e+01
     vertex  1.600000e+01 -1.695268e+00  1.477283e+01
   endloop
 endfacet
 facet normal -1.000000e+00  0.000000e+00  0.000000e+00
   outer loop
     vertex  1.600000e+01 -1.917509e+00  1.462405e+01
     vertex  1.600000e+01 -1.844799e+00  1.467567e+01
     vertex  1.600000e+01 -1.770700e+00  1.472527e+01
   endloop
 endfacet
 facet normal -1.000000e+00  0.000000e+00  0.000000e+00
   outer loop
     vertex  1.600000e+01 -1.988776e+00  1.457046e+01
     vertex  1.600000e+01 -1.695268e+00  1.477283e+01
     vertex  1.600000e+01 -1.217931e+00  1.501316e+01
   endloop
 endfacet
 facet normal -1.000000e+00  0.000000e+00  0.000000e+00
   outer loop
     vertex  1.600000e+01 -1.988776e+00  1.457046e+01
     vertex  1.600000e+01 -1.917509e+00  1.462405e+01
     vertex  1.600000e+01 -1.695268e+00  1.477283e+01
   endloop
 endfacet
 facet normal -1.000000e+00  0.000000e+00  0.000000e+00
   outer loop
     vertex  1.600000e+01 -2.058545e+00  1.451493e+01
     vertex  1.600000e+01 -1.988776e+00  1.457046e+01
     vertex  1.600000e+01 -1.217931e+00  1.501316e+01
   endloop
 endfacet
 facet normal -1.000000e+00  0.000000e+00  0.000000e+00
   outer loop
     vertex  1.600000e+01 -2.500754e+00  1.407575e+01
     vertex  1.600000e+01 -2.610839e+00  1.393546e+01
     vertex  1.600000e+01 -2.556759e+00  1.400636e+01
   endloop
 endfacet
 facet normal -1.000000e+00  0.000000e+00  0.000000e+00
   outer loop
     vertex  1.600000e+01 -2.500754e+00  1.407575e+01
     vertex  1.600000e+01 -2.662954e+00  1.386311e+01
     vertex  1.600000e+01 -2.610839e+00  1.393546e+01
   endloop
 endfacet
 facet normal -1.000000e+00  0.000000e+00  0.000000e+00
   outer loop
     vertex  1.600000e+01 -2.500754e+00  1.407575e+01
     vertex  1.600000e+01 -2.713065e+00  1.378935e+01
     vertex  1.600000e+01 -2.662954e+00  1.386311e+01
   endloop
 endfacet
 facet normal -1.000000e+00  0.000000e+00  0.000000e+00
   outer loop
     vertex  1.600000e+01 -2.500754e+00  1.407575e+01
     vertex  1.600000e+01 -2.932282e+00  1.340151e+01
     vertex  1.600000e+01 -2.713065e+00  1.378935e+01
   endloop
 endfacet
 facet normal -1.000000e+00  0.000000e+00  0.000000e+00
   outer loop
     vertex  1.600000e+01 -2.126765e+00  1.445751e+01
     vertex  1.600000e+01 -2.058545e+00  1.451493e+01
     vertex  1.600000e+01 -1.217931e+00  1.501316e+01
   endloop
 endfacet
 facet normal -1.000000e+00  0.000000e+00  0.000000e+00
   outer loop
     vertex  1.600000e+01 -2.442867e+00  1.414357e+01
     vertex  1.600000e+01 -2.932282e+00  1.340151e+01
     vertex  1.600000e+01 -2.500754e+00  1.407575e+01
   endloop
 endfacet
 facet normal -1.000000e+00  0.000000e+00  0.000000e+00
   outer loop
     vertex  1.600000e+01 -2.193384e+00  1.439824e+01
     vertex  1.600000e+01 -2.126765e+00  1.445751e+01
     vertex  1.600000e+01 -1.217931e+00  1.501316e+01
   endloop
 endfacet
 facet normal -1.000000e+00  0.000000e+00  0.000000e+00
   outer loop
     vertex  1.600000e+01 -2.321620e+00  1.427433e+01
     vertex  1.600000e+01 -3.185911e+00  1.264224e+01
     vertex  1.600000e+01 -2.932282e+00  1.340151e+01
   endloop
 endfacet
 facet normal -1.000000e+00  0.000000e+00  0.000000e+00
   outer loop
     vertex  1.600000e+01 -2.321620e+00  1.427433e+01
     vertex  1.600000e+01 -1.217931e+00  1.501316e+01
     vertex  1.600000e+01  1.176481e+00  8.970414e+00
   endloop
 endfacet
 facet normal -1.000000e+00  0.000000e+00  0.000000e+00
   outer loop
     vertex  1.600000e+01 -2.321620e+00  1.427433e+01
     vertex  1.600000e+01 -2.258352e+00  1.433717e+01
     vertex  1.600000e+01 -2.193384e+00  1.439824e+01
   endloop
 endfacet
 facet normal -1.000000e+00  0.000000e+00  0.000000e+00
   outer loop
     vertex  1.600000e+01 -2.321620e+00  1.427433e+01
     vertex  1.600000e+01 -2.442867e+00  1.414357e+01
     vertex  1.600000e+01 -2.383141e+00  1.420978e+01
   endloop
 endfacet
 facet normal -1.000000e+00  0.000000e+00 -0.000000e+00
   outer loop
     vertex  1.600000e+01 -2.321620e+00  1.427433e+01
     vertex  1.600000e+01 -6.640787e-01  8.818570e+00
     vertex  1.600000e+01 -3.222438e+00  1.157763e+01
   endloop
 endfacet
 facet normal -1.000000e+00  0.000000e+00  0.000000e+00
   outer loop
     vertex  1.600000e+01 -2.321620e+00  1.427433e+01
     vertex  1.600000e+01 -2.193384e+00  1.439824e+01
     vertex  1.600000e+01 -1.217931e+00  1.501316e+01
   endloop
 endfacet
 facet normal -1.000000e+00  0.000000e+00  0.000000e+00
   outer loop
     vertex  1.600000e+01 -2.321620e+00  1.427433e+01
     vertex  1.600000e+01 -2.932282e+00  1.340151e+01
     vertex  1.600000e+01 -2.442867e+00  1.414357e+01
   endloop
 endfacet
 facet normal -1.000000e+00  0.000000e+00  0.000000e+00
   outer loop
     vertex  1.600000e+01 -2.321620e+00  1.427433e+01
     vertex  1.600000e+01  1.176481e+00  8.970414e+00
     vertex  1.600000e+01 -6.640787e-01  8.818570e+00
   endloop
 endfacet
 facet normal -1.000000e+00  0.000000e+00  0.000000e+00
   outer loop
     vertex  1.600000e+01 -2.321620e+00  1.427433e+01
     vertex  1.600000e+01 -3.222438e+00  1.157763e+01
     vertex  1.600000e+01 -3.185911e+00  1.264224e+01
   endloop
 endfacet
 facet normal -1.000000e+00  0.000000e+00  0.000000e+00
   outer loop
     vertex  1.600000e+01  2.526970e+00  3.595625e+01
     vertex  1.600000e+01  2.288197e+00  3.569205e+01
     vertex  1.600000e+01  2.224091e+00  3.563021e+01
   endloop
 endfacet
 facet normal -1.000000e+00  0.000000e+00  0.000000e+00
   outer loop
     vertex  1.600000e+01  2.526970e+00  3.595625e+01
     vertex  1.600000e+01  2.350584e+00  3.575562e+01
     vertex  1.600000e+01  2.288197e+00  3.569205e+01
   endloop
 endfacet
 facet normal -1.000000e+00  0.000000e+00  0.000000e+00
   outer loop
     vertex  1.600000e+01  2.526970e+00  3.595625e+01
     vertex  1.600000e+01  2.411205e+00  3.582087e+01
     vertex  1.600000e+01  2.350584e+00  3.575562e+01
   endloop
 endfacet
 facet normal -1.000000e+00  0.000000e+00  0.000000e+00
   outer loop
     vertex  1.600000e+01  2.526970e+00  3.595625e+01
     vertex  1.600000e+01  2.470015e+00  3.588777e+01
     vertex  1.600000e+01  2.411205e+00  3.582087e+01
   endloop
 endfacet
 facet normal -1.000000e+00  0.000000e+00  0.000000e+00
   outer loop
     vertex  1.600000e+01  1.951464e+00  3.540110e+01
     vertex  1.600000e+01  2.090918e+00  3.551192e+01
     vertex  1.600000e+01  2.021951e+00  3.545555e+01
   endloop
 endfacet
 facet normal -1.000000e+00  0.000000e+00  0.000000e+00
   outer loop
     vertex  1.600000e+01  1.951464e+00  3.540110e+01
     vertex  1.600000e+01  2.158315e+00  3.557015e+01
     vertex  1.600000e+01  2.090918e+00  3.551192e+01
   endloop
 endfacet
 facet normal -1.000000e+00  0.000000e+00  0.000000e+00
   outer loop
     vertex  1.600000e+01  1.879512e+00  3.534860e+01
     vertex  1.600000e+01  2.158315e+00  3.557015e+01
     vertex  1.600000e+01  1.951464e+00  3.540110e+01
   endloop
 endfacet
 facet normal -1.000000e+00  0.000000e+00  0.000000e+00
   outer loop
     vertex  1.600000e+01  2.686284e+00  3.617069e+01
     vertex  1.600000e+01  2.582027e+00  3.602626e+01
     vertex  1.600000e+01  2.526970e+00  3.595625e+01
   endloop
 endfacet
 facet normal -1.000000e+00  0.000000e+00  0.000000e+00
   outer loop
     vertex  1.600000e+01  2.686284e+00  3.617069e+01
     vertex  1.600000e+01  2.635145e+00  3.609776e+01
     vertex  1.600000e+01  2.582027e+00  3.602626e+01
   endloop
 endfacet
 facet normal -1.000000e+00  0.000000e+00  0.000000e+00
   outer loop
     vertex  1.600000e+01  1.731428e+00  3.524961e+01
     vertex  1.600000e+01  1.879512e+00  3.534860e+01
     vertex  1.600000e+01  1.806149e+00  3.529809e+01
   endloop
 endfacet
 facet normal -1.000000e+00  0.000000e+00  0.000000e+00
   outer loop
     vertex  1.600000e+01  2.782471e+00  3.632061e+01
     vertex  1.600000e+01  2.224091e+00  3.563021e+01
     vertex  1.600000e+01  2.158315e+00  3.557015e+01
   endloop
 endfacet
 facet normal -1.000000e+00  0.000000e+00  0.000000e+00
   outer loop
     vertex  1.600000e+01  2.782471e+00  3.632061e+01
     vertex  1.600000e+01  2.735405e+00  3.624499e+01
     vertex  1.600000e+01  2.686284e+00  3.617069e+01
   endloop
 endfacet
 facet normal -1.000000e+00  0.000000e+00  0.000000e+00
   outer loop
     vertex  1.600000e+01  2.782471e+00  3.632061e+01
     vertex  1.600000e+01  2.526970e+00  3.595625e+01
     vertex  1.600000e+01  2.224091e+00  3.563021e+01
   endloop
 endfacet
 facet normal -1.000000e+00  0.000000e+00  0.000000e+00
   outer loop
     vertex  1.600000e+01  2.782471e+00  3.632061e+01
     vertex  1.600000e+01  2.686284e+00  3.617069e+01
     vertex  1.600000e+01  2.526970e+00  3.595625e+01
   endloop
 endfacet
 facet normal -1.000000e+00  0.000000e+00  0.000000e+00
   outer loop
     vertex  1.600000e+01  1.420118e+00  3.507669e+01
     vertex  1.600000e+01  1.578143e+00  3.515888e+01
     vertex  1.600000e+01  1.499694e+00  3.511670e+01
   endloop
 endfacet
 facet normal -1.000000e+00  0.000000e+00  0.000000e+00
   outer loop
     vertex  1.600000e+01  1.420118e+00  3.507669e+01
     vertex  1.600000e+01  1.655407e+00  3.520319e+01
     vertex  1.600000e+01  1.578143e+00  3.515888e+01
   endloop
 endfacet
 facet normal -1.000000e+00  0.000000e+00  0.000000e+00
   outer loop
     vertex  1.600000e+01  2.985802e+00  3.671646e+01
     vertex  1.600000e+01  2.949507e+00  3.663512e+01
     vertex  1.600000e+01  2.910997e+00  3.655480e+01
   endloop
 endfacet
 facet normal -1.000000e+00  0.000000e+00  0.000000e+00
   outer loop
     vertex  1.600000e+01  3.019854e+00  3.679876e+01
     vertex  1.600000e+01  2.985802e+00  3.671646e+01
     vertex  1.600000e+01  2.910997e+00  3.655480e+01
   endloop
 endfacet
 facet normal -1.000000e+00  0.000000e+00  0.000000e+00
   outer loop
     vertex  1.600000e+01  3.019854e+00  3.679876e+01
     vertex  1.600000e+01  2.870300e+00  3.647557e+01
     vertex  1.600000e+01  2.827447e+00  3.639749e+01
   endloop
 endfacet
 facet normal -1.000000e+00  0.000000e+00  0.000000e+00
   outer loop
     vertex  1.600000e+01  3.019854e+00  3.679876e+01
     vertex  1.600000e+01  2.910997e+00  3.655480e+01
     vertex  1.600000e+01  2.870300e+00  3.647557e+01
   endloop
 endfacet
 facet normal -1.000000e+00  0.000000e+00  0.000000e+00
   outer loop
     vertex  1.600000e+01  1.175233e+00  3.496993e+01
     vertex  1.600000e+01  1.339475e+00  3.503887e+01
     vertex  1.600000e+01  1.257827e+00  3.500327e+01
   endloop
 endfacet
 facet normal -1.000000e+00  0.000000e+00  0.000000e+00
   outer loop
     vertex  1.600000e+01  1.175233e+00  3.496993e+01
     vertex  1.600000e+01  1.420118e+00  3.507669e+01
     vertex  1.600000e+01  1.339475e+00  3.503887e+01
   endloop
 endfacet
 facet normal -1.000000e+00  0.000000e+00  0.000000e+00
   outer loop
     vertex  1.600000e+01  1.007461e+00  3.491009e+01
     vertex  1.600000e+01  1.731428e+00  3.524961e+01
     vertex  1.600000e+01  1.655407e+00  3.520319e+01
   endloop
 endfacet
 facet normal -1.000000e+00  0.000000e+00  0.000000e+00
   outer loop
     vertex  1.600000e+01  1.007461e+00  3.491009e+01
     vertex  1.600000e+01  1.655407e+00  3.520319e+01
     vertex  1.600000e+01  1.420118e+00  3.507669e+01
   endloop
 endfacet
 facet normal -1.000000e+00  0.000000e+00  0.000000e+00
   outer loop
     vertex  1.600000e+01  1.007461e+00  3.491009e+01
     vertex  1.600000e+01  1.420118e+00  3.507669e+01
     vertex  1.600000e+01  1.175233e+00  3.496993e+01
   endloop
 endfacet
 facet normal -1.000000e+00  0.000000e+00  0.000000e+00
   outer loop
     vertex  1.600000e+01  1.007461e+00  3.491009e+01
     vertex  1.600000e+01  1.879512e+00  3.534860e+01
     vertex  1.600000e+01  1.731428e+00  3.524961e+01
   endloop
 endfacet
 facet normal -1.000000e+00  0.000000e+00  0.000000e+00
   outer loop
     vertex  1.600000e+01  1.007461e+00  3.491009e+01
     vertex  1.600000e+01  1.175233e+00  3.496993e+01
     vertex  1.600000e+01  1.091757e+00  3.493886e+01
   endloop
 endfacet
 facet normal -1.000000e+00  0.000000e+00  0.000000e+00
   outer loop
     vertex  1.600000e+01  3.133152e+00  3.713637e+01
     vertex  1.600000e+01  3.051639e+00  3.688197e+01
     vertex  1.600000e+01  3.019854e+00  3.679876e+01
   endloop
 endfacet
 facet normal -1.000000e+00  0.000000e+00  0.000000e+00
   outer loop
     vertex  1.600000e+01  3.133152e+00  3.713637e+01
     vertex  1.600000e+01  3.081131e+00  3.696601e+01
     vertex  1.600000e+01  3.051639e+00  3.688197e+01
   endloop
 endfacet
 facet normal -1.000000e+00  0.000000e+00  0.000000e+00
   outer loop
     vertex  1.600000e+01  3.133152e+00  3.713637e+01
     vertex  1.600000e+01  3.108309e+00  3.705083e+01
     vertex  1.600000e+01  3.081131e+00  3.696601e+01
   endloop
 endfacet
 facet normal -1.000000e+00  0.000000e+00  0.000000e+00
   outer loop
     vertex  1.600000e+01  7.502887e-01  3.483779e+01
     vertex  1.600000e+01  9.224083e-01  3.488365e+01
     vertex  1.600000e+01  8.366627e-01  3.485954e+01
   endloop
 endfacet
 facet normal -1.000000e+00  0.000000e+00  0.000000e+00
   outer loop
     vertex  1.600000e+01  6.633511e-01  3.481842e+01
     vertex  1.600000e+01  9.224083e-01  3.488365e+01
     vertex  1.600000e+01  7.502887e-01  3.483779e+01
   endloop
 endfacet
 facet normal -1.000000e+00  0.000000e+00  0.000000e+00
   outer loop
     vertex  1.600000e+01  3.221757e+00  3.757247e+01
     vertex  1.600000e+01  3.133152e+00  3.713637e+01
     vertex  1.600000e+01  3.019854e+00  3.679876e+01
   endloop
 endfacet
 facet normal -1.000000e+00  0.000000e+00  0.000000e+00
   outer loop
     vertex  1.600000e+01  3.221757e+00  3.757247e+01
     vertex  1.600000e+01  2.827447e+00  3.639749e+01
     vertex  1.600000e+01  2.782471e+00  3.632061e+01
   endloop
 endfacet
 facet normal -1.000000e+00  0.000000e+00  0.000000e+00
   outer loop
     vertex  1.600000e+01  3.221757e+00  3.757247e+01
     vertex  1.600000e+01  3.019854e+00  3.679876e+01
     vertex  1.600000e+01  2.827447e+00  3.639749e+01
   endloop
 endfacet
 facet normal -1.000000e+00  0.000000e+00  0.000000e+00
   outer loop
     vertex  1.600000e+01  3.221757e+00  3.757247e+01
     vertex  1.600000e+01  3.155642e+00  3.722255e+01
     vertex  1.600000e+01  3.133152e+00  3.713637e+01
   endloop
 endfacet
 facet normal -1.000000e+00  0.000000e+00  0.000000e+00
   outer loop
     vertex  1.600000e+01  3.221757e+00  3.757247e+01
     vertex  1.600000e+01  3.175761e+00  3.730932e+01
     vertex  1.600000e+01  3.155642e+00  3.722255e+01
   endloop
 endfacet
 facet normal -1.000000e+00  0.000000e+00  0.000000e+00
   outer loop
     vertex  1.600000e+01  3.221757e+00  3.757247e+01
     vertex  1.600000e+01  3.193496e+00  3.739661e+01
     vertex  1.600000e+01  3.175761e+00  3.730932e+01
   endloop
 endfacet
 facet normal -1.000000e+00  0.000000e+00  0.000000e+00
   outer loop
     vertex  1.600000e+01  3.221757e+00  3.757247e+01
     vertex  1.600000e+01  3.208832e+00  3.748435e+01
     vertex  1.600000e+01  3.193496e+00  3.739661e+01
   endloop
 endfacet
 facet normal -1.000000e+00  0.000000e+00  0.000000e+00
   outer loop
     vertex  1.600000e+01  3.998119e-01  3.477469e+01
     vertex  1.600000e+01  5.759153e-01  3.480143e+01
     vertex  1.600000e+01  4.880469e-01  3.478685e+01
   endloop
 endfacet
 facet normal -1.000000e+00  0.000000e+00  0.000000e+00
   outer loop
     vertex  1.600000e+01  3.998119e-01  3.477469e+01
     vertex  1.600000e+01  6.633511e-01  3.481842e+01
     vertex  1.600000e+01  5.759153e-01  3.480143e+01
   endloop
 endfacet
 facet normal -1.000000e+00  0.000000e+00  0.000000e+00
   outer loop
     vertex  1.600000e+01  3.112767e-01  3.476494e+01
     vertex  1.600000e+01  9.224083e-01  3.488365e+01
     vertex  1.600000e+01  6.633511e-01  3.481842e+01
   endloop
 endfacet
 facet normal -1.000000e+00  0.000000e+00  0.000000e+00
   outer loop
     vertex  1.600000e+01  3.112767e-01  3.476494e+01
     vertex  1.600000e+01  6.633511e-01  3.481842e+01
     vertex  1.600000e+01  3.998119e-01  3.477469e+01
   endloop
 endfacet
 facet normal -1.000000e+00  0.000000e+00  0.000000e+00
   outer loop
     vertex  1.600000e+01  3.112767e-01  3.476494e+01
     vertex  1.600000e+01  1.007461e+00  3.491009e+01
     vertex  1.600000e+01  9.224083e-01  3.488365e+01
   endloop
 endfacet
 facet normal -1.000000e+00  0.000000e+00  0.000000e+00
   outer loop
     vertex  1.600000e+01  3.240341e+00  3.774962e+01
     vertex  1.600000e+01  3.232263e+00  3.766092e+01
     vertex  1.600000e+01  3.221757e+00  3.757247e+01
   endloop
 endfacet
 facet normal -1.000000e+00  0.000000e+00  0.000000e+00
   outer loop
     vertex  1.600000e+01  3.245986e+00  3.783852e+01
     vertex  1.600000e+01  3.240341e+00  3.774962e+01
     vertex  1.600000e+01  3.221757e+00  3.757247e+01
   endloop
 endfacet
 facet normal -1.000000e+00  0.000000e+00  0.000000e+00
   outer loop
     vertex  1.600000e+01  3.249958e+00  3.801659e+01
     vertex  1.600000e+01  3.249192e+00  3.792753e+01
     vertex  1.600000e+01  3.245986e+00  3.783852e+01
   endloop
 endfacet
 facet normal -1.000000e+00  0.000000e+00  0.000000e+00
   outer loop
     vertex  1.600000e+01  3.244167e+00  3.819462e+01
     vertex  1.600000e+01  3.248282e+00  3.810565e+01
     vertex  1.600000e+01  3.249958e+00  3.801659e+01
   endloop
 endfacet
 facet normal -1.000000e+00  0.000000e+00  0.000000e+00
   outer loop
     vertex  1.600000e+01 -2.225076e-01  3.475763e+01
     vertex  1.600000e+01 -4.453497e-02  3.475031e+01
     vertex  1.600000e+01 -1.335715e-01  3.475275e+01
   endloop
 endfacet
 facet normal -1.000000e+00  0.000000e+00  0.000000e+00
   outer loop
     vertex  1.600000e+01 -3.998119e-01  3.477469e+01
     vertex  1.600000e+01 -2.225076e-01  3.475763e+01
     vertex  1.600000e+01 -3.112767e-01  3.476494e+01
   endloop
 endfacet
 facet normal -1.000000e+00  0.000000e+00  0.000000e+00
   outer loop
     vertex  1.600000e+01  3.217224e+00  3.846040e+01
     vertex  1.600000e+01  3.237616e+00  3.828345e+01
     vertex  1.600000e+01  3.244167e+00  3.819462e+01
   endloop
 endfacet
 facet normal -1.000000e+00  0.000000e+00  0.000000e+00
   outer loop
     vertex  1.600000e+01  3.217224e+00  3.846040e+01
     vertex  1.600000e+01  3.228632e+00  3.837207e+01
     vertex  1.600000e+01  3.237616e+00  3.828345e+01
   endloop
 endfacet
 facet normal -1.000000e+00  0.000000e+00  0.000000e+00
   outer loop
     vertex  1.600000e+01  3.217224e+00  3.846040e+01
     vertex  1.600000e+01  3.244167e+00  3.819462e+01
     vertex  1.600000e+01  3.249958e+00  3.801659e+01
   endloop
 endfacet
 facet normal -1.000000e+00  0.000000e+00  0.000000e+00
   outer loop
     vertex  1.600000e+01  3.217224e+00  3.846040e+01
     vertex  1.600000e+01  3.249958e+00  3.801659e+01
     vertex  1.600000e+01  3.245986e+00  3.783852e+01
   endloop
 endfacet
 facet normal -1.000000e+00  0.000000e+00  0.000000e+00
   outer loop
     vertex  1.600000e+01 -4.880469e-01  3.478685e+01
     vertex  1.600000e+01  4.453497e-02  3.475031e+01
     vertex  1.600000e+01 -4.453497e-02  3.475031e+01
   endloop
 endfacet
 facet normal -1.000000e+00  0.000000e+00  0.000000e+00
   outer loop
     vertex  1.600000e+01 -4.880469e-01  3.478685e+01
     vertex  1.600000e+01 -4.453497e-02  3.475031e+01
     vertex  1.600000e+01 -2.225076e-01  3.475763e+01
   endloop
 endfacet
 facet normal -1.000000e+00  0.000000e+00  0.000000e+00
   outer loop
     vertex  1.600000e+01 -4.880469e-01  3.478685e+01
     vertex  1.600000e+01 -2.225076e-01  3.475763e+01
     vertex  1.600000e+01 -3.998119e-01  3.477469e+01
   endloop
 endfacet
 facet normal -1.000000e+00  0.000000e+00  0.000000e+00
   outer loop
     vertex  1.600000e+01 -6.633511e-01  3.481842e+01
     vertex  1.600000e+01 -4.880469e-01  3.478685e+01
     vertex  1.600000e+01 -5.759153e-01  3.480143e+01
   endloop
 endfacet
 facet normal -1.000000e+00  0.000000e+00  0.000000e+00
   outer loop
     vertex  1.600000e+01  3.168543e+00  3.872307e+01
     vertex  1.600000e+01  3.203399e+00  3.854839e+01
     vertex  1.600000e+01  3.217224e+00  3.846040e+01
   endloop
 endfacet
 facet normal -1.000000e+00  0.000000e+00  0.000000e+00
   outer loop
     vertex  1.600000e+01  3.168543e+00  3.872307e+01
     vertex  1.600000e+01  3.187168e+00  3.863597e+01
     vertex  1.600000e+01  3.203399e+00  3.854839e+01
   endloop
 endfacet
 facet normal -1.000000e+00  0.000000e+00  0.000000e+00
   outer loop
     vertex  1.600000e+01  3.147538e+00  3.880963e+01
     vertex  1.600000e+01  3.168543e+00  3.872307e+01
     vertex  1.600000e+01  3.217224e+00  3.846040e+01
   endloop
 endfacet
 facet normal -1.000000e+00  0.000000e+00  0.000000e+00
   outer loop
     vertex  1.600000e+01  3.147538e+00  3.880963e+01
     vertex  1.600000e+01  3.245986e+00  3.783852e+01
     vertex  1.600000e+01  3.221757e+00  3.757247e+01
   endloop
 endfacet
 facet normal -1.000000e+00  0.000000e+00  0.000000e+00
   outer loop
     vertex  1.600000e+01  3.147538e+00  3.880963e+01
     vertex  1.600000e+01  3.217224e+00  3.846040e+01
     vertex  1.600000e+01  3.245986e+00  3.783852e+01
   endloop
 endfacet
 facet normal -1.000000e+00  0.000000e+00  0.000000e+00
   outer loop
     vertex  1.600000e+01 -8.366627e-01  3.485954e+01
     vertex  1.600000e+01 -4.880469e-01  3.478685e+01
     vertex  1.600000e+01 -6.633511e-01  3.481842e+01
   endloop
 endfacet
 facet normal -1.000000e+00  0.000000e+00  0.000000e+00
   outer loop
     vertex  1.600000e+01 -8.366627e-01  3.485954e+01
     vertex  1.600000e+01 -6.633511e-01  3.481842e+01
     vertex  1.600000e+01 -7.502887e-01  3.483779e+01
   endloop
 endfacet
 facet normal -1.000000e+00  0.000000e+00  0.000000e+00
   outer loop
     vertex  1.600000e+01  3.098454e+00  3.898086e+01
     vertex  1.600000e+01  3.124169e+00  3.889558e+01
     vertex  1.600000e+01  3.147538e+00  3.880963e+01
   endloop
 endfacet
 facet normal -1.000000e+00  0.000000e+00  0.000000e+00
   outer loop
     vertex  1.600000e+01 -1.091757e+00  3.493886e+01
     vertex  1.600000e+01 -9.224083e-01  3.488365e+01
     vertex  1.600000e+01 -1.007461e+00  3.491009e+01
   endloop
 endfacet
 facet normal -1.000000e+00  0.000000e+00  0.000000e+00
   outer loop
     vertex  1.600000e+01 -1.175233e+00  3.496993e+01
     vertex  1.600000e+01 -4.880469e-01  3.478685e+01
     vertex  1.600000e+01 -8.366627e-01  3.485954e+01
   endloop
 endfacet
 facet normal -1.000000e+00  0.000000e+00  0.000000e+00
   outer loop
     vertex  1.600000e+01 -1.175233e+00  3.496993e+01
     vertex  1.600000e+01 -9.224083e-01  3.488365e+01
     vertex  1.600000e+01 -1.091757e+00  3.493886e+01
   endloop
 endfacet
 facet normal -1.000000e+00  0.000000e+00  0.000000e+00
   outer loop
     vertex  1.600000e+01 -1.175233e+00  3.496993e+01
     vertex  1.600000e+01  1.007461e+00  3.491009e+01
     vertex  1.600000e+01  3.112767e-01  3.476494e+01
   endloop
 endfacet
 facet normal -1.000000e+00  0.000000e+00  0.000000e+00
   outer loop
     vertex  1.600000e+01 -1.175233e+00  3.496993e+01
     vertex  1.600000e+01 -8.366627e-01  3.485954e+01
     vertex  1.600000e+01 -9.224083e-01  3.488365e+01
   endloop
 endfacet
 facet normal -1.000000e+00  0.000000e+00  0.000000e+00
   outer loop
     vertex  1.600000e+01 -1.175233e+00  3.496993e+01
     vertex  1.600000e+01  4.453497e-02  3.475031e+01
     vertex  1.600000e+01 -4.880469e-01  3.478685e+01
   endloop
 endfacet
 facet normal -1.000000e+00  0.000000e+00  0.000000e+00
   outer loop
     vertex  1.600000e+01 -1.175233e+00  3.496993e+01
     vertex  1.600000e+01  1.335715e-01  3.475275e+01
     vertex  1.600000e+01  4.453497e-02  3.475031e+01
   endloop
 endfacet
 facet normal -1.000000e+00  0.000000e+00  0.000000e+00
   outer loop
     vertex  1.600000e+01 -1.175233e+00  3.496993e+01
     vertex  1.600000e+01  2.225076e-01  3.475763e+01
     vertex  1.600000e+01  1.335715e-01  3.475275e+01
   endloop
 endfacet
 facet normal -1.000000e+00  0.000000e+00  0.000000e+00
   outer loop
     vertex  1.600000e+01 -1.175233e+00  3.496993e+01
     vertex  1.600000e+01  3.112767e-01  3.476494e+01
     vertex  1.600000e+01  2.225076e-01  3.475763e+01
   endloop
 endfacet
 facet normal -1.000000e+00  0.000000e+00  0.000000e+00
   outer loop
     vertex  1.600000e+01  2.972539e+00  3.931397e+01
     vertex  1.600000e+01  3.070411e+00  3.906540e+01
     vertex  1.600000e+01  3.098454e+00  3.898086e+01
   endloop
 endfacet
 facet normal -1.000000e+00  0.000000e+00  0.000000e+00
   outer loop
     vertex  1.600000e+01  2.972539e+00  3.931397e+01
     vertex  1.600000e+01  3.040062e+00  3.914914e+01
     vertex  1.600000e+01  3.070411e+00  3.906540e+01
   endloop
 endfacet
 facet normal -1.000000e+00  0.000000e+00  0.000000e+00
   outer loop
     vertex  1.600000e+01  2.972539e+00  3.931397e+01
     vertex  1.600000e+01  3.007430e+00  3.923202e+01
     vertex  1.600000e+01  3.040062e+00  3.914914e+01
   endloop
 endfacet
 facet normal -1.000000e+00  0.000000e+00  0.000000e+00
   outer loop
     vertex  1.600000e+01 -1.339475e+00  3.503887e+01
     vertex  1.600000e+01 -1.175233e+00  3.496993e+01
     vertex  1.600000e+01 -1.257827e+00  3.500327e+01
   endloop
 endfacet
 facet normal -1.000000e+00  0.000000e+00  0.000000e+00
   outer loop
     vertex  1.600000e+01  2.935415e+00  3.939493e+01
     vertex  1.600000e+01  3.098454e+00  3.898086e+01
     vertex  1.600000e+01  3.147538e+00  3.880963e+01
   endloop
 endfacet
 facet normal -1.000000e+00  0.000000e+00  0.000000e+00
   outer loop
     vertex  1.600000e+01  2.935415e+00  3.939493e+01
     vertex  1.600000e+01  2.972539e+00  3.931397e+01
     vertex  1.600000e+01  3.098454e+00  3.898086e+01
   endloop
 endfacet
 facet normal -1.000000e+00  0.000000e+00  0.000000e+00
   outer loop
     vertex  1.600000e+01 -1.420118e+00  3.507669e+01
     vertex  1.600000e+01 -1.175233e+00  3.496993e+01
     vertex  1.600000e+01 -1.339475e+00  3.503887e+01
   endloop
 endfacet
 facet normal -1.000000e+00  0.000000e+00  0.000000e+00
   outer loop
     vertex  1.600000e+01 -1.578143e+00  3.515888e+01
     vertex  1.600000e+01 -1.175233e+00  3.496993e+01
     vertex  1.600000e+01 -1.420118e+00  3.507669e+01
   endloop
 endfacet
 facet normal -1.000000e+00  0.000000e+00  0.000000e+00
   outer loop
     vertex  1.600000e+01 -1.578143e+00  3.515888e+01
     vertex  1.600000e+01 -1.420118e+00  3.507669e+01
     vertex  1.600000e+01 -1.499694e+00  3.511670e+01
   endloop
 endfacet
 facet normal -1.000000e+00  0.000000e+00  0.000000e+00
   outer loop
     vertex  1.600000e+01  2.765176e+00  3.970772e+01
     vertex  1.600000e+01  2.896087e+00  3.947485e+01
     vertex  1.600000e+01  2.935415e+00  3.939493e+01
   endloop
 endfacet
 facet normal -1.000000e+00  0.000000e+00  0.000000e+00
   outer loop
     vertex  1.600000e+01  2.765176e+00  3.970772e+01
     vertex  1.600000e+01  2.854583e+00  3.955366e+01
     vertex  1.600000e+01  2.896087e+00  3.947485e+01
   endloop
 endfacet
 facet normal -1.000000e+00  0.000000e+00  0.000000e+00
   outer loop
     vertex  1.600000e+01  2.765176e+00  3.970772e+01
     vertex  1.600000e+01  2.810935e+00  3.963130e+01
     vertex  1.600000e+01  2.854583e+00  3.955366e+01
   endloop
 endfacet
 facet normal -1.000000e+00  0.000000e+00  0.000000e+00
   outer loop
     vertex  1.600000e+01  2.717340e+00  3.978285e+01
     vertex  1.600000e+01  2.935415e+00  3.939493e+01
     vertex  1.600000e+01  3.147538e+00  3.880963e+01
   endloop
 endfacet
 facet normal -1.000000e+00  0.000000e+00  0.000000e+00
   outer loop
     vertex  1.600000e+01  2.717340e+00  3.978285e+01
     vertex  1.600000e+01  2.765176e+00  3.970772e+01
     vertex  1.600000e+01  2.935415e+00  3.939493e+01
   endloop
 endfacet
 facet normal -1.000000e+00  0.000000e+00  0.000000e+00
   outer loop
     vertex  1.600000e+01 -1.806149e+00  3.529809e+01
     vertex  1.600000e+01 -1.655407e+00  3.520319e+01
     vertex  1.600000e+01 -1.731428e+00  3.524961e+01
   endloop
 endfacet
 facet normal -1.000000e+00  0.000000e+00  0.000000e+00
   outer loop
     vertex  1.600000e+01 -1.879512e+00  3.534860e+01
     vertex  1.600000e+01 -1.578143e+00  3.515888e+01
     vertex  1.600000e+01 -1.655407e+00  3.520319e+01
   endloop
 endfacet
 facet normal -1.000000e+00  0.000000e+00  0.000000e+00
   outer loop
     vertex  1.600000e+01 -1.879512e+00  3.534860e+01
     vertex  1.600000e+01 -1.655407e+00  3.520319e+01
     vertex  1.600000e+01 -1.806149e+00  3.529809e+01
   endloop
 endfacet
 facet normal -1.000000e+00  0.000000e+00  0.000000e+00
   outer loop
     vertex  1.600000e+01  2.615583e+00  3.992905e+01
     vertex  1.600000e+01  3.147538e+00  3.880963e+01
     vertex  1.600000e+01  3.221757e+00  3.757247e+01
   endloop
 endfacet
 facet normal -1.000000e+00  0.000000e+00  0.000000e+00
   outer loop
     vertex  1.600000e+01  2.615583e+00  3.992905e+01
     vertex  1.600000e+01  1.879512e+00  3.534860e+01
     vertex  1.600000e+01  1.007461e+00  3.491009e+01
   endloop
 endfacet
 facet normal -1.000000e+00  0.000000e+00  0.000000e+00
   outer loop
     vertex  1.600000e+01  2.615583e+00  3.992905e+01
     vertex  1.600000e+01  3.221757e+00  3.757247e+01
     vertex  1.600000e+01  2.782471e+00  3.632061e+01
   endloop
 endfacet
 facet normal -1.000000e+00  0.000000e+00  0.000000e+00
   outer loop
     vertex  1.600000e+01  2.615583e+00  3.992905e+01
     vertex  1.600000e+01  2.667463e+00  3.985665e+01
     vertex  1.600000e+01  2.717340e+00  3.978285e+01
   endloop
 endfacet
 facet normal -1.000000e+00  0.000000e+00  0.000000e+00
   outer loop
     vertex  1.600000e+01  2.615583e+00  3.992905e+01
     vertex  1.600000e+01  2.717340e+00  3.978285e+01
     vertex  1.600000e+01  3.147538e+00  3.880963e+01
   endloop
 endfacet
 facet normal -1.000000e+00  0.000000e+00 -0.000000e+00
   outer loop
     vertex  1.600000e+01  2.615583e+00  3.992905e+01
     vertex  1.600000e+01  2.782471e+00  3.632061e+01
     vertex  1.600000e+01  2.158315e+00  3.557015e+01
   endloop
 endfacet
 facet normal -1.000000e+00  0.000000e+00  0.000000e+00
   outer loop
     vertex  1.600000e+01  2.615583e+00  3.992905e+01
     vertex  1.600000e+01  2.158315e+00  3.557015e+01
     vertex  1.600000e+01  1.879512e+00  3.534860e+01
   endloop
 endfacet
 facet normal -1.000000e+00  0.000000e+00  0.000000e+00
   outer loop
     vertex  1.600000e+01 -1.951464e+00  3.540110e+01
     vertex  1.600000e+01 -1.578143e+00  3.515888e+01
     vertex  1.600000e+01 -1.879512e+00  3.534860e+01
   endloop
 endfacet
 facet normal -1.000000e+00  0.000000e+00  0.000000e+00
   outer loop
     vertex  1.600000e+01 -2.021951e+00  3.545555e+01
     vertex  1.600000e+01 -1.578143e+00  3.515888e+01
     vertex  1.600000e+01 -1.951464e+00  3.540110e+01
   endloop
 endfacet
 facet normal -1.000000e+00  0.000000e+00  0.000000e+00
   outer loop
     vertex  1.600000e+01 -2.158315e+00  3.557015e+01
     vertex  1.600000e+01 -2.021951e+00  3.545555e+01
     vertex  1.600000e+01 -2.090918e+00  3.551192e+01
   endloop
 endfacet
 facet normal -1.000000e+00  0.000000e+00  0.000000e+00
   outer loop
     vertex  1.600000e+01 -2.350584e+00  3.575562e+01
     vertex  1.600000e+01 -1.175233e+00  3.496993e+01
     vertex  1.600000e+01 -1.578143e+00  3.515888e+01
   endloop
 endfacet
 facet normal -1.000000e+00  0.000000e+00  0.000000e+00
   outer loop
     vertex  1.600000e+01 -2.350584e+00  3.575562e+01
     vertex  1.600000e+01 -2.224091e+00  3.563021e+01
     vertex  1.600000e+01 -2.288197e+00  3.569205e+01
   endloop
 endfacet
 facet normal -1.000000e+00  0.000000e+00  0.000000e+00
   outer loop
     vertex  1.600000e+01 -2.350584e+00  3.575562e+01
     vertex  1.600000e+01 -2.158315e+00  3.557015e+01
     vertex  1.600000e+01 -2.224091e+00  3.563021e+01
   endloop
 endfacet
 facet normal -1.000000e+00  0.000000e+00  0.000000e+00
   outer loop
     vertex  1.600000e+01 -2.350584e+00  3.575562e+01
     vertex  1.600000e+01 -1.578143e+00  3.515888e+01
     vertex  1.600000e+01 -2.021951e+00  3.545555e+01
   endloop
 endfacet
 facet normal -1.000000e+00  0.000000e+00  0.000000e+00
   outer loop
     vertex  1.600000e+01 -2.350584e+00  3.575562e+01
     vertex  1.600000e+01 -2.021951e+00  3.545555e+01
     vertex  1.600000e+01 -2.158315e+00  3.557015e+01
   endloop
 endfacet
 facet normal -1.000000e+00  0.000000e+00  0.000000e+00
   outer loop
     vertex  1.600000e+01 -2.470015e+00  3.588777e+01
     vertex  1.600000e+01 -2.350584e+00  3.575562e+01
     vertex  1.600000e+01 -2.411205e+00  3.582087e+01
   endloop
 endfacet
 facet normal -1.000000e+00  0.000000e+00  0.000000e+00
   outer loop
     vertex  1.600000e+01 -2.470015e+00  3.588777e+01
     vertex  1.600000e+01 -1.175233e+00  3.496993e+01
     vertex  1.600000e+01 -2.350584e+00  3.575562e+01
   endloop
 endfacet
 facet normal -1.000000e+00  0.000000e+00  0.000000e+00
   outer loop
     vertex  1.600000e+01 -2.582027e+00  3.602626e+01
     vertex  1.600000e+01 -2.470015e+00  3.588777e+01
     vertex  1.600000e+01 -2.526970e+00  3.595625e+01
   endloop
 endfacet
 facet normal -1.000000e+00  0.000000e+00  0.000000e+00
   outer loop
     vertex  1.600000e+01 -2.686284e+00  3.617069e+01
     vertex  1.600000e+01 -2.582027e+00  3.602626e+01
     vertex  1.600000e+01 -2.635145e+00  3.609776e+01
   endloop
 endfacet
 facet normal -1.000000e+00  0.000000e+00  0.000000e+00
   outer loop
     vertex  1.600000e+01 -2.686284e+00  3.617069e+01
     vertex  1.600000e+01 -2.470015e+00  3.588777e+01
     vertex  1.600000e+01 -2.582027e+00  3.602626e+01
   endloop
 endfacet
 facet normal -1.000000e+00  0.000000e+00  0.000000e+00
   outer loop
     vertex  1.600000e+01 -2.782471e+00  3.632061e+01
     vertex  1.600000e+01 -2.686284e+00  3.617069e+01
     vertex  1.600000e+01 -2.735405e+00  3.624499e+01
   endloop
 endfacet
 facet normal -1.000000e+00  0.000000e+00  0.000000e+00
   outer loop
     vertex  1.600000e+01 -2.870300e+00  3.647557e+01
     vertex  1.600000e+01 -2.782471e+00  3.632061e+01
     vertex  1.600000e+01 -2.827447e+00  3.639749e+01
   endloop
 endfacet
 facet normal -1.000000e+00  0.000000e+00  0.000000e+00
   outer loop
     vertex  1.600000e+01 -2.910997e+00  3.655480e+01
     vertex  1.600000e+01 -2.782471e+00  3.632061e+01
     vertex  1.600000e+01 -2.870300e+00  3.647557e+01
   endloop
 endfacet
 facet normal -1.000000e+00  0.000000e+00  0.000000e+00
   outer loop
     vertex  1.600000e+01 -2.985802e+00  3.671646e+01
     vertex  1.600000e+01 -2.910997e+00  3.655480e+01
     vertex  1.600000e+01 -2.949507e+00  3.663512e+01
   endloop
 endfacet
 facet normal -1.000000e+00  0.000000e+00  0.000000e+00
   outer loop
     vertex  1.600000e+01 -3.019854e+00  3.679876e+01
     vertex  1.600000e+01 -2.782471e+00  3.632061e+01
     vertex  1.600000e+01 -2.910997e+00  3.655480e+01
   endloop
 endfacet
 facet normal -1.000000e+00  0.000000e+00  0.000000e+00
   outer loop
     vertex  1.600000e+01 -3.019854e+00  3.679876e+01
     vertex  1.600000e+01 -2.910997e+00  3.655480e+01
     vertex  1.600000e+01 -2.985802e+00  3.671646e+01
   endloop
 endfacet
 facet normal -1.000000e+00  0.000000e+00  0.000000e+00
   outer loop
     vertex  1.600000e+01 -3.019854e+00  3.679876e+01
     vertex  1.600000e+01 -2.686284e+00  3.617069e+01
     vertex  1.600000e+01 -2.782471e+00  3.632061e+01
   endloop
 endfacet
 facet normal -1.000000e+00  0.000000e+00  0.000000e+00
   outer loop
     vertex  1.600000e+01 -3.108309e+00  3.705083e+01
     vertex  1.600000e+01 -3.051639e+00  3.688197e+01
     vertex  1.600000e+01 -3.081131e+00  3.696601e+01
   endloop
 endfacet
 facet normal -1.000000e+00  0.000000e+00  0.000000e+00
   outer loop
     vertex  1.600000e+01 -3.108309e+00  3.705083e+01
     vertex  1.600000e+01 -3.019854e+00  3.679876e+01
     vertex  1.600000e+01 -3.051639e+00  3.688197e+01
   endloop
 endfacet
 facet normal -1.000000e+00  0.000000e+00  0.000000e+00
   outer loop
     vertex  1.600000e+01 -3.175761e+00  3.730932e+01
     vertex  1.600000e+01 -3.133152e+00  3.713637e+01
     vertex  1.600000e+01 -3.155642e+00  3.722255e+01
   endloop
 endfacet
 facet normal -1.000000e+00  0.000000e+00  0.000000e+00
   outer loop
     vertex  1.600000e+01 -3.175761e+00  3.730932e+01
     vertex  1.600000e+01 -3.108309e+00  3.705083e+01
     vertex  1.600000e+01 -3.133152e+00  3.713637e+01
   endloop
 endfacet
 facet normal -1.000000e+00  0.000000e+00  0.000000e+00
   outer loop
     vertex  1.600000e+01 -3.208832e+00  3.748435e+01
     vertex  1.600000e+01 -3.175761e+00  3.730932e+01
     vertex  1.600000e+01 -3.193496e+00  3.739661e+01
   endloop
 endfacet
 facet normal -1.000000e+00  0.000000e+00  0.000000e+00
   outer loop
     vertex  1.600000e+01 -3.221757e+00  3.757247e+01
     vertex  1.600000e+01 -3.108309e+00  3.705083e+01
     vertex  1.600000e+01 -3.175761e+00  3.730932e+01
   endloop
 endfacet
 facet normal -1.000000e+00  0.000000e+00  0.000000e+00
   outer loop
     vertex  1.600000e+01 -3.221757e+00  3.757247e+01
     vertex  1.600000e+01 -3.175761e+00  3.730932e+01
     vertex  1.600000e+01 -3.208832e+00  3.748435e+01
   endloop
 endfacet
 facet normal -1.000000e+00  0.000000e+00  0.000000e+00
   outer loop
     vertex  1.600000e+01 -3.240341e+00  3.774962e+01
     vertex  1.600000e+01 -3.221757e+00  3.757247e+01
     vertex  1.600000e+01 -3.232263e+00  3.766092e+01
   endloop
 endfacet
 facet normal -1.000000e+00  0.000000e+00  0.000000e+00
   outer loop
     vertex  1.600000e+01 -3.249192e+00  3.792753e+01
     vertex  1.600000e+01 -3.240341e+00  3.774962e+01
     vertex  1.600000e+01 -3.245986e+00  3.783852e+01
   endloop
 endfacet
 facet normal -1.000000e+00  0.000000e+00  0.000000e+00
   outer loop
     vertex  1.600000e+01 -3.249192e+00  3.792753e+01
     vertex  1.600000e+01 -3.221757e+00  3.757247e+01
     vertex  1.600000e+01 -3.240341e+00  3.774962e+01
   endloop
 endfacet
 facet normal -1.000000e+00  0.000000e+00  0.000000e+00
   outer loop
     vertex  1.600000e+01 -3.244167e+00  3.819462e+01
     vertex  1.600000e+01 -3.249958e+00  3.801659e+01
     vertex  1.600000e+01 -3.248282e+00  3.810565e+01
   endloop
 endfacet
 facet normal -1.000000e+00  0.000000e+00  0.000000e+00
   outer loop
     vertex  1.600000e+01 -3.228632e+00  3.837207e+01
     vertex  1.600000e+01 -3.244167e+00  3.819462e+01
     vertex  1.600000e+01 -3.237616e+00  3.828345e+01
   endloop
 endfacet
 facet normal -1.000000e+00  0.000000e+00  0.000000e+00
   outer loop
     vertex  1.600000e+01 -3.228632e+00  3.837207e+01
     vertex  1.600000e+01 -3.249192e+00  3.792753e+01
     vertex  1.600000e+01 -3.249958e+00  3.801659e+01
   endloop
 endfacet
 facet normal -1.000000e+00  0.000000e+00  0.000000e+00
   outer loop
     vertex  1.600000e+01 -3.228632e+00  3.837207e+01
     vertex  1.600000e+01 -3.249958e+00  3.801659e+01
     vertex  1.600000e+01 -3.244167e+00  3.819462e+01
   endloop
 endfacet
 facet normal -1.000000e+00  0.000000e+00  0.000000e+00
   outer loop
     vertex  1.600000e+01 -3.203399e+00  3.854839e+01
     vertex  1.600000e+01 -3.228632e+00  3.837207e+01
     vertex  1.600000e+01 -3.217224e+00  3.846040e+01
   endloop
 endfacet
 facet normal -1.000000e+00  0.000000e+00  0.000000e+00
   outer loop
     vertex  1.600000e+01 -3.187168e+00  3.863597e+01
     vertex  1.600000e+01 -3.228632e+00  3.837207e+01
     vertex  1.600000e+01 -3.203399e+00  3.854839e+01
   endloop
 endfacet
 facet normal -1.000000e+00  0.000000e+00  0.000000e+00
   outer loop
     vertex  1.600000e+01 -3.168543e+00  3.872307e+01
     vertex  1.600000e+01 -3.228632e+00  3.837207e+01
     vertex  1.600000e+01 -3.187168e+00  3.863597e+01
   endloop
 endfacet
 facet normal -1.000000e+00  0.000000e+00  0.000000e+00
   outer loop
     vertex  1.600000e+01 -3.124169e+00  3.889558e+01
     vertex  1.600000e+01 -3.168543e+00  3.872307e+01
     vertex  1.600000e+01 -3.147538e+00  3.880963e+01
   endloop
 endfacet
 facet normal -1.000000e+00  0.000000e+00  0.000000e+00
   outer loop
     vertex  1.600000e+01 -3.124169e+00  3.889558e+01
     vertex  1.600000e+01 -3.228632e+00  3.837207e+01
     vertex  1.600000e+01 -3.168543e+00  3.872307e+01
   endloop
 endfacet
 facet normal -1.000000e+00  0.000000e+00  0.000000e+00
   outer loop
     vertex  1.600000e+01 -3.070411e+00  3.906540e+01
     vertex  1.600000e+01 -3.124169e+00  3.889558e+01
     vertex  1.600000e+01 -3.098454e+00  3.898086e+01
   endloop
 endfacet
 facet normal -1.000000e+00  0.000000e+00  0.000000e+00
   outer loop
     vertex  1.600000e+01 -3.070411e+00  3.906540e+01
     vertex  1.600000e+01 -3.228632e+00  3.837207e+01
     vertex  1.600000e+01 -3.124169e+00  3.889558e+01
   endloop
 endfacet
 facet normal -1.000000e+00  0.000000e+00  0.000000e+00
   outer loop
     vertex  1.600000e+01 -3.040062e+00  3.914914e+01
     vertex  1.600000e+01 -3.108309e+00  3.705083e+01
     vertex  1.600000e+01 -3.221757e+00  3.757247e+01
   endloop
 endfacet
 facet normal -1.000000e+00  0.000000e+00  0.000000e+00
   outer loop
     vertex  1.600000e+01 -3.040062e+00  3.914914e+01
     vertex  1.600000e+01 -3.221757e+00  3.757247e+01
     vertex  1.600000e+01 -3.249192e+00  3.792753e+01
   endloop
 endfacet
 facet normal -1.000000e+00  0.000000e+00  0.000000e+00
   outer loop
     vertex  1.600000e+01 -3.040062e+00  3.914914e+01
     vertex  1.600000e+01 -3.249192e+00  3.792753e+01
     vertex  1.600000e+01 -3.228632e+00  3.837207e+01
   endloop
 endfacet
 facet normal -1.000000e+00  0.000000e+00  0.000000e+00
   outer loop
     vertex  1.600000e+01 -3.040062e+00  3.914914e+01
     vertex  1.600000e+01 -3.228632e+00  3.837207e+01
     vertex  1.600000e+01 -3.070411e+00  3.906540e+01
   endloop
 endfacet
 facet normal -1.000000e+00  0.000000e+00  0.000000e+00
   outer loop
     vertex  1.600000e+01 -2.972539e+00  3.931397e+01
     vertex  1.600000e+01 -3.040062e+00  3.914914e+01
     vertex  1.600000e+01 -3.007430e+00  3.923202e+01
   endloop
 endfacet
 facet normal -1.000000e+00  0.000000e+00  0.000000e+00
   outer loop
     vertex  1.600000e+01 -2.854583e+00  3.955366e+01
     vertex  1.600000e+01 -2.935415e+00  3.939493e+01
     vertex  1.600000e+01 -2.896087e+00  3.947485e+01
   endloop
 endfacet
 facet normal -1.000000e+00  0.000000e+00  0.000000e+00
   outer loop
     vertex  1.600000e+01 -2.854583e+00  3.955366e+01
     vertex  1.600000e+01 -2.972539e+00  3.931397e+01
     vertex  1.600000e+01 -2.935415e+00  3.939493e+01
   endloop
 endfacet
 facet normal -1.000000e+00  0.000000e+00  0.000000e+00
   outer loop
     vertex  1.600000e+01 -2.854583e+00  3.955366e+01
     vertex  1.600000e+01 -3.040062e+00  3.914914e+01
     vertex  1.600000e+01 -2.972539e+00  3.931397e+01
   endloop
 endfacet
 facet normal -1.000000e+00  0.000000e+00  0.000000e+00
   outer loop
     vertex  1.600000e+01 -2.765176e+00  3.970772e+01
     vertex  1.600000e+01 -2.854583e+00  3.955366e+01
     vertex  1.600000e+01 -2.810935e+00  3.963130e+01
   endloop
 endfacet
 facet normal -1.000000e+00  0.000000e+00  0.000000e+00
   outer loop
     vertex  1.600000e+01 -2.667463e+00  3.985665e+01
     vertex  1.600000e+01 -2.765176e+00  3.970772e+01
     vertex  1.600000e+01 -2.717340e+00  3.978285e+01
   endloop
 endfacet
 facet normal -1.000000e+00  0.000000e+00  0.000000e+00
   outer loop
     vertex  1.600000e+01 -2.667463e+00  3.985665e+01
     vertex  1.600000e+01 -2.854583e+00  3.955366e+01
     vertex  1.600000e+01 -2.765176e+00  3.970772e+01
   endloop
 endfacet
 facet normal -1.000000e+00  0.000000e+00  0.000000e+00
   outer loop
     vertex  1.600000e+01 -2.667463e+00  3.985665e+01
     vertex  1.600000e+01 -3.040062e+00  3.914914e+01
     vertex  1.600000e+01 -2.854583e+00  3.955366e+01
   endloop
 endfacet
 facet normal -1.000000e+00  0.000000e+00 -0.000000e+00
   outer loop
     vertex  1.600000e+01 -2.615583e+00  3.992905e+01
     vertex  1.600000e+01 -2.470015e+00  3.588777e+01
     vertex  1.600000e+01 -2.686284e+00  3.617069e+01
   endloop
 endfacet
 facet normal -1.000000e+00  0.000000e+00  0.000000e+00
   outer loop
     vertex  1.600000e+01 -2.615583e+00  3.992905e+01
     vertex  1.600000e+01 -2.686284e+00  3.617069e+01
     vertex  1.600000e+01 -3.019854e+00  3.679876e+01
   endloop
 endfacet
 facet normal -1.000000e+00  0.000000e+00  0.000000e+00
   outer loop
     vertex  1.600000e+01 -2.615583e+00  3.992905e+01
     vertex  1.600000e+01 -3.019854e+00  3.679876e+01
     vertex  1.600000e+01 -3.108309e+00  3.705083e+01
   endloop
 endfacet
 facet normal -1.000000e+00  0.000000e+00  0.000000e+00
   outer loop
     vertex  1.600000e+01 -2.615583e+00  3.992905e+01
     vertex  1.600000e+01 -3.108309e+00  3.705083e+01
     vertex  1.600000e+01 -3.040062e+00  3.914914e+01
   endloop
 endfacet
 facet normal -1.000000e+00  0.000000e+00  0.000000e+00
   outer loop
     vertex  1.600000e+01 -2.615583e+00  3.992905e+01
     vertex  1.600000e+01 -3.040062e+00  3.914914e+01
     vertex  1.600000e+01 -2.667463e+00  3.985665e+01
   endloop
 endfacet
 facet normal -1.000000e+00  0.000000e+00  0.000000e+00
   outer loop
     vertex  1.600000e+01 -2.561738e+00  4.000000e+01
     vertex  1.600000e+01  1.007461e+00  3.491009e+01
     vertex  1.600000e+01 -1.175233e+00  3.496993e+01
   endloop
 endfacet
 facet normal -1.000000e+00  0.000000e+00  0.000000e+00
   outer loop
     vertex  1.600000e+01 -2.561738e+00  4.000000e+01
     vertex  1.600000e+01  2.561738e+00  4.000000e+01
     vertex  1.600000e+01  2.615583e+00  3.992905e+01
   endloop
 endfacet
 facet normal -1.000000e+00  0.000000e+00  0.000000e+00
   outer loop
     vertex  1.600000e+01 -2.561738e+00  4.000000e+01
     vertex  1.600000e+01  2.615583e+00  3.992905e+01
     vertex  1.600000e+01  1.007461e+00  3.491009e+01
   endloop
 endfacet
 facet normal -1.000000e+00  0.000000e+00  0.000000e+00
   outer loop
     vertex  1.600000e+01 -2.561738e+00  4.000000e+01
     vertex  1.600000e+01 -1.175233e+00  3.496993e+01
     vertex  1.600000e+01 -2.470015e+00  3.588777e+01
   endloop
 endfacet
 facet normal -1.000000e+00  0.000000e+00 -0.000000e+00
   outer loop
     vertex  1.600000e+01 -2.561738e+00  4.000000e+01
     vertex  1.600000e+01 -2.470015e+00  3.588777e+01
     vertex  1.600000e+01 -2.615583e+00  3.992905e+01
   endloop
 endfacet
 facet normal  0.000000e+00  0.000000e+00  1.000000e+00
   outer loop
     vertex  1.600000e+01 -2.561738e+00  4.000000e+01
     vertex  8.000000e+00 -2.561738e+00  4.000000e+01
     vertex  8.000000e+00 -8.000000e+00  4.000000e+01
   endloop
 endfacet
 facet normal  0.000000e+00  0.000000e+00  1.000000e+00
   outer loop
     vertex  1.600000e+01  2.561738e+00  4.000000e+01
     vertex  8.000000e+00  8.000000e+00  4.000000e+01
     vertex  8.000000e+00  2.561738e+00  4.000000e+01
   endloop
 endfacet
 facet normal  0.000000e+00  0.000000e+00  1.000000e+00
   outer loop
     vertex  6.000000e+01 -8.000000e+00  4.000000e+01
     vertex  1.600000e+01 -2.561738e+00  4.000000e+01
     vertex  8.000000e+00 -8.000000e+00  4.000000e+01
   endloop
 endfacet
 facet normal  0.000000e+00  0.000000e+00  1.000000e+00
   outer loop
     vertex  6.000000e+01  8.000000e+00  4.000000e+01
     vertex  1.600000e+01  2.561738e+00  4.000000e+01
     vertex  1.600000e+01 -2.561738e+00  4.000000e+01
   endloop
 endfacet
 facet normal  0.000000e+00  0.000000e+00  1.000000e+00
   outer loop
     vertex  6.000000e+01  8.000000e+00  4.000000e+01
     vertex  1.600000e+01 -2.561738e+00  4.000000e+01
     vertex  6.000000e+01 -8.000000e+00  4.000000e+01
   endloop
 endfacet
 facet normal  0.000000e+00  0.000000e+00  1.000000e+00
   outer loop
     vertex  6.000000e+01  8.000000e+00  4.000000e+01
     vertex  8.000000e+00  8.000000e+00  4.000000e+01
     vertex  1.600000e+01  2.561738e+00  4.000000e+01
   endloop
 endfacet
 facet normal  0.000000e+00  1.000000e+00  0.000000e+00
   outer loop
     vertex  6.000000e+01  8.000000e+00  4.000000e+01
     vertex  6.000000e+01  8.000000e+00  0.000000e+00
     vertex  8.000000e+00  8.000000e+00  0.000000e+00
   endloop
 endfacet
 facet normal  0.000000e+00  1.000000e+00  0.000000e+00
   outer loop
     vertex  6.000000e+01  8.000000e+00  4.000000e+01
     vertex  8.000000e+00  8.000000e+00  0.000000e+00
     vertex  8.000000e+00  8.000000e+00  4.000000e+01
   endloop
 endfacet
 facet normal  0.000000e+00 -1.000000e+00 -0.000000e+00
   outer loop
     vertex  6.000000e+01 -8.000000e+00  4.000000e+01
     vertex  8.000000e+00 -8.000000e+00  0.000000e+00
     vertex  6.000000e+01 -8.000000e+00  0.000000e+00
   endloop
 endfacet
 facet normal -0.000000e+00 -1.000000e+00  0.000000e+00
   outer loop
     vertex  6.000000e+01 -8.000000e+00  4.000000e+01
     vertex  8.000000e+00 -8.000000e+00  4.000000e+01
     vertex  8.000000e+00 -8.000000e+00  0.000000e+00
   endloop
 endfacet
 facet normal -1.000000e+00  0.000000e+00  0.000000e+00
   outer loop
     vertex  6.000000e+01  3.800000e+01  1.400000e+01
     vertex  6.000000e+01  4.200000e+01  0.000000e+00
     vertex  6.000000e+01  3.800000e+01  5.000000e+00
   endloop
 endfacet
 facet normal -1.000000e+00  0.000000e+00  0.000000e+00
   outer loop
     vertex  6.000000e+01  1.600000e+01  5.000000e+00
     vertex  6.000000e+01  3.800000e+01  5.000000e+00
     vertex  6.000000e+01  4.200000e+01  0.000000e+00
   endloop
 endfacet
 facet normal -1.000000e+00  0.000000e+00  0.000000e+00
   outer loop
     vertex  6.000000e+01  8.000000e+00  0.000000e+00
     vertex  6.000000e+01  1.600000e+01  5.000000e+00
     vertex  6.000000e+01  4.200000e+01  0.000000e+00
   endloop
 endfacet
 facet normal -1.000000e+00  0.000000e+00  0.000000e+00
   outer loop
     vertex  6.000000e+01  3.800000e+01  3.100000e+01
     vertex  6.000000e+01  4.200000e+01  0.000000e+00
     vertex  6.000000e+01  3.800000e+01  1.400000e+01
   endloop
 endfacet
 facet normal -1.000000e+00  0.000000e+00 -0.000000e+00
   outer loop
     vertex  6.000000e+01  1.600000e+01  1.400000e+01
     vertex  6.000000e+01  1.600000e+01  5.000000e+00
     vertex  6.000000e+01  8.000000e+00  0.000000e+00
   endloop
 endfacet
 facet normal -1.000000e+00  0.000000e+00  0.000000e+00
   outer loop
     vertex  6.000000e+01  1.600000e+01  1.400000e+01
     vertex  6.000000e+01  3.800000e+01  3.100000e+01
     vertex  6.000000e+01  3.800000e+01  1.400000e+01
   endloop
 endfacet
 facet normal -1.000000e+00  0.000000e+00  0.000000e+00
   outer loop
     vertex  6.000000e+01  4.200000e+01  4.500000e+01
     vertex  6.000000e+01  3.800000e+01  3.100000e+01
     vertex  6.000000e+01  3.800000e+01  4.000000e+01
   endloop
 endfacet
 facet normal -1.000000e+00  0.000000e+00 -0.000000e+00
   outer loop
     vertex  6.000000e+01  4.200000e+01  4.500000e+01
     vertex  6.000000e+01  4.200000e+01  0.000000e+00
     vertex  6.000000e+01  3.800000e+01  3.100000e+01
   endloop
 endfacet
 facet normal -1.000000e+00  0.000000e+00  0.000000e+00
   outer loop
     vertex  6.000000e+01  1.600000e+01  3.100000e+01
     vertex  6.000000e+01  3.800000e+01  3.100000e+01
     vertex  6.000000e+01  1.600000e+01  1.400000e+01
   endloop
 endfacet
 facet normal -1.000000e+00  0.000000e+00  0.000000e+00
   outer loop
     vertex  6.000000e+01  1.600000e+01  4.000000e+01
     vertex  6.000000e+01  4.200000e+01  4.500000e+01
     vertex  6.000000e+01  3.800000e+01  4.000000e+01
   endloop
 endfacet
 facet normal -1.000000e+00  0.000000e+00  0.000000e+00
   outer loop
     vertex  6.000000e+01 -1.600000e+01  1.400000e+01
     vertex  6.000000e+01 -8.000000e+00  0.000000e+00
     vertex  6.000000e+01 -1.600000e+01  5.000000e+00
   endloop
 endfacet
 facet normal -1.000000e+00  0.000000e+00  0.000000e+00
   outer loop
     vertex  6.000000e+01  8.000000e+00  4.000000e+01
     vertex  6.000000e+01  1.600000e+01  4.000000e+01
     vertex  6.000000e+01  1.600000e+01  3.100000e+01
   endloop
 endfacet
 facet normal -1.000000e+00  0.000000e+00  0.000000e+00
   outer loop
     vertex  6.000000e+01 -4.200000e+01  0.000000e+00
     vertex  6.000000e+01 -1.600000e+01  5.000000e+00
     vertex  6.000000e+01 -8.000000e+00  0.000000e+00
   endloop
 endfacet
 facet normal -1.000000e+00  0.000000e+00 -0.000000e+00
   outer loop
     vertex  6.000000e+01 -3.800000e+01  5.000000e+00
     vertex  6.000000e+01 -1.600000e+01  5.000000e+00
     vertex  6.000000e+01 -4.200000e+01  0.000000e+00
   endloop
 endfacet
 facet normal -1.000000e+00  0.000000e+00 -0.000000e+00
   outer loop
     vertex  6.000000e+01 -3.800000e+01  1.400000e+01
     vertex  6.000000e+01 -3.800000e+01  5.000000e+00
     vertex  6.000000e+01 -4.200000e+01  0.000000e+00
   endloop
 endfacet
 facet normal -1.000000e+00  0.000000e+00  0.000000e+00
   outer loop
     vertex  6.000000e+01 -1.600000e+01  4.000000e+01
     vertex  6.000000e+01 -8.000000e+00  4.000000e+01
     vertex  6.000000e+01 -1.600000e+01  3.100000e+01
   endloop
 endfacet
 facet normal -1.000000e+00  0.000000e+00  0.000000e+00
   outer loop
     vertex  6.000000e+01 -3.800000e+01  3.100000e+01
     vertex  6.000000e+01 -1.600000e+01  1.400000e+01
     vertex  6.000000e+01 -3.800000e+01  1.400000e+01
   endloop
 endfacet
 facet normal -1.000000e+00  0.000000e+00  0.000000e+00
   outer loop
     vertex  6.000000e+01 -3.800000e+01  3.100000e+01
     vertex  6.000000e+01 -1.600000e+01  3.100000e+01
     vertex  6.000000e+01 -1.600000e+01  1.400000e+01
   endloop
 endfacet
 facet normal -1.000000e+00  0.000000e+00  0.000000e+00
   outer loop
     vertex  6.000000e+01 -4.200000e+01  4.500000e+01
     vertex  6.000000e+01 -3.800000e+01  4.000000e+01
     vertex  6.000000e+01 -3.800000e+01  3.100000e+01
   endloop
 endfacet
 facet normal -1.000000e+00  0.000000e+00  0.000000e+00
   outer loop
     vertex  6.000000e+01 -4.200000e+01  4.500000e+01
     vertex  6.000000e+01 -1.600000e+01  4.000000e+01
     vertex  6.000000e+01 -3.800000e+01  4.000000e+01
   endloop
 endfacet
 facet normal -1.000000e+00  0.000000e+00  0.000000e+00
   outer loop
     vertex  6.000000e+01 -4.200000e+01  4.500000e+01
     vertex  6.000000e+01 -8.000000e+00  4.000000e+01
     vertex  6.000000e+01 -1.600000e+01  4.000000e+01
   endloop
 endfacet
 facet normal -1.000000e+00 -0.000000e+00  0.000000e+00
   outer loop
     vertex  6.000000e+01  4.200000e+01  4.500000e+01
     vertex  6.000000e+01 -8.000000e+00  4.000000e+01
     vertex  6.000000e+01 -4.200000e+01  4.500000e+01
   endloop
 endfacet
 facet normal -1.000000e+00  0.000000e+00  0.000000e+00
   outer loop
     vertex  6.000000e+01  4.200000e+01  4.500000e+01
     vertex  6.000000e+01  8.000000e+00  4.000000e+01
     vertex  6.000000e+01 -8.000000e+00  4.000000e+01
   endloop
 endfacet
 facet normal -1.000000e+00  0.000000e+00  0.000000e+00
   outer loop
     vertex  6.000000e+01  4.200000e+01  4.500000e+01
     vertex  6.000000e+01  1.600000e+01  4.000000e+01
     vertex  6.000000e+01  8.000000e+00  4.000000e+01
   endloop
 endfacet
 facet normal -1.000000e+00  0.000000e+00  0.000000e+00
   outer loop
     vertex  6.000000e+01 -4.200000e+01  4.500000e+01
     vertex  6.000000e+01 -3.800000e+01  1.400000e+01
     vertex  6.000000e+01 -4.200000e+01  0.000000e+00
   endloop
 endfacet
 facet normal -1.000000e+00  0.000000e+00  0.000000e+00
   outer loop
     vertex  6.000000e+01 -4.200000e+01  4.500000e+01
     vertex  6.000000e+01 -3.800000e+01  3.100000e+01
     vertex  6.000000e+01 -3.800000e+01  1.400000e+01
   endloop
 endfacet
 facet normal -1.000000e+00  0.000000e+00  0.000000e+00
   outer loop
     vertex  6.000000e+01 -8.000000e+00  0.000000e+00
     vertex  6.000000e+01 -1.600000e+01  3.100000e+01
     vertex  6.000000e+01 -8.000000e+00  4.000000e+01
   endloop
 endfacet
 facet normal -1.000000e+00  0.000000e+00  0.000000e+00
   outer loop
     vertex  6.000000e+01 -8.000000e+00  0.000000e+00
     vertex  6.000000e+01 -1.600000e+01  1.400000e+01
     vertex  6.000000e+01 -1.600000e+01  3.100000e+01
   endloop
 endfacet
 facet normal -1.000000e+00  0.000000e+00  0.000000e+00
   outer loop
     vertex  6.000000e+01  8.000000e+00  4.000000e+01
     vertex  6.000000e+01  1.600000e+01  1.400000e+01
     vertex  6.000000e+01  8.000000e+00  0.000000e+00
   endloop
 endfacet
 facet normal -1.000000e+00  0.000000e+00  0.000000e+00
   outer loop
     vertex  6.000000e+01  8.000000e+00  4.000000e+01
     vertex  6.000000e+01  1.600000e+01  3.100000e+01
     vertex  6.000000e+01  1.600000e+01  1.400000e+01
   endloop
 endfacet
 facet normal  0.000000e+00  1.000000e+00  0.000000e+00
   outer loop
     vertex  6.800000e+01  4.200000e+01  4.500000e+01
     vertex  6.800000e+01  4.200000e+01  0.000000e+00
     vertex  6.000000e+01  4.200000e+01  0.000000e+00
   endloop
 endfacet
 facet normal  0.000000e+00  1.000000e+00  0.000000e+00
   outer loop
     vertex  6.800000e+01  4.200000e+01  4.500000e+01
     vertex  6.000000e+01  4.200000e+01  0.000000e+00
     vertex  6.000000e+01  4.200000e+01  4.500000e+01
   endloop
 endfacet
 facet normal  1.000000e+00  0.000000e+00  0.000000e+00
   outer loop
     vertex  6.800000e+01  3.800000e+01  1.400000e+01
     vertex  6.800000e+01  3.800000e+01  5.000000e+00
     vertex  6.800000e+01  4.200000e+01  0.000000e+00
   endloop
 endfacet
 facet normal  1.000000e+00  0.000000e+00  0.000000e+00
   outer loop
     vertex  6.800000e+01  1.624808e+01  0.000000e+00
     vertex  6.800000e+01  4.200000e+01  0.000000e+00
     vertex  6.800000e+01  3.800000e+01  5.000000e+00
   endloop
 endfacet
 facet normal  1.000000e+00 -0.000000e+00  0.000000e+00
   outer loop
     vertex  6.800000e+01  1.624808e+01  5.000000e+00
     vertex  6.800000e+01  1.624808e+01  0.000000e+00
     vertex  6.800000e+01  3.800000e+01  5.000000e+00
   endloop
 endfacet
 facet normal  1.000000e+00  0.000000e+00  0.000000e+00
   outer loop
     vertex  6.800000e+01  3.800000e+01  3.100000e+01
     vertex  6.800000e+01  3.800000e+01  1.400000e+01
     vertex  6.800000e+01  4.200000e+01  0.000000e+00
   endloop
 endfacet
 facet normal  1.000000e+00  0.000000e+00  0.000000e+00
   outer loop
     vertex  6.800000e+01  1.624808e+01  1.400000e+01
     vertex  6.800000e+01  3.800000e+01  1.400000e+01
     vertex  6.800000e+01  3.800000e+01  3.100000e+01
   endloop
 endfacet
 facet normal  1.000000e+00  0.000000e+00  0.000000e+00
   outer loop
     vertex  6.800000e+01  4.200000e+01  4.500000e+01
     vertex  6.800000e+01  3.800000e+01  4.000000e+01
     vertex  6.800000e+01  3.800000e+01  3.100000e+01
   endloop
 endfacet
 facet normal  1.000000e+00  0.000000e+00  0.000000e+00
   outer loop
     vertex  6.800000e+01  4.200000e+01  4.500000e+01
     vertex  6.800000e+01  3.800000e+01  3.100000e+01
     vertex  6.800000e+01  4.200000e+01  0.000000e+00
   endloop
 endfacet
 facet normal  1.000000e+00 -0.000000e+00  0.000000e+00
   outer loop
     vertex  6.800000e+01  1.624808e+01  3.100000e+01
     vertex  6.800000e+01  1.624808e+01  1.400000e+01
     vertex  6.800000e+01  3.800000e+01  3.100000e+01
   endloop
 endfacet
 facet normal  1.000000e+00  0.000000e+00  0.000000e+00
   outer loop
     vertex  6.800000e+01  1.624808e+01  4.500000e+01
     vertex  6.800000e+01  1.624808e+01  4.000000e+01
     vertex  6.800000e+01  3.800000e+01  4.000000e+01
   endloop
 endfacet
 facet normal  1.000000e+00 -0.000000e+00  0.000000e+00
   outer loop
     vertex  6.800000e+01  1.624808e+01  4.500000e+01
     vertex  6.800000e+01  3.800000e+01  4.000000e+01
     vertex  6.800000e+01  4.200000e+01  4.500000e+01
   endloop
 endfacet
 facet normal  7.614048e-01 -6.482768e-01  2.288282e-19
   outer loop
     vertex  6.792985e+01  1.616569e+01  5.000000e+00
     vertex  6.800000e+01  1.624808e+01  0.000000e+00
     vertex  6.800000e+01  1.624808e+01  5.000000e+00
   endloop
 endfacet
 facet normal  7.642036e-01 -6.449751e-01  9.367120e-05
   outer loop
     vertex  6.786006e+01  1.608299e+01  5.000000e+00
     vertex  6.800000e+01  1.624808e+01  0.000000e+00
     vertex  6.792985e+01  1.616569e+01  5.000000e+00
   endloop
 endfacet
 facet normal  7.669880e-01 -6.416614e-01  2.810118e-04
   outer loop
     vertex  6.779063e+01  1.600000e+01  5.000000e+00
     vertex  6.800000e+01  1.624808e+01  0.000000e+00
     vertex  6.786006e+01  1.608299e+01  5.000000e+00
   endloop
 endfacet
 facet normal  7.687718e-01 -6.395230e-01  4.618007e-04
   outer loop
     vertex  6.756496e+01  1.572512e+01  0.000000e+00
     vertex  6.800000e+01  1.624808e+01  0.000000e+00
     vertex  6.779063e+01  1.600000e+01  5.000000e+00
   endloop
 endfacet
 facet normal  7.729077e-01 -6.345184e-01  0.000000e+00
   outer loop
     vertex  6.779063e+01  1.600000e+01  1.400000e+01
     vertex  6.756496e+01  1.572512e+01  0.000000e+00
     vertex  6.779063e+01  1.600000e+01  5.000000e+00
   endloop
 endfacet
 facet normal  7.614048e-01 -6.482768e-01  0.000000e+00
   outer loop
     vertex  6.800000e+01  1.624808e+01  3.100000e+01
     vertex  6.792985e+01  1.616569e+01  1.400000e+01
     vertex  6.800000e+01  1.624808e+01  1.400000e+01
   endloop
 endfacet
 facet normal  7.614048e-01 -6.482768e-01  0.000000e+00
   outer loop
     vertex  6.792985e+01  1.616569e+01  3.100000e+01
     vertex  6.792985e+01  1.616569e+01  1.400000e+01
     vertex  6.800000e+01  1.624808e+01  3.100000e+01
   endloop
 endfacet
 facet normal  7.642036e-01 -6.449751e-01  0.000000e+00
   outer loop
     vertex  6.786006e+01  1.608299e+01  3.100000e+01
     vertex  6.786006e+01  1.608299e+01  1.400000e+01
     vertex  6.792985e+01  1.616569e+01  1.400000e+01
   endloop
 endfacet
 facet normal  7.642036e-01 -6.449751e-01 -1.191067e-19
   outer loop
     vertex  6.786006e+01  1.608299e+01  3.100000e+01
     vertex  6.792985e+01  1.616569e+01  1.400000e+01
     vertex  6.792985e+01  1.616569e+01  3.100000e+01
   endloop
 endfacet
 facet normal  7.669880e-01 -6.416614e-01  0.000000e+00
   outer loop
     vertex  6.779063e+01  1.600000e+01  3.100000e+01
     vertex  6.779063e+01  1.600000e+01  1.400000e+01
     vertex  6.786006e+01  1.608299e+01  1.400000e+01
   endloop
 endfacet
 facet normal  7.669880e-01 -6.416614e-01  2.159516e-19
   outer loop
     vertex  6.779063e+01  1.600000e+01  3.100000e+01
     vertex  6.786006e+01  1.608299e+01  1.400000e+01
     vertex  6.786006e+01  1.608299e+01  3.100000e+01
   endloop
 endfacet
 facet normal  7.858870e-01 -6.183699e-01 -5.262777e-04
   outer loop
     vertex  6.714432e+01  1.519052e+01  0.000000e+00
     vertex  6.756496e+01  1.572512e+01  0.000000e+00
     vertex  6.779063e+01  1.600000e+01  1.400000e+01
   endloop
 endfacet
 facet normal  7.614048e-01 -6.482768e-01  0.000000e+00
   outer loop
     vertex  6.800000e+01  1.624808e+01  4.500000e+01
     vertex  6.792985e+01  1.616569e+01  4.000000e+01
     vertex  6.800000e+01  1.624808e+01  4.000000e+01
   endloop
 endfacet
 facet normal  7.642036e-01 -6.449751e-01 -9.367120e-05
   outer loop
     vertex  6.786006e+01  1.608299e+01  4.000000e+01
     vertex  6.792985e+01  1.616569e+01  4.000000e+01
     vertex  6.800000e+01  1.624808e+01  4.500000e+01
   endloop
 endfacet
 facet normal  7.669880e-01 -6.416614e-01 -2.810118e-04
   outer loop
     vertex  6.779063e+01  1.600000e+01  4.000000e+01
     vertex  6.786006e+01  1.608299e+01  4.000000e+01
     vertex  6.800000e+01  1.624808e+01  4.500000e+01
   endloop
 endfacet
 facet normal  7.729077e-01 -6.345184e-01 -5.852263e-19
   outer loop
     vertex  6.756496e+01  1.572512e+01  4.500000e+01
     vertex  6.779063e+01  1.600000e+01  3.100000e+01
     vertex  6.779063e+01  1.600000e+01  4.000000e+01
   endloop
 endfacet
 facet normal  7.687718e-01 -6.395230e-01 -4.618007e-04
   outer loop
     vertex  6.756496e+01  1.572512e+01  4.500000e+01
     vertex  6.779063e+01  1.600000e+01  4.000000e+01
     vertex  6.800000e+01  1.624808e+01  4.500000e+01
   endloop
 endfacet
 facet normal  7.814688e-01 -6.239443e-01  0.000000e+00
   outer loop
     vertex  6.714432e+01  1.519052e+01  4.500000e+01
     vertex  6.714432e+01  1.519052e+01  0.000000e+00
     vertex  6.779063e+01  1.600000e+01  1.400000e+01
   endloop
 endfacet
 facet normal  7.814688e-01 -6.239443e-01 -2.022838e-18
   outer loop
     vertex  6.714432e+01  1.519052e+01  4.500000e+01
     vertex  6.779063e+01  1.600000e+01  1.400000e+01
     vertex  6.779063e+01  1.600000e+01  3.100000e+01
   endloop
 endfacet
 facet normal  7.858870e-01 -6.183699e-01  5.262777e-04
   outer loop
     vertex  6.714432e+01  1.519052e+01  4.500000e+01
     vertex  6.779063e+01  1.600000e+01  3.100000e+01
     vertex  6.756496e+01  1.572512e+01  4.500000e+01
   endloop
 endfacet
 facet normal  8.024205e-01 -5.967590e-01  0.000000e+00
   outer loop
     vertex  6.673837e+01  1.464467e+01  4.500000e+01
     vertex  6.673837e+01  1.464467e+01  0.000000e+00
     vertex  6.714432e+01  1.519052e+01  0.000000e+00
   endloop
 endfacet
 facet normal  8.024205e-01 -5.967590e-01  4.363615e-19
   outer loop
     vertex  6.673837e+01  1.464467e+01  4.500000e+01
     vertex  6.714432e+01  1.519052e+01  0.000000e+00
     vertex  6.714432e+01  1.519052e+01  4.500000e+01
   endloop
 endfacet
 facet normal  8.183598e-01 -5.747062e-01  0.000000e+00
   outer loop
     vertex  6.634743e+01  1.408798e+01  4.500000e+01
     vertex  6.634743e+01  1.408798e+01  0.000000e+00
     vertex  6.673837e+01  1.464467e+01  0.000000e+00
   endloop
 endfacet
 facet normal  8.336932e-01 -5.522279e-01  0.000000e+00
   outer loop
     vertex  6.634743e+01  1.408798e+01  4.500000e+01
     vertex  6.597177e+01  1.352086e+01  0.000000e+00
     vertex  6.634743e+01  1.408798e+01  0.000000e+00
   endloop
 endfacet
 facet normal  8.183598e-01 -5.747062e-01  4.067134e-19
   outer loop
     vertex  6.634743e+01  1.408798e+01  4.500000e+01
     vertex  6.673837e+01  1.464467e+01  0.000000e+00
     vertex  6.673837e+01  1.464467e+01  4.500000e+01
   endloop
 endfacet
 facet normal  8.336932e-01 -5.522279e-01  0.000000e+00
   outer loop
     vertex  6.597177e+01  1.352086e+01  4.500000e+01
     vertex  6.597177e+01  1.352086e+01  0.000000e+00
     vertex  6.634743e+01  1.408798e+01  4.500000e+01
   endloop
 endfacet
 facet normal  8.484093e-01 -5.293407e-01  0.000000e+00
   outer loop
     vertex  6.561169e+01  1.294373e+01  4.500000e+01
     vertex  6.561169e+01  1.294373e+01  0.000000e+00
     vertex  6.597177e+01  1.352086e+01  0.000000e+00
   endloop
 endfacet
 facet normal  8.624973e-01 -5.060616e-01  0.000000e+00
   outer loop
     vertex  6.561169e+01  1.294373e+01  4.500000e+01
     vertex  6.526744e+01  1.235701e+01  0.000000e+00
     vertex  6.561169e+01  1.294373e+01  0.000000e+00
   endloop
 endfacet
 facet normal  8.484093e-01 -5.293407e-01 -2.403417e-20
   outer loop
     vertex  6.561169e+01  1.294373e+01  4.500000e+01
     vertex  6.597177e+01  1.352086e+01  0.000000e+00
     vertex  6.597177e+01  1.352086e+01  4.500000e+01
   endloop
 endfacet
 facet normal  8.624973e-01 -5.060616e-01  0.000000e+00
   outer loop
     vertex  6.526744e+01  1.235701e+01  4.500000e+01
     vertex  6.526744e+01  1.235701e+01  0.000000e+00
     vertex  6.561169e+01  1.294373e+01  4.500000e+01
   endloop
 endfacet
 facet normal  8.759467e-01 -4.824079e-01  3.609785e-19
   outer loop
     vertex  6.493928e+01  1.176115e+01  4.500000e+01
     vertex  6.526744e+01  1.235701e+01  0.000000e+00
     vertex  6.526744e+01  1.235701e+01  4.500000e+01
   endloop
 endfacet
 facet normal  8.759467e-01 -4.824079e-01  0.000000e+00
   outer loop
     vertex  6.493928e+01  1.176115e+01  4.500000e+01
     vertex  6.493928e+01  1.176115e+01  0.000000e+00
     vertex  6.526744e+01  1.235701e+01  0.000000e+00
   endloop
 endfacet
 facet normal  8.887476e-01 -4.583969e-01  0.000000e+00
   outer loop
     vertex  6.493928e+01  1.176115e+01  4.500000e+01
     vertex  6.462745e+01  1.115658e+01  0.000000e+00
     vertex  6.493928e+01  1.176115e+01  0.000000e+00
   endloop
 endfacet
 facet normal  8.887476e-01 -4.583969e-01  0.000000e+00
   outer loop
     vertex  6.462745e+01  1.115658e+01  4.500000e+01
     vertex  6.462745e+01  1.115658e+01  0.000000e+00
     vertex  6.493928e+01  1.176115e+01  4.500000e+01
   endloop
 endfacet
 facet normal  9.008904e-01 -4.340466e-01  0.000000e+00
   outer loop
     vertex  6.433219e+01  1.054374e+01  4.500000e+01
     vertex  6.433219e+01  1.054374e+01  0.000000e+00
     vertex  6.462745e+01  1.115658e+01  0.000000e+00
   endloop
 endfacet
 facet normal  9.008904e-01 -4.340466e-01 -2.571952e-19
   outer loop
     vertex  6.433219e+01  1.054374e+01  4.500000e+01
     vertex  6.462745e+01  1.115658e+01  0.000000e+00
     vertex  6.462745e+01  1.115658e+01  4.500000e+01
   endloop
 endfacet
 facet normal  9.123663e-01 -4.093749e-01  0.000000e+00
   outer loop
     vertex  6.405372e+01  9.923107e+00  4.500000e+01
     vertex  6.405372e+01  9.923107e+00  0.000000e+00
     vertex  6.433219e+01  1.054374e+01  0.000000e+00
   endloop
 endfacet
 facet normal  9.123663e-01 -4.093749e-01 -3.816766e-19
   outer loop
     vertex  6.405372e+01  9.923107e+00  4.500000e+01
     vertex  6.433219e+01  1.054374e+01  0.000000e+00
     vertex  6.433219e+01  1.054374e+01  4.500000e+01
   endloop
 endfacet
 facet normal  9.231666e-01 -3.844001e-01  0.000000e+00
   outer loop
     vertex  6.379223e+01  9.295121e+00  4.500000e+01
     vertex  6.379223e+01  9.295121e+00  0.000000e+00
     vertex  6.405372e+01  9.923107e+00  0.000000e+00
   endloop
 endfacet
 facet normal  9.332834e-01 -3.591407e-01  0.000000e+00
   outer loop
     vertex  6.379223e+01  9.295121e+00  4.500000e+01
     vertex  6.354792e+01  8.660254e+00  0.000000e+00
     vertex  6.379223e+01  9.295121e+00  0.000000e+00
   endloop
 endfacet
 facet normal  9.231666e-01 -3.844001e-01 -6.093920e-20
   outer loop
     vertex  6.379223e+01  9.295121e+00  4.500000e+01
     vertex  6.405372e+01  9.923107e+00  0.000000e+00
     vertex  6.405372e+01  9.923107e+00  4.500000e+01
   endloop
 endfacet
 facet normal  9.332834e-01 -3.591407e-01  0.000000e+00
   outer loop
     vertex  6.354792e+01  8.660254e+00  4.500000e+01
     vertex  6.354792e+01  8.660254e+00  0.000000e+00
     vertex  6.379223e+01  9.295121e+00  4.500000e+01
   endloop
 endfacet
 facet normal  9.427092e-01 -3.336155e-01  0.000000e+00
   outer loop
     vertex  6.332098e+01  8.018975e+00  4.500000e+01
     vertex  6.332098e+01  8.018975e+00  0.000000e+00
     vertex  6.354792e+01  8.660254e+00  0.000000e+00
   endloop
 endfacet
 facet normal  9.427092e-01 -3.336155e-01 -2.144230e-19
   outer loop
     vertex  6.332098e+01  8.018975e+00  4.500000e+01
     vertex  6.354792e+01  8.660254e+00  0.000000e+00
     vertex  6.354792e+01  8.660254e+00  4.500000e+01
   endloop
 endfacet
 facet normal  9.514371e-01 -3.078432e-01  0.000000e+00
   outer loop
     vertex  6.311157e+01  7.371758e+00  4.500000e+01
     vertex  6.311157e+01  7.371758e+00  0.000000e+00
     vertex  6.332098e+01  8.018975e+00  0.000000e+00
   endloop
 endfacet
 facet normal  9.514371e-01 -3.078432e-01 -2.485902e-19
   outer loop
     vertex  6.311157e+01  7.371758e+00  4.500000e+01
     vertex  6.332098e+01  8.018975e+00  0.000000e+00
     vertex  6.332098e+01  8.018975e+00  4.500000e+01
   endloop
 endfacet
 facet normal  9.594606e-01 -2.818429e-01  0.000000e+00
   outer loop
     vertex  6.291984e+01  6.719084e+00  4.500000e+01
     vertex  6.291984e+01  6.719084e+00  0.000000e+00
     vertex  6.311157e+01  7.371758e+00  0.000000e+00
   endloop
 endfacet
 facet normal  9.667736e-01 -2.556340e-01  0.000000e+00
   outer loop
     vertex  6.291984e+01  6.719084e+00  4.500000e+01
     vertex  6.274595e+01  6.061435e+00  0.000000e+00
     vertex  6.291984e+01  6.719084e+00  0.000000e+00
   endloop
 endfacet
 facet normal  9.594606e-01 -2.818429e-01  3.914058e-19
   outer loop
     vertex  6.291984e+01  6.719084e+00  4.500000e+01
     vertex  6.311157e+01  7.371758e+00  0.000000e+00
     vertex  6.311157e+01  7.371758e+00  4.500000e+01
   endloop
 endfacet
 facet normal  9.733709e-01 -2.292359e-01  0.000000e+00
   outer loop
     vertex  6.274595e+01  6.061435e+00  4.500000e+01
     vertex  6.259001e+01  5.399298e+00  0.000000e+00
     vertex  6.274595e+01  6.061435e+00  0.000000e+00
   endloop
 endfacet
 facet normal  9.667736e-01 -2.556340e-01  0.000000e+00
   outer loop
     vertex  6.274595e+01  6.061435e+00  4.500000e+01
     vertex  6.274595e+01  6.061435e+00  0.000000e+00
     vertex  6.291984e+01  6.719084e+00  4.500000e+01
   endloop
 endfacet
 facet normal  9.733709e-01 -2.292359e-01  0.000000e+00
   outer loop
     vertex  6.259001e+01  5.399298e+00  4.500000e+01
     vertex  6.259001e+01  5.399298e+00  0.000000e+00
     vertex  6.274595e+01  6.061435e+00  4.500000e+01
   endloop
 endfacet
 facet normal  9.792475e-01 -2.026680e-01  0.000000e+00
   outer loop
     vertex  6.245215e+01  4.733164e+00  4.500000e+01
     vertex  6.245215e+01  4.733164e+00  0.000000e+00
     vertex  6.259001e+01  5.399298e+00  0.000000e+00
   endloop
 endfacet
 facet normal  9.792475e-01 -2.026680e-01 -1.830907e-19
   outer loop
     vertex  6.245215e+01  4.733164e+00  4.500000e+01
     vertex  6.259001e+01  5.399298e+00  0.000000e+00
     vertex  6.259001e+01  5.399298e+00  4.500000e+01
   endloop
 endfacet
 facet normal  9.843991e-01 -1.759501e-01  0.000000e+00
   outer loop
     vertex  6.233246e+01  4.063525e+00  4.500000e+01
     vertex  6.233246e+01  4.063525e+00  0.000000e+00
     vertex  6.245215e+01  4.733164e+00  0.000000e+00
   endloop
 endfacet
 facet normal  9.843991e-01 -1.759501e-01  6.472824e-20
   outer loop
     vertex  6.233246e+01  4.063525e+00  4.500000e+01
     vertex  6.245215e+01  4.733164e+00  0.000000e+00
     vertex  6.245215e+01  4.733164e+00  4.500000e+01
   endloop
 endfacet
 facet normal  9.888218e-01 -1.491019e-01  0.000000e+00
   outer loop
     vertex  6.223103e+01  3.390878e+00  4.500000e+01
     vertex  6.223103e+01  3.390878e+00  0.000000e+00
     vertex  6.233246e+01  4.063525e+00  0.000000e+00
   endloop
 endfacet
 facet normal  9.925125e-01 -1.221433e-01  0.000000e+00
   outer loop
     vertex  6.223103e+01  3.390878e+00  4.500000e+01
     vertex  6.214794e+01  2.715720e+00  0.000000e+00
     vertex  6.223103e+01  3.390878e+00  0.000000e+00
   endloop
 endfacet
 facet normal  9.888218e-01 -1.491019e-01 -1.423599e-19
   outer loop
     vertex  6.223103e+01  3.390878e+00  4.500000e+01
     vertex  6.233246e+01  4.063525e+00  0.000000e+00
     vertex  6.233246e+01  4.063525e+00  4.500000e+01
   endloop
 endfacet
 facet normal  9.925125e-01 -1.221433e-01  0.000000e+00
   outer loop
     vertex  6.214794e+01  2.715720e+00  4.500000e+01
     vertex  6.214794e+01  2.715720e+00  0.000000e+00
     vertex  6.223103e+01  3.390878e+00  4.500000e+01
   endloop
 endfacet
 facet normal  9.954683e-01 -9.509422e-02  0.000000e+00
   outer loop
     vertex  6.208325e+01  2.038551e+00  4.500000e+01
     vertex  6.208325e+01  2.038551e+00  0.000000e+00
     vertex  6.214794e+01  2.715720e+00  0.000000e+00
   endloop
 endfacet
 facet normal  9.954683e-01 -9.509422e-02  1.153188e-20
   outer loop
     vertex  6.208325e+01  2.038551e+00  4.500000e+01
     vertex  6.214794e+01  2.715720e+00  0.000000e+00
     vertex  6.214794e+01  2.715720e+00  4.500000e+01
   endloop
 endfacet
 facet normal  9.976870e-01 -6.797478e-02  0.000000e+00
   outer loop
     vertex  6.203701e+01  1.359873e+00  4.500000e+01
     vertex  6.203701e+01  1.359873e+00  0.000000e+00
     vertex  6.208325e+01  2.038551e+00  0.000000e+00
   endloop
 endfacet
 facet normal  9.976870e-01 -6.797478e-02 -2.791905e-20
   outer loop
     vertex  6.203701e+01  1.359873e+00  4.500000e+01
     vertex  6.208325e+01  2.038551e+00  0.000000e+00
     vertex  6.208325e+01  2.038551e+00  4.500000e+01
   endloop
 endfacet
 facet normal  9.991671e-01 -4.080501e-02  0.000000e+00
   outer loop
     vertex  6.200925e+01  6.801884e-01  4.500000e+01
     vertex  6.200925e+01  6.801884e-01  0.000000e+00
     vertex  6.203701e+01  1.359873e+00  0.000000e+00
   endloop
 endfacet
 facet normal  9.991671e-01 -4.080501e-02 -2.774573e-20
   outer loop
     vertex  6.200925e+01  6.801884e-01  4.500000e+01
     vertex  6.203701e+01  1.359873e+00  0.000000e+00
     vertex  6.203701e+01  1.359873e+00  4.500000e+01
   endloop
 endfacet
 facet normal  9.999074e-01 -1.360503e-02  0.000000e+00
   outer loop
     vertex  6.200000e+01 -1.301651e-13  4.500000e+01
     vertex  6.200000e+01 -1.301651e-13  0.000000e+00
     vertex  6.200925e+01  6.801884e-01  0.000000e+00
   endloop
 endfacet
 facet normal  9.999074e-01 -1.360503e-02 -8.066938e-22
   outer loop
     vertex  6.200000e+01 -1.301651e-13  4.500000e+01
     vertex  6.200925e+01  6.801884e-01  0.000000e+00
     vertex  6.200925e+01  6.801884e-01  4.500000e+01
   endloop
 endfacet
 facet normal  9.999074e-01  1.360503e-02  0.000000e+00
   outer loop
     vertex  6.200925e+01 -6.801884e-01  4.500000e+01
     vertex  6.200925e+01 -6.801884e-01  0.000000e+00
     vertex  6.200000e+01 -1.301651e-13  0.000000e+00
   endloop
 endfacet
 facet normal  9.999074e-01  1.360503e-02 -5.038758e-21
   outer loop
     vertex  6.200925e+01 -6.801884e-01  4.500000e+01
     vertex  6.200000e+01 -1.301651e-13  0.000000e+00
     vertex  6.200000e+01 -1.301651e-13  4.500000e+01
   endloop
 endfacet
 facet normal  9.991671e-01  4.080501e-02  0.000000e+00
   outer loop
     vertex  6.203701e+01 -1.359873e+00  4.500000e+01
     vertex  6.203701e+01 -1.359873e+00  0.000000e+00
     vertex  6.200925e+01 -6.801884e-01  0.000000e+00
   endloop
 endfacet
 facet normal  9.976870e-01  6.797478e-02  0.000000e+00
   outer loop
     vertex  6.203701e+01 -1.359873e+00  4.500000e+01
     vertex  6.208325e+01 -2.038551e+00  0.000000e+00
     vertex  6.203701e+01 -1.359873e+00  0.000000e+00
   endloop
 endfacet
 facet normal  9.991671e-01  4.080501e-02 -2.291889e-20
   outer loop
     vertex  6.203701e+01 -1.359873e+00  4.500000e+01
     vertex  6.200925e+01 -6.801884e-01  0.000000e+00
     vertex  6.200925e+01 -6.801884e-01  4.500000e+01
   endloop
 endfacet
 facet normal  9.976870e-01  6.797478e-02  0.000000e+00
   outer loop
     vertex  6.208325e+01 -2.038551e+00  4.500000e+01
     vertex  6.208325e+01 -2.038551e+00  0.000000e+00
     vertex  6.203701e+01 -1.359873e+00  4.500000e+01
   endloop
 endfacet
 facet normal  9.954683e-01  9.509422e-02  0.000000e+00
   outer loop
     vertex  6.214794e+01 -2.715720e+00  4.500000e+01
     vertex  6.214794e+01 -2.715720e+00  0.000000e+00
     vertex  6.208325e+01 -2.038551e+00  0.000000e+00
   endloop
 endfacet
 facet normal  9.954683e-01  9.509422e-02  8.791694e-20
   outer loop
     vertex  6.214794e+01 -2.715720e+00  4.500000e+01
     vertex  6.208325e+01 -2.038551e+00  0.000000e+00
     vertex  6.208325e+01 -2.038551e+00  4.500000e+01
   endloop
 endfacet
 facet normal  9.925125e-01  1.221433e-01  0.000000e+00
   outer loop
     vertex  6.223103e+01 -3.390878e+00  4.500000e+01
     vertex  6.223103e+01 -3.390878e+00  0.000000e+00
     vertex  6.214794e+01 -2.715720e+00  0.000000e+00
   endloop
 endfacet
 facet normal  9.925125e-01  1.221433e-01 -3.636450e-20
   outer loop
     vertex  6.223103e+01 -3.390878e+00  4.500000e+01
     vertex  6.214794e+01 -2.715720e+00  0.000000e+00
     vertex  6.214794e+01 -2.715720e+00  4.500000e+01
   endloop
 endfacet
 facet normal  9.888218e-01  1.491019e-01 -2.240827e-19
   outer loop
     vertex  6.233246e+01 -4.063525e+00  4.500000e+01
     vertex  6.223103e+01 -3.390878e+00  0.000000e+00
     vertex  6.223103e+01 -3.390878e+00  4.500000e+01
   endloop
 endfacet
 facet normal  9.888218e-01  1.491019e-01  0.000000e+00
   outer loop
     vertex  6.233246e+01 -4.063525e+00  4.500000e+01
     vertex  6.233246e+01 -4.063525e+00  0.000000e+00
     vertex  6.223103e+01 -3.390878e+00  0.000000e+00
   endloop
 endfacet
 facet normal  9.843991e-01  1.759501e-01  0.000000e+00
   outer loop
     vertex  6.233246e+01 -4.063525e+00  4.500000e+01
     vertex  6.245215e+01 -4.733164e+00  0.000000e+00
     vertex  6.233246e+01 -4.063525e+00  0.000000e+00
   endloop
 endfacet
 facet normal  9.843991e-01  1.759501e-01  0.000000e+00
   outer loop
     vertex  6.245215e+01 -4.733164e+00  4.500000e+01
     vertex  6.245215e+01 -4.733164e+00  0.000000e+00
     vertex  6.233246e+01 -4.063525e+00  4.500000e+01
   endloop
 endfacet
 facet normal  9.792475e-01  2.026680e-01  0.000000e+00
   outer loop
     vertex  6.245215e+01 -4.733164e+00  4.500000e+01
     vertex  6.259001e+01 -5.399298e+00  0.000000e+00
     vertex  6.245215e+01 -4.733164e+00  0.000000e+00
   endloop
 endfacet
 facet normal  9.792475e-01  2.026680e-01  0.000000e+00
   outer loop
     vertex  6.259001e+01 -5.399298e+00  4.500000e+01
     vertex  6.259001e+01 -5.399298e+00  0.000000e+00
     vertex  6.245215e+01 -4.733164e+00  4.500000e+01
   endloop
 endfacet
 facet normal  9.733709e-01  2.292359e-01  0.000000e+00
   outer loop
     vertex  6.259001e+01 -5.399298e+00  4.500000e+01
     vertex  6.274595e+01 -6.061435e+00  0.000000e+00
     vertex  6.259001e+01 -5.399298e+00  0.000000e+00
   endloop
 endfacet
 facet normal  9.733709e-01  2.292359e-01  0.000000e+00
   outer loop
     vertex  6.274595e+01 -6.061435e+00  4.500000e+01
     vertex  6.274595e+01 -6.061435e+00  0.000000e+00
     vertex  6.259001e+01 -5.399298e+00  4.500000e+01
   endloop
 endfacet
 facet normal  9.667736e-01  2.556340e-01  0.000000e+00
   outer loop
     vertex  6.274595e+01 -6.061435e+00  4.500000e+01
     vertex  6.291984e+01 -6.719084e+00  0.000000e+00
     vertex  6.274595e+01 -6.061435e+00  0.000000e+00
   endloop
 endfacet
 facet normal  9.667736e-01  2.556340e-01  0.000000e+00
   outer loop
     vertex  6.291984e+01 -6.719084e+00  4.500000e+01
     vertex  6.291984e+01 -6.719084e+00  0.000000e+00
     vertex  6.274595e+01 -6.061435e+00  4.500000e+01
   endloop
 endfacet
 facet normal  9.594606e-01  2.818429e-01  4.385726e-19
   outer loop
     vertex  6.311157e+01 -7.371758e+00  4.500000e+01
     vertex  6.291984e+01 -6.719084e+00  0.000000e+00
     vertex  6.291984e+01 -6.719084e+00  4.500000e+01
   endloop
 endfacet
 facet normal  9.594606e-01  2.818429e-01  0.000000e+00
   outer loop
     vertex  6.311157e+01 -7.371758e+00  4.500000e+01
     vertex  6.311157e+01 -7.371758e+00  0.000000e+00
     vertex  6.291984e+01 -6.719084e+00  0.000000e+00
   endloop
 endfacet
 facet normal  9.514371e-01  3.078432e-01 -2.808931e-19
   outer loop
     vertex  6.332098e+01 -8.018975e+00  4.500000e+01
     vertex  6.311157e+01 -7.371758e+00  0.000000e+00
     vertex  6.311157e+01 -7.371758e+00  4.500000e+01
   endloop
 endfacet
 facet normal  9.514371e-01  3.078432e-01  0.000000e+00
   outer loop
     vertex  6.332098e+01 -8.018975e+00  4.500000e+01
     vertex  6.332098e+01 -8.018975e+00  0.000000e+00
     vertex  6.311157e+01 -7.371758e+00  0.000000e+00
   endloop
 endfacet
 facet normal  9.427092e-01  3.336155e-01  1.066521e-19
   outer loop
     vertex  6.354792e+01 -8.660254e+00  4.500000e+01
     vertex  6.332098e+01 -8.018975e+00  0.000000e+00
     vertex  6.332098e+01 -8.018975e+00  4.500000e+01
   endloop
 endfacet
 facet normal  9.427092e-01  3.336155e-01  0.000000e+00
   outer loop
     vertex  6.354792e+01 -8.660254e+00  4.500000e+01
     vertex  6.354792e+01 -8.660254e+00  0.000000e+00
     vertex  6.332098e+01 -8.018975e+00  0.000000e+00
   endloop
 endfacet
 facet normal  9.332834e-01  3.591407e-01  1.331266e-20
   outer loop
     vertex  6.379223e+01 -9.295121e+00  4.500000e+01
     vertex  6.354792e+01 -8.660254e+00  0.000000e+00
     vertex  6.354792e+01 -8.660254e+00  4.500000e+01
   endloop
 endfacet
 facet normal  9.332834e-01  3.591407e-01  0.000000e+00
   outer loop
     vertex  6.379223e+01 -9.295121e+00  4.500000e+01
     vertex  6.379223e+01 -9.295121e+00  0.000000e+00
     vertex  6.354792e+01 -8.660254e+00  0.000000e+00
   endloop
 endfacet
 facet normal  9.231666e-01  3.844001e-01  8.424960e-21
   outer loop
     vertex  6.405372e+01 -9.923107e+00  4.500000e+01
     vertex  6.379223e+01 -9.295121e+00  0.000000e+00
     vertex  6.379223e+01 -9.295121e+00  4.500000e+01
   endloop
 endfacet
 facet normal  9.231666e-01  3.844001e-01  0.000000e+00
   outer loop
     vertex  6.405372e+01 -9.923107e+00  4.500000e+01
     vertex  6.405372e+01 -9.923107e+00  0.000000e+00
     vertex  6.379223e+01 -9.295121e+00  0.000000e+00
   endloop
 endfacet
 facet normal  9.123663e-01  4.093749e-01  2.208095e-19
   outer loop
     vertex  6.433219e+01 -1.054374e+01  4.500000e+01
     vertex  6.405372e+01 -9.923107e+00  0.000000e+00
     vertex  6.405372e+01 -9.923107e+00  4.500000e+01
   endloop
 endfacet
 facet normal  9.123663e-01  4.093749e-01  0.000000e+00
   outer loop
     vertex  6.433219e+01 -1.054374e+01  4.500000e+01
     vertex  6.433219e+01 -1.054374e+01  0.000000e+00
     vertex  6.405372e+01 -9.923107e+00  0.000000e+00
   endloop
 endfacet
 facet normal  9.008904e-01  4.340466e-01  0.000000e+00
   outer loop
     vertex  6.433219e+01 -1.054374e+01  4.500000e+01
     vertex  6.462745e+01 -1.115658e+01  0.000000e+00
     vertex  6.433219e+01 -1.054374e+01  0.000000e+00
   endloop
 endfacet
 facet normal  9.008904e-01  4.340466e-01  0.000000e+00
   outer loop
     vertex  6.462745e+01 -1.115658e+01  4.500000e+01
     vertex  6.462745e+01 -1.115658e+01  0.000000e+00
     vertex  6.433219e+01 -1.054374e+01  4.500000e+01
   endloop
 endfacet
 facet normal  8.887476e-01  4.583969e-01  0.000000e+00
   outer loop
     vertex  6.493928e+01 -1.176115e+01  4.500000e+01
     vertex  6.493928e+01 -1.176115e+01  0.000000e+00
     vertex  6.462745e+01 -1.115658e+01  0.000000e+00
   endloop
 endfacet
 facet normal  8.887476e-01  4.583969e-01  3.673366e-20
   outer loop
     vertex  6.493928e+01 -1.176115e+01  4.500000e+01
     vertex  6.462745e+01 -1.115658e+01  0.000000e+00
     vertex  6.462745e+01 -1.115658e+01  4.500000e+01
   endloop
 endfacet
 facet normal  8.759467e-01  4.824079e-01  0.000000e+00
   outer loop
     vertex  6.526744e+01 -1.235701e+01  4.500000e+01
     vertex  6.526744e+01 -1.235701e+01  0.000000e+00
     vertex  6.493928e+01 -1.176115e+01  0.000000e+00
   endloop
 endfacet
 facet normal  8.759467e-01  4.824079e-01 -4.317257e-19
   outer loop
     vertex  6.526744e+01 -1.235701e+01  4.500000e+01
     vertex  6.493928e+01 -1.176115e+01  0.000000e+00
     vertex  6.493928e+01 -1.176115e+01  4.500000e+01
   endloop
 endfacet
 facet normal  8.624973e-01  5.060616e-01  0.000000e+00
   outer loop
     vertex  6.561169e+01 -1.294373e+01  4.500000e+01
     vertex  6.561169e+01 -1.294373e+01  0.000000e+00
     vertex  6.526744e+01 -1.235701e+01  0.000000e+00
   endloop
 endfacet
 facet normal  8.624973e-01  5.060616e-01 -3.812634e-19
   outer loop
     vertex  6.561169e+01 -1.294373e+01  4.500000e+01
     vertex  6.526744e+01 -1.235701e+01  0.000000e+00
     vertex  6.526744e+01 -1.235701e+01  4.500000e+01
   endloop
 endfacet
 facet normal  8.484093e-01  5.293407e-01  0.000000e+00
   outer loop
     vertex  6.597177e+01 -1.352086e+01  4.500000e+01
     vertex  6.597177e+01 -1.352086e+01  0.000000e+00
     vertex  6.561169e+01 -1.294373e+01  0.000000e+00
   endloop
 endfacet
 facet normal  8.484093e-01  5.293407e-01 -3.391244e-19
   outer loop
     vertex  6.597177e+01 -1.352086e+01  4.500000e+01
     vertex  6.561169e+01 -1.294373e+01  0.000000e+00
     vertex  6.561169e+01 -1.294373e+01  4.500000e+01
   endloop
 endfacet
 facet normal  8.336932e-01  5.522279e-01  0.000000e+00
   outer loop
     vertex  6.634743e+01 -1.408798e+01  4.500000e+01
     vertex  6.634743e+01 -1.408798e+01  0.000000e+00
     vertex  6.597177e+01 -1.352086e+01  0.000000e+00
   endloop
 endfacet
 facet normal  8.183598e-01  5.747062e-01  0.000000e+00
   outer loop
     vertex  6.634743e+01 -1.408798e+01  4.500000e+01
     vertex  6.673837e+01 -1.464467e+01  0.000000e+00
     vertex  6.634743e+01 -1.408798e+01  0.000000e+00
   endloop
 endfacet
 facet normal  8.336932e-01  5.522279e-01 -4.038683e-19
   outer loop
     vertex  6.634743e+01 -1.408798e+01  4.500000e+01
     vertex  6.597177e+01 -1.352086e+01  0.000000e+00
     vertex  6.597177e+01 -1.352086e+01  4.500000e+01
   endloop
 endfacet
 facet normal  8.183598e-01  5.747062e-01  0.000000e+00
   outer loop
     vertex  6.673837e+01 -1.464467e+01  4.500000e+01
     vertex  6.673837e+01 -1.464467e+01  0.000000e+00
     vertex  6.634743e+01 -1.408798e+01  4.500000e+01
   endloop
 endfacet
 facet normal  7.669880e-01  6.416614e-01  2.810118e-04
   outer loop
     vertex  6.800000e+01 -1.624808e+01  0.000000e+00
     vertex  6.779063e+01 -1.600000e+01  5.000000e+00
     vertex  6.786006e+01 -1.608299e+01  5.000000e+00
   endloop
 endfacet
 facet normal  7.687718e-01  6.395230e-01  4.618007e-04
   outer loop
     vertex  6.800000e+01 -1.624808e+01  0.000000e+00
     vertex  6.756496e+01 -1.572512e+01  0.000000e+00
     vertex  6.779063e+01 -1.600000e+01  5.000000e+00
   endloop
 endfacet
 facet normal  8.024205e-01  5.967590e-01  0.000000e+00
   outer loop
     vertex  6.714432e+01 -1.519052e+01  4.500000e+01
     vertex  6.714432e+01 -1.519052e+01  0.000000e+00
     vertex  6.673837e+01 -1.464467e+01  0.000000e+00
   endloop
 endfacet
 facet normal  8.024205e-01  5.967590e-01 -2.996056e-20
   outer loop
     vertex  6.714432e+01 -1.519052e+01  4.500000e+01
     vertex  6.673837e+01 -1.464467e+01  0.000000e+00
     vertex  6.673837e+01 -1.464467e+01  4.500000e+01
   endloop
 endfacet
 facet normal  7.642036e-01  6.449751e-01  9.367120e-05
   outer loop
     vertex  6.792985e+01 -1.616569e+01  5.000000e+00
     vertex  6.800000e+01 -1.624808e+01  0.000000e+00
     vertex  6.786006e+01 -1.608299e+01  5.000000e+00
   endloop
 endfacet
 facet normal  7.858870e-01  6.183699e-01 -5.262777e-04
   outer loop
     vertex  6.779063e+01 -1.600000e+01  1.400000e+01
     vertex  6.756496e+01 -1.572512e+01  0.000000e+00
     vertex  6.714432e+01 -1.519052e+01  0.000000e+00
   endloop
 endfacet
 facet normal  7.729077e-01  6.345184e-01  0.000000e+00
   outer loop
     vertex  6.779063e+01 -1.600000e+01  1.400000e+01
     vertex  6.779063e+01 -1.600000e+01  5.000000e+00
     vertex  6.756496e+01 -1.572512e+01  0.000000e+00
   endloop
 endfacet
 facet normal  7.614048e-01  6.482768e-01  0.000000e+00
   outer loop
     vertex  6.800000e+01 -1.624808e+01  5.000000e+00
     vertex  6.800000e+01 -1.624808e+01  0.000000e+00
     vertex  6.792985e+01 -1.616569e+01  5.000000e+00
   endloop
 endfacet
 facet normal  7.814688e-01  6.239443e-01  6.747715e-19
   outer loop
     vertex  6.779063e+01 -1.600000e+01  3.100000e+01
     vertex  6.714432e+01 -1.519052e+01  0.000000e+00
     vertex  6.714432e+01 -1.519052e+01  4.500000e+01
   endloop
 endfacet
 facet normal  7.814688e-01  6.239443e-01  0.000000e+00
   outer loop
     vertex  6.779063e+01 -1.600000e+01  3.100000e+01
     vertex  6.779063e+01 -1.600000e+01  1.400000e+01
     vertex  6.714432e+01 -1.519052e+01  0.000000e+00
   endloop
 endfacet
 facet normal  7.858870e-01  6.183699e-01  5.262777e-04
   outer loop
     vertex  6.756496e+01 -1.572512e+01  4.500000e+01
     vertex  6.779063e+01 -1.600000e+01  3.100000e+01
     vertex  6.714432e+01 -1.519052e+01  4.500000e+01
   endloop
 endfacet
 facet normal  7.669880e-01  6.416614e-01  0.000000e+00
   outer loop
     vertex  6.786006e+01 -1.608299e+01  3.100000e+01
     vertex  6.786006e+01 -1.608299e+01  1.400000e+01
     vertex  6.779063e+01 -1.600000e+01  1.400000e+01
   endloop
 endfacet
 facet normal  7.669880e-01  6.416614e-01 -2.324535e-19
   outer loop
     vertex  6.786006e+01 -1.608299e+01  3.100000e+01
     vertex  6.779063e+01 -1.600000e+01  1.400000e+01
     vertex  6.779063e+01 -1.600000e+01  3.100000e+01
   endloop
 endfacet
 facet normal  7.642036e-01  6.449751e-01  0.000000e+00
   outer loop
     vertex  6.792985e+01 -1.616569e+01  3.100000e+01
     vertex  6.792985e+01 -1.616569e+01  1.400000e+01
     vertex  6.786006e+01 -1.608299e+01  1.400000e+01
   endloop
 endfacet
 facet normal  7.642036e-01  6.449751e-01 -2.254067e-19
   outer loop
     vertex  6.792985e+01 -1.616569e+01  3.100000e+01
     vertex  6.786006e+01 -1.608299e+01  1.400000e+01
     vertex  6.786006e+01 -1.608299e+01  3.100000e+01
   endloop
 endfacet
 facet normal  7.729077e-01  6.345184e-01  0.000000e+00
   outer loop
     vertex  6.779063e+01 -1.600000e+01  4.000000e+01
     vertex  6.779063e+01 -1.600000e+01  3.100000e+01
     vertex  6.756496e+01 -1.572512e+01  4.500000e+01
   endloop
 endfacet
 facet normal  7.614048e-01  6.482768e-01  0.000000e+00
   outer loop
     vertex  6.800000e+01 -1.624808e+01  3.100000e+01
     vertex  6.800000e+01 -1.624808e+01  1.400000e+01
     vertex  6.792985e+01 -1.616569e+01  1.400000e+01
   endloop
 endfacet
 facet normal  7.614048e-01  6.482768e-01 -1.641321e-19
   outer loop
     vertex  6.800000e+01 -1.624808e+01  3.100000e+01
     vertex  6.792985e+01 -1.616569e+01  1.400000e+01
     vertex  6.792985e+01 -1.616569e+01  3.100000e+01
   endloop
 endfacet
 facet normal  7.687718e-01  6.395230e-01 -4.618007e-04
   outer loop
     vertex  6.800000e+01 -1.624808e+01  4.500000e+01
     vertex  6.779063e+01 -1.600000e+01  4.000000e+01
     vertex  6.756496e+01 -1.572512e+01  4.500000e+01
   endloop
 endfacet
 facet normal  7.669880e-01  6.416614e-01 -2.810118e-04
   outer loop
     vertex  6.800000e+01 -1.624808e+01  4.500000e+01
     vertex  6.786006e+01 -1.608299e+01  4.000000e+01
     vertex  6.779063e+01 -1.600000e+01  4.000000e+01
   endloop
 endfacet
 facet normal  7.642036e-01  6.449751e-01 -9.367120e-05
   outer loop
     vertex  6.800000e+01 -1.624808e+01  4.500000e+01
     vertex  6.792985e+01 -1.616569e+01  4.000000e+01
     vertex  6.786006e+01 -1.608299e+01  4.000000e+01
   endloop
 endfacet
 facet normal  7.614048e-01  6.482768e-01  0.000000e+00
   outer loop
     vertex  6.800000e+01 -1.624808e+01  4.500000e+01
     vertex  6.800000e+01 -1.624808e+01  4.000000e+01
     vertex  6.792985e+01 -1.616569e+01  4.000000e+01
   endloop
 endfacet
 facet normal  1.000000e+00  0.000000e+00  0.000000e+00
   outer loop
     vertex  6.800000e+01 -3.800000e+01  5.000000e+00
     vertex  6.800000e+01 -4.200000e+01  0.000000e+00
     vertex  6.800000e+01 -1.624808e+01  0.000000e+00
   endloop
 endfacet
 facet normal  1.000000e+00 -0.000000e+00  0.000000e+00
   outer loop
     vertex  6.800000e+01 -3.800000e+01  5.000000e+00
     vertex  6.800000e+01 -1.624808e+01  0.000000e+00
     vertex  6.800000e+01 -1.624808e+01  5.000000e+00
   endloop
 endfacet
 facet normal  1.000000e+00  0.000000e+00  0.000000e+00
   outer loop
     vertex  6.800000e+01 -3.800000e+01  1.400000e+01
     vertex  6.800000e+01 -4.200000e+01  0.000000e+00
     vertex  6.800000e+01 -3.800000e+01  5.000000e+00
   endloop
 endfacet
 facet normal  1.000000e+00  0.000000e+00  0.000000e+00
   outer loop
     vertex  6.800000e+01 -3.800000e+01  3.100000e+01
     vertex  6.800000e+01 -3.800000e+01  1.400000e+01
     vertex  6.800000e+01 -1.624808e+01  1.400000e+01
   endloop
 endfacet
 facet normal  1.000000e+00 -0.000000e+00  0.000000e+00
   outer loop
     vertex  6.800000e+01 -3.800000e+01  3.100000e+01
     vertex  6.800000e+01 -1.624808e+01  1.400000e+01
     vertex  6.800000e+01 -1.624808e+01  3.100000e+01
   endloop
 endfacet
 facet normal  1.000000e+00  0.000000e+00  0.000000e+00
   outer loop
     vertex  6.800000e+01 -3.800000e+01  4.000000e+01
     vertex  6.800000e+01 -1.624808e+01  4.000000e+01
     vertex  6.800000e+01 -1.624808e+01  4.500000e+01
   endloop
 endfacet
 facet normal  1.000000e+00  0.000000e+00  0.000000e+00
   outer loop
     vertex  6.800000e+01 -4.200000e+01  4.500000e+01
     vertex  6.800000e+01 -3.800000e+01  3.100000e+01
     vertex  6.800000e+01 -3.800000e+01  4.000000e+01
   endloop
 endfacet
 facet normal  1.000000e+00 -0.000000e+00  0.000000e+00
   outer loop
     vertex  6.800000e+01 -4.200000e+01  4.500000e+01
     vertex  6.800000e+01 -3.800000e+01  4.000000e+01
     vertex  6.800000e+01 -1.624808e+01  4.500000e+01
   endloop
 endfacet
 facet normal  1.000000e+00  0.000000e+00  0.000000e+00
   outer loop
     vertex  6.800000e+01 -4.200000e+01  4.500000e+01
     vertex  6.800000e+01 -4.200000e+01  0.000000e+00
     vertex  6.800000e+01 -3.800000e+01  1.400000e+01
   endloop
 endfacet
 facet normal  1.000000e+00  0.000000e+00  0.000000e+00
   outer loop
     vertex  6.800000e+01 -4.200000e+01  4.500000e+01
     vertex  6.800000e+01 -3.800000e+01  1.400000e+01
     vertex  6.800000e+01 -3.800000e+01  3.100000e+01
   endloop
 endfacet
 facet normal  0.000000e+00 -1.000000e+00 -0.000000e+00
   outer loop
     vertex  6.800000e+01 -4.200000e+01  4.500000e+01
     vertex  6.000000e+01 -4.200000e+01  0.000000e+00
     vertex  6.800000e+01 -4.200000e+01  0.000000e+00
   endloop
 endfacet
 facet normal -0.000000e+00 -1.000000e+00  0.000000e+00
   outer loop
     vertex  6.800000e+01 -4.200000e+01  4.500000e+01
     vertex  6.000000e+01 -4.200000e+01  4.500000e+01
     vertex  6.000000e+01 -4.200000e+01  0.000000e+00
   endloop
 endfacet
 facet normal  0.000000e+00  0.000000e+00  1.000000e+00
   outer loop
     vertex  6.800000e+01 -1.624808e+01  4.500000e+01
     vertex  6.000000e+01 -4.200000e+01  4.500000e+01
     vertex  6.800000e+01 -4.200000e+01  4.500000e+01
   endloop
 endfacet
 facet normal  0.000000e+00  0.000000e+00  1.000000e+00
   outer loop
     vertex  6.756496e+01 -1.572512e+01  4.500000e+01
     vertex  6.000000e+01 -4.200000e+01  4.500000e+01
     vertex  6.800000e+01 -1.624808e+01  4.500000e+01
   endloop
 endfacet
 facet normal  0.000000e+00  0.000000e+00  1.000000e+00
   outer loop
     vertex  6.714432e+01 -1.519052e+01  4.500000e+01
     vertex  6.000000e+01 -4.200000e+01  4.500000e+01
     vertex  6.756496e+01 -1.572512e+01  4.500000e+01
   endloop
 endfacet
 facet normal  0.000000e+00  0.000000e+00  1.000000e+00
   outer loop
     vertex  6.673837e+01 -1.464467e+01  4.500000e+01
     vertex  6.000000e+01 -4.200000e+01  4.500000e+01
     vertex  6.714432e+01 -1.519052e+01  4.500000e+01
   endloop
 endfacet
 facet normal  0.000000e+00  0.000000e+00  1.000000e+00
   outer loop
     vertex  6.634743e+01 -1.408798e+01  4.500000e+01
     vertex  6.000000e+01 -4.200000e+01  4.500000e+01
     vertex  6.673837e+01 -1.464467e+01  4.500000e+01
   endloop
 endfacet
 facet normal  0.000000e+00  0.000000e+00  1.000000e+00
   outer loop
     vertex  6.597177e+01 -1.352086e+01  4.500000e+01
     vertex  6.000000e+01 -4.200000e+01  4.500000e+01
     vertex  6.634743e+01 -1.408798e+01  4.500000e+01
   endloop
 endfacet
 facet normal  0.000000e+00  0.000000e+00  1.000000e+00
   outer loop
     vertex  6.561169e+01 -1.294373e+01  4.500000e+01
     vertex  6.000000e+01 -4.200000e+01  4.500000e+01
     vertex  6.597177e+01 -1.352086e+01  4.500000e+01
   endloop
 endfacet
 facet normal  0.000000e+00  0.000000e+00  1.000000e+00
   outer loop
     vertex  6.526744e+01 -1.235701e+01  4.500000e+01
     vertex  6.000000e+01 -4.200000e+01  4.500000e+01
     vertex  6.561169e+01 -1.294373e+01  4.500000e+01
   endloop
 endfacet
 facet normal  0.000000e+00  0.000000e+00  1.000000e+00
   outer loop
     vertex  6.493928e+01 -1.176115e+01  4.500000e+01
     vertex  6.000000e+01 -4.200000e+01  4.500000e+01
     vertex  6.526744e+01 -1.235701e+01  4.500000e+01
   endloop
 endfacet
 facet normal  0.000000e+00  0.000000e+00  1.000000e+00
   outer loop
     vertex  6.462745e+01 -1.115658e+01  4.500000e+01
     vertex  6.000000e+01 -4.200000e+01  4.500000e+01
     vertex  6.493928e+01 -1.176115e+01  4.500000e+01
   endloop
 endfacet
 facet normal  0.000000e+00  0.000000e+00  1.000000e+00
   outer loop
     vertex  6.433219e+01 -1.054374e+01  4.500000e+01
     vertex  6.000000e+01 -4.200000e+01  4.500000e+01
     vertex  6.462745e+01 -1.115658e+01  4.500000e+01
   endloop
 endfacet
 facet normal  0.000000e+00  0.000000e+00  1.000000e+00
   outer loop
     vertex  6.405372e+01 -9.923107e+00  4.500000e+01
     vertex  6.000000e+01 -4.200000e+01  4.500000e+01
     vertex  6.433219e+01 -1.054374e+01  4.500000e+01
   endloop
 endfacet
 facet normal  0.000000e+00  0.000000e+00  1.000000e+00
   outer loop
     vertex  6.379223e+01 -9.295121e+00  4.500000e+01
     vertex  6.000000e+01 -4.200000e+01  4.500000e+01
     vertex  6.405372e+01 -9.923107e+00  4.500000e+01
   endloop
 endfacet
 facet normal  0.000000e+00  0.000000e+00  1.000000e+00
   outer loop
     vertex  6.354792e+01 -8.660254e+00  4.500000e+01
     vertex  6.000000e+01 -4.200000e+01  4.500000e+01
     vertex  6.379223e+01 -9.295121e+00  4.500000e+01
   endloop
 endfacet
 facet normal  0.000000e+00  0.000000e+00  1.000000e+00
   outer loop
     vertex  6.332098e+01 -8.018975e+00  4.500000e+01
     vertex  6.000000e+01 -4.200000e+01  4.500000e+01
     vertex  6.354792e+01 -8.660254e+00  4.500000e+01
   endloop
 endfacet
 facet normal  0.000000e+00  0.000000e+00  1.000000e+00
   outer loop
     vertex  6.311157e+01 -7.371758e+00  4.500000e+01
     vertex  6.000000e+01 -4.200000e+01  4.500000e+01
     vertex  6.332098e+01 -8.018975e+00  4.500000e+01
   endloop
 endfacet
 facet normal  0.000000e+00  0.000000e+00  1.000000e+00
   outer loop
     vertex  6.291984e+01 -6.719084e+00  4.500000e+01
     vertex  6.000000e+01 -4.200000e+01  4.500000e+01
     vertex  6.311157e+01 -7.371758e+00  4.500000e+01
   endloop
 endfacet
 facet normal  0.000000e+00  0.000000e+00  1.000000e+00
   outer loop
     vertex  6.000000e+01  4.200000e+01  4.500000e+01
     vertex  6.756496e+01  1.572512e+01  4.500000e+01
     vertex  6.800000e+01  1.624808e+01  4.500000e+01
   endloop
 endfacet
 facet normal  0.000000e+00  0.000000e+00  1.000000e+00
   outer loop
     vertex  6.000000e+01  4.200000e+01  4.500000e+01
     vertex  6.714432e+01  1.519052e+01  4.500000e+01
     vertex  6.756496e+01  1.572512e+01  4.500000e+01
   endloop
 endfacet
 facet normal  0.000000e+00  0.000000e+00  1.000000e+00
   outer loop
     vertex  6.000000e+01  4.200000e+01  4.500000e+01
     vertex  6.673837e+01  1.464467e+01  4.500000e+01
     vertex  6.714432e+01  1.519052e+01  4.500000e+01
   endloop
 endfacet
 facet normal  0.000000e+00  0.000000e+00  1.000000e+00
   outer loop
     vertex  6.000000e+01  4.200000e+01  4.500000e+01
     vertex  6.634743e+01  1.408798e+01  4.500000e+01
     vertex  6.673837e+01  1.464467e+01  4.500000e+01
   endloop
 endfacet
 facet normal  0.000000e+00  0.000000e+00  1.000000e+00
   outer loop
     vertex  6.000000e+01  4.200000e+01  4.500000e+01
     vertex  6.597177e+01  1.352086e+01  4.500000e+01
     vertex  6.634743e+01  1.408798e+01  4.500000e+01
   endloop
 endfacet
 facet normal  0.000000e+00  0.000000e+00  1.000000e+00
   outer loop
     vertex  6.000000e+01  4.200000e+01  4.500000e+01
     vertex  6.561169e+01  1.294373e+01  4.500000e+01
     vertex  6.597177e+01  1.352086e+01  4.500000e+01
   endloop
 endfacet
 facet normal  0.000000e+00  0.000000e+00  1.000000e+00
   outer loop
     vertex  6.000000e+01  4.200000e+01  4.500000e+01
     vertex  6.526744e+01  1.235701e+01  4.500000e+01
     vertex  6.561169e+01  1.294373e+01  4.500000e+01
   endloop
 endfacet
 facet normal  0.000000e+00  0.000000e+00  1.000000e+00
   outer loop
     vertex  6.000000e+01  4.200000e+01  4.500000e+01
     vertex  6.493928e+01  1.176115e+01  4.500000e+01
     vertex  6.526744e+01  1.235701e+01  4.500000e+01
   endloop
 endfacet
 facet normal  0.000000e+00  0.000000e+00  1.000000e+00
   outer loop
     vertex  6.000000e+01  4.200000e+01  4.500000e+01
     vertex  6.462745e+01  1.115658e+01  4.500000e+01
     vertex  6.493928e+01  1.176115e+01  4.500000e+01
   endloop
 endfacet
 facet normal  0.000000e+00  0.000000e+00  1.000000e+00
   outer loop
     vertex  6.000000e+01  4.200000e+01  4.500000e+01
     vertex  6.433219e+01  1.054374e+01  4.500000e+01
     vertex  6.462745e+01  1.115658e+01  4.500000e+01
   endloop
 endfacet
 facet normal  0.000000e+00  0.000000e+00  1.000000e+00
   outer loop
     vertex  6.000000e+01  4.200000e+01  4.500000e+01
     vertex  6.405372e+01  9.923107e+00  4.500000e+01
     vertex  6.433219e+01  1.054374e+01  4.500000e+01
   endloop
 endfacet
 facet normal  0.000000e+00  0.000000e+00  1.000000e+00
   outer loop
     vertex  6.000000e+01  4.200000e+01  4.500000e+01
     vertex  6.379223e+01  9.295121e+00  4.500000e+01
     vertex  6.405372e+01  9.923107e+00  4.500000e+01
   endloop
 endfacet
 facet normal  0.000000e+00  0.000000e+00  1.000000e+00
   outer loop
     vertex  6.000000e+01  4.200000e+01  4.500000e+01
     vertex  6.354792e+01  8.660254e+00  4.500000e+01
     vertex  6.379223e+01  9.295121e+00  4.500000e+01
   endloop
 endfacet
 facet normal  0.000000e+00  0.000000e+00  1.000000e+00
   outer loop
     vertex  6.000000e+01  4.200000e+01  4.500000e+01
     vertex  6.332098e+01  8.018975e+00  4.500000e+01
     vertex  6.354792e+01  8.660254e+00  4.500000e+01
   endloop
 endfacet
 facet normal  0.000000e+00  0.000000e+00  1.000000e+00
   outer loop
     vertex  6.000000e+01  4.200000e+01  4.500000e+01
     vertex  6.311157e+01  7.371758e+00  4.500000e+01
     vertex  6.332098e+01  8.018975e+00  4.500000e+01
   endloop
 endfacet
 facet normal  0.000000e+00  0.000000e+00  1.000000e+00
   outer loop
     vertex  6.000000e+01  4.200000e+01  4.500000e+01
     vertex  6.291984e+01  6.719084e+00  4.500000e+01
     vertex  6.311157e+01  7.371758e+00  4.500000e+01
   endloop
 endfacet
 facet normal  0.000000e+00  0.000000e+00  1.000000e+00
   outer loop
     vertex  6.000000e+01  4.200000e+01  4.500000e+01
     vertex  6.274595e+01  6.061435e+00  4.500000e+01
     vertex  6.291984e+01  6.719084e+00  4.500000e+01
   endloop
 endfacet
 facet normal  0.000000e+00  0.000000e+00  1.000000e+00
   outer loop
     vertex  6.000000e+01  4.200000e+01  4.500000e+01
     vertex  6.259001e+01  5.399298e+00  4.500000e+01
     vertex  6.274595e+01  6.061435e+00  4.500000e+01
   endloop
 endfacet
 facet normal  0.000000e+00  0.000000e+00  1.000000e+00
   outer loop
     vertex  6.000000e+01  4.200000e+01  4.500000e+01
     vertex  6.245215e+01  4.733164e+00  4.500000e+01
     vertex  6.259001e+01  5.399298e+00  4.500000e+01
   endloop
 endfacet
 facet normal  0.000000e+00  0.000000e+00  1.000000e+00
   outer loop
     vertex  6.800000e+01  4.200000e+01  4.500000e+01
     vertex  6.000000e+01  4.200000e+01  4.500000e+01
     vertex  6.800000e+01  1.624808e+01  4.500000e+01
   endloop
 endfacet
 facet normal  0.000000e+00  0.000000e+00  1.000000e+00
   outer loop
     vertex  6.000000e+01  4.200000e+01  4.500000e+01
     vertex  6.000000e+01 -4.200000e+01  4.500000e+01
     vertex  6.200000e+01 -1.301651e-13  4.500000e+01
   endloop
 endfacet
 facet normal  0.000000e+00  0.000000e+00  1.000000e+00
   outer loop
     vertex  6.200000e+01 -1.301651e-13  4.500000e+01
     vertex  6.000000e+01 -4.200000e+01  4.500000e+01
     vertex  6.200925e+01 -6.801884e-01  4.500000e+01
   endloop
 endfacet
 facet normal  0.000000e+00  0.000000e+00  1.000000e+00
   outer loop
     vertex  6.200925e+01 -6.801884e-01  4.500000e+01
     vertex  6.000000e+01 -4.200000e+01  4.500000e+01
     vertex  6.203701e+01 -1.359873e+00  4.500000e+01
   endloop
 endfacet
 facet normal  0.000000e+00  0.000000e+00  1.000000e+00
   outer loop
     vertex  6.203701e+01 -1.359873e+00  4.500000e+01
     vertex  6.000000e+01 -4.200000e+01  4.500000e+01
     vertex  6.208325e+01 -2.038551e+00  4.500000e+01
   endloop
 endfacet
 facet normal  0.000000e+00  0.000000e+00  1.000000e+00
   outer loop
     vertex  6.208325e+01 -2.038551e+00  4.500000e+01
     vertex  6.000000e+01 -4.200000e+01  4.500000e+01
     vertex  6.214794e+01 -2.715720e+00  4.500000e+01
   endloop
 endfacet
 facet normal  0.000000e+00  0.000000e+00  1.000000e+00
   outer loop
     vertex  6.214794e+01 -2.715720e+00  4.500000e+01
     vertex  6.000000e+01 -4.200000e+01  4.500000e+01
     vertex  6.223103e+01 -3.390878e+00  4.500000e+01
   endloop
 endfacet
 facet normal  0.000000e+00  0.000000e+00  1.000000e+00
   outer loop
     vertex  6.223103e+01 -3.390878e+00  4.500000e+01
     vertex  6.000000e+01 -4.200000e+01  4.500000e+01
     vertex  6.233246e+01 -4.063525e+00  4.500000e+01
   endloop
 endfacet
 facet normal  0.000000e+00  0.000000e+00  1.000000e+00
   outer loop
     vertex  6.233246e+01 -4.063525e+00  4.500000e+01
     vertex  6.000000e+01 -4.200000e+01  4.500000e+01
     vertex  6.245215e+01 -4.733164e+00  4.500000e+01
   endloop
 endfacet
 facet normal  0.000000e+00  0.000000e+00  1.000000e+00
   outer loop
     vertex  6.245215e+01 -4.733164e+00  4.500000e+01
     vertex  6.000000e+01 -4.200000e+01  4.500000e+01
     vertex  6.259001e+01 -5.399298e+00  4.500000e+01
   endloop
 endfacet
 facet normal  0.000000e+00  0.000000e+00  1.000000e+00
   outer loop
     vertex  6.259001e+01 -5.399298e+00  4.500000e+01
     vertex  6.000000e+01 -4.200000e+01  4.500000e+01
     vertex  6.274595e+01 -6.061435e+00  4.500000e+01
   endloop
 endfacet
 facet normal  0.000000e+00  0.000000e+00  1.000000e+00
   outer loop
     vertex  6.274595e+01 -6.061435e+00  4.500000e+01
     vertex  6.000000e+01 -4.200000e+01  4.500000e+01
     vertex  6.291984e+01 -6.719084e+00  4.500000e+01
   endloop
 endfacet
 facet normal  0.000000e+00  0.000000e+00  1.000000e+00
   outer loop
     vertex  6.000000e+01  4.200000e+01  4.500000e+01
     vertex  6.200000e+01 -1.301651e-13  4.500000e+01
     vertex  6.200925e+01  6.801884e-01  4.500000e+01
   endloop
 endfacet
 facet normal  0.000000e+00  0.000000e+00  1.000000e+00
   outer loop
     vertex  6.000000e+01  4.200000e+01  4.500000e+01
     vertex  6.200925e+01  6.801884e-01  4.500000e+01
     vertex  6.203701e+01  1.359873e+00  4.500000e+01
   endloop
 endfacet
 facet normal  0.000000e+00  0.000000e+00  1.000000e+00
   outer loop
     vertex  6.000000e+01  4.200000e+01  4.500000e+01
     vertex  6.203701e+01  1.359873e+00  4.500000e+01
     vertex  6.208325e+01  2.038551e+00  4.500000e+01
   endloop
 endfacet
 facet normal  0.000000e+00  0.000000e+00  1.000000e+00
   outer loop
     vertex  6.000000e+01  4.200000e+01  4.500000e+01
     vertex  6.208325e+01  2.038551e+00  4.500000e+01
     vertex  6.214794e+01  2.715720e+00  4.500000e+01
   endloop
 endfacet
 facet normal  0.000000e+00  0.000000e+00  1.000000e+00
   outer loop
     vertex  6.000000e+01  4.200000e+01  4.500000e+01
     vertex  6.214794e+01  2.715720e+00  4.500000e+01
     vertex  6.223103e+01  3.390878e+00  4.500000e+01
   endloop
 endfacet
 facet normal  0.000000e+00  0.000000e+00  1.000000e+00
   outer loop
     vertex  6.000000e+01  4.200000e+01  4.500000e+01
     vertex  6.223103e+01  3.390878e+00  4.500000e+01
     vertex  6.233246e+01  4.063525e+00  4.500000e+01
   endloop
 endfacet
 facet normal  0.000000e+00  0.000000e+00  1.000000e+00
   outer loop
     vertex  6.000000e+01  4.200000e+01  4.500000e+01
     vertex  6.233246e+01  4.063525e+00  4.500000e+01
     vertex  6.245215e+01  4.733164e+00  4.500000e+01
   endloop
 endfacet
 facet normal  0.000000e+00  0.000000e+00  1.000000e+00
   outer loop
     vertex  6.786006e+01  1.608299e+01  5.000000e+00
     vertex  6.000000e+01  1.600000e+01  5.000000e+00
     vertex  6.779063e+01  1.600000e+01  5.000000e+00
   endloop
 endfacet
 facet normal  0.000000e+00  0.000000e+00  1.000000e+00
   outer loop
     vertex  6.792985e+01  1.616569e+01  5.000000e+00
     vertex  6.000000e+01  1.600000e+01  5.000000e+00
     vertex  6.786006e+01  1.608299e+01  5.000000e+00
   endloop
 endfacet
 facet normal  0.000000e+00  0.000000e+00  1.000000e+00
   outer loop
     vertex  6.800000e+01  1.624808e+01  5.000000e+00
     vertex  6.000000e+01  1.600000e+01  5.000000e+00
     vertex  6.792985e+01  1.616569e+01  5.000000e+00
   endloop
 endfacet
 facet normal  0.000000e+00  0.000000e+00  1.000000e+00
   outer loop
     vertex  6.000000e+01  3.800000e+01  5.000000e+00
     vertex  6.000000e+01  1.600000e+01  5.000000e+00
     vertex  6.800000e+01  1.624808e+01  5.000000e+00
   endloop
 endfacet
 facet normal  0.000000e+00  0.000000e+00  1.000000e+00
   outer loop
     vertex  6.800000e+01  3.800000e+01  5.000000e+00
     vertex  6.000000e+01  3.800000e+01  5.000000e+00
     vertex  6.800000e+01  1.624808e+01  5.000000e+00
   endloop
 endfacet
 facet normal  0.000000e+00 -1.000000e+00 -0.000000e+00
   outer loop
     vertex  6.800000e+01  3.800000e+01  1.400000e+01
     vertex  6.000000e+01  3.800000e+01  5.000000e+00
     vertex  6.800000e+01  3.800000e+01  5.000000e+00
   endloop
 endfacet
 facet normal -0.000000e+00 -1.000000e+00  0.000000e+00
   outer loop
     vertex  6.800000e+01  3.800000e+01  1.400000e+01
     vertex  6.000000e+01  3.800000e+01  1.400000e+01
     vertex  6.000000e+01  3.800000e+01  5.000000e+00
   endloop
 endfacet
 facet normal  0.000000e+00  1.000000e+00  0.000000e+00
   outer loop
     vertex  6.779063e+01  1.600000e+01  1.400000e+01
     vertex  6.779063e+01  1.600000e+01  5.000000e+00
     vertex  6.000000e+01  1.600000e+01  5.000000e+00
   endloop
 endfacet
 facet normal  0.000000e+00  1.000000e+00  0.000000e+00
   outer loop
     vertex  6.779063e+01  1.600000e+01  1.400000e+01
     vertex  6.000000e+01  1.600000e+01  5.000000e+00
     vertex  6.000000e+01  1.600000e+01  1.400000e+01
   endloop
 endfacet
 facet normal  0.000000e+00  0.000000e+00 -1.000000e+00
   outer loop
     vertex  6.786006e+01  1.608299e+01  1.400000e+01
     vertex  6.779063e+01  1.600000e+01  1.400000e+01
     vertex  6.000000e+01  1.600000e+01  1.400000e+01
   endloop
 endfacet
 facet normal  0.000000e+00  0.000000e+00 -1.000000e+00
   outer loop
     vertex  6.792985e+01  1.616569e+01  1.400000e+01
     vertex  6.786006e+01  1.608299e+01  1.400000e+01
     vertex  6.000000e+01  1.600000e+01  1.400000e+01
   endloop
 endfacet
 facet normal  0.000000e+00  0.000000e+00 -1.000000e+00
   outer loop
     vertex  6.800000e+01  1.624808e+01  1.400000e+01
     vertex  6.792985e+01  1.616569e+01  1.400000e+01
     vertex  6.000000e+01  1.600000e+01  1.400000e+01
   endloop
 endfacet
 facet normal  0.000000e+00  0.000000e+00 -1.000000e+00
   outer loop
     vertex  6.000000e+01  3.800000e+01  1.400000e+01
     vertex  6.800000e+01  1.624808e+01  1.400000e+01
     vertex  6.000000e+01  1.600000e+01  1.400000e+01
   endloop
 endfacet
 facet normal -0.000000e+00 -0.000000e+00 -1.000000e+00
   outer loop
     vertex  6.800000e+01  3.800000e+01  1.400000e+01
     vertex  6.800000e+01  1.624808e+01  1.400000e+01
     vertex  6.000000e+01  3.800000e+01  1.400000e+01
   endloop
 endfacet
 facet normal  0.000000e+00  0.000000e+00  1.000000e+00
   outer loop
     vertex  6.786006e+01  1.608299e+01  3.100000e+01
     vertex  6.000000e+01  1.600000e+01  3.100000e+01
     vertex  6.779063e+01  1.600000e+01  3.100000e+01
   endloop
 endfacet
 facet normal  0.000000e+00  0.000000e+00  1.000000e+00
   outer loop
     vertex  6.792985e+01  1.616569e+01  3.100000e+01
     vertex  6.000000e+01  1.600000e+01  3.100000e+01
     vertex  6.786006e+01  1.608299e+01  3.100000e+01
   endloop
 endfacet
 facet normal  0.000000e+00  0.000000e+00  1.000000e+00
   outer loop
     vertex  6.800000e+01  1.624808e+01  3.100000e+01
     vertex  6.000000e+01  1.600000e+01  3.100000e+01
     vertex  6.792985e+01  1.616569e+01  3.100000e+01
   endloop
 endfacet
 facet normal  0.000000e+00  0.000000e+00  1.000000e+00
   outer loop
     vertex  6.000000e+01  3.800000e+01  3.100000e+01
     vertex  6.000000e+01  1.600000e+01  3.100000e+01
     vertex  6.800000e+01  1.624808e+01  3.100000e+01
   endloop
 endfacet
 facet normal  0.000000e+00  0.000000e+00  1.000000e+00
   outer loop
     vertex  6.800000e+01  3.800000e+01  3.100000e+01
     vertex  6.000000e+01  3.800000e+01  3.100000e+01
     vertex  6.800000e+01  1.624808e+01  3.100000e+01
   endloop
 endfacet
 facet normal  0.000000e+00 -1.000000e+00 -0.000000e+00
   outer loop
     vertex  6.800000e+01  3.800000e+01  4.000000e+01
     vertex  6.000000e+01  3.800000e+01  3.100000e+01
     vertex  6.800000e+01  3.800000e+01  3.100000e+01
   endloop
 endfacet
 facet normal -0.000000e+00 -1.000000e+00  0.000000e+00
   outer loop
     vertex  6.800000e+01  3.800000e+01  4.000000e+01
     vertex  6.000000e+01  3.800000e+01  4.000000e+01
     vertex  6.000000e+01  3.800000e+01  3.100000e+01
   endloop
 endfacet
 facet normal  0.000000e+00  0.000000e+00 -1.000000e+00
   outer loop
     vertex  6.786006e+01  1.608299e+01  4.000000e+01
     vertex  6.779063e+01  1.600000e+01  4.000000e+01
     vertex  6.000000e+01  1.600000e+01  4.000000e+01
   endloop
 endfacet
 facet normal  0.000000e+00  0.000000e+00 -1.000000e+00
   outer loop
     vertex  6.792985e+01  1.616569e+01  4.000000e+01
     vertex  6.786006e+01  1.608299e+01  4.000000e+01
     vertex  6.000000e+01  1.600000e+01  4.000000e+01
   endloop
 endfacet
 facet normal  0.000000e+00  0.000000e+00 -1.000000e+00
   outer loop
     vertex  6.800000e+01  1.624808e+01  4.000000e+01
     vertex  6.792985e+01  1.616569e+01  4.000000e+01
     vertex  6.000000e+01  1.600000e+01  4.000000e+01
   endloop
 endfacet
 facet normal  0.000000e+00  0.000000e+00 -1.000000e+00
   outer loop
     vertex  6.000000e+01  3.800000e+01  4.000000e+01
     vertex  6.800000e+01  1.624808e+01  4.000000e+01
     vertex  6.000000e+01  1.600000e+01  4.000000e+01
   endloop
 endfacet
 facet normal -0.000000e+00 -0.000000e+00 -1.000000e+00
   outer loop
     vertex  6.800000e+01  3.800000e+01  4.000000e+01
     vertex  6.800000e+01  1.624808e+01  4.000000e+01
     vertex  6.000000e+01  3.800000e+01  4.000000e+01
   endloop
 endfacet
 facet normal  0.000000e+00  1.000000e+00  0.000000e+00
   outer loop
     vertex  6.779063e+01  1.600000e+01  4.000000e+01
     vertex  6.779063e+01  1.600000e+01  3.100000e+01
     vertex  6.000000e+01  1.600000e+01  3.100000e+01
   endloop
 endfacet
 facet normal  0.000000e+00  1.000000e+00  0.000000e+00
   outer loop
     vertex  6.779063e+01  1.600000e+01  4.000000e+01
     vertex  6.000000e+01  1.600000e+01  3.100000e+01
     vertex  6.000000e+01  1.600000e+01  4.000000e+01
   endloop
 endfacet
 facet normal  0.000000e+00  0.000000e+00  1.000000e+00
   outer loop
     vertex  6.800000e+01 -1.624808e+01  5.000000e+00
     vertex  6.000000e+01 -1.600000e+01  5.000000e+00
     vertex  6.000000e+01 -3.800000e+01  5.000000e+00
   endloop
 endfacet
 facet normal  0.000000e+00  0.000000e+00  1.000000e+00
   outer loop
     vertex  6.800000e+01 -1.624808e+01  5.000000e+00
     vertex  6.000000e+01 -3.800000e+01  5.000000e+00
     vertex  6.800000e+01 -3.800000e+01  5.000000e+00
   endloop
 endfacet
 facet normal  0.000000e+00  0.000000e+00  1.000000e+00
   outer loop
     vertex  6.792985e+01 -1.616569e+01  5.000000e+00
     vertex  6.000000e+01 -1.600000e+01  5.000000e+00
     vertex  6.800000e+01 -1.624808e+01  5.000000e+00
   endloop
 endfacet
 facet normal  0.000000e+00  0.000000e+00  1.000000e+00
   outer loop
     vertex  6.786006e+01 -1.608299e+01  5.000000e+00
     vertex  6.000000e+01 -1.600000e+01  5.000000e+00
     vertex  6.792985e+01 -1.616569e+01  5.000000e+00
   endloop
 endfacet
 facet normal  0.000000e+00  0.000000e+00  1.000000e+00
   outer loop
     vertex  6.779063e+01 -1.600000e+01  5.000000e+00
     vertex  6.000000e+01 -1.600000e+01  5.000000e+00
     vertex  6.786006e+01 -1.608299e+01  5.000000e+00
   endloop
 endfacet
 facet normal  0.000000e+00 -1.000000e+00 -0.000000e+00
   outer loop
     vertex  6.779063e+01 -1.600000e+01  1.400000e+01
     vertex  6.000000e+01 -1.600000e+01  5.000000e+00
     vertex  6.779063e+01 -1.600000e+01  5.000000e+00
   endloop
 endfacet
 facet normal -0.000000e+00 -1.000000e+00  0.000000e+00
   outer loop
     vertex  6.779063e+01 -1.600000e+01  1.400000e+01
     vertex  6.000000e+01 -1.600000e+01  1.400000e+01
     vertex  6.000000e+01 -1.600000e+01  5.000000e+00
   endloop
 endfacet
 facet normal  0.000000e+00  1.000000e+00  0.000000e+00
   outer loop
     vertex  6.800000e+01 -3.800000e+01  1.400000e+01
     vertex  6.800000e+01 -3.800000e+01  5.000000e+00
     vertex  6.000000e+01 -3.800000e+01  5.000000e+00
   endloop
 endfacet
 facet normal  0.000000e+00  1.000000e+00  0.000000e+00
   outer loop
     vertex  6.800000e+01 -3.800000e+01  1.400000e+01
     vertex  6.000000e+01 -3.800000e+01  5.000000e+00
     vertex  6.000000e+01 -3.800000e+01  1.400000e+01
   endloop
 endfacet
 facet normal -0.000000e+00  0.000000e+00 -1.000000e+00
   outer loop
     vertex  6.800000e+01 -1.624808e+01  1.400000e+01
     vertex  6.000000e+01 -3.800000e+01  1.400000e+01
     vertex  6.000000e+01 -1.600000e+01  1.400000e+01
   endloop
 endfacet
 facet normal  0.000000e+00 -0.000000e+00 -1.000000e+00
   outer loop
     vertex  6.800000e+01 -1.624808e+01  1.400000e+01
     vertex  6.800000e+01 -3.800000e+01  1.400000e+01
     vertex  6.000000e+01 -3.800000e+01  1.400000e+01
   endloop
 endfacet
 facet normal -0.000000e+00 -0.000000e+00 -1.000000e+00
   outer loop
     vertex  6.792985e+01 -1.616569e+01  1.400000e+01
     vertex  6.800000e+01 -1.624808e+01  1.400000e+01
     vertex  6.000000e+01 -1.600000e+01  1.400000e+01
   endloop
 endfacet
 facet normal -0.000000e+00 -0.000000e+00 -1.000000e+00
   outer loop
     vertex  6.786006e+01 -1.608299e+01  1.400000e+01
     vertex  6.792985e+01 -1.616569e+01  1.400000e+01
     vertex  6.000000e+01 -1.600000e+01  1.400000e+01
   endloop
 endfacet
 facet normal -0.000000e+00 -0.000000e+00 -1.000000e+00
   outer loop
     vertex  6.779063e+01 -1.600000e+01  1.400000e+01
     vertex  6.786006e+01 -1.608299e+01  1.400000e+01
     vertex  6.000000e+01 -1.600000e+01  1.400000e+01
   endloop
 endfacet
 facet normal  0.000000e+00  0.000000e+00  1.000000e+00
   outer loop
     vertex  6.800000e+01 -1.624808e+01  3.100000e+01
     vertex  6.000000e+01 -1.600000e+01  3.100000e+01
     vertex  6.000000e+01 -3.800000e+01  3.100000e+01
   endloop
 endfacet
 facet normal  0.000000e+00  0.000000e+00  1.000000e+00
   outer loop
     vertex  6.800000e+01 -1.624808e+01  3.100000e+01
     vertex  6.000000e+01 -3.800000e+01  3.100000e+01
     vertex  6.800000e+01 -3.800000e+01  3.100000e+01
   endloop
 endfacet
 facet normal  0.000000e+00  0.000000e+00  1.000000e+00
   outer loop
     vertex  6.792985e+01 -1.616569e+01  3.100000e+01
     vertex  6.000000e+01 -1.600000e+01  3.100000e+01
     vertex  6.800000e+01 -1.624808e+01  3.100000e+01
   endloop
 endfacet
 facet normal  0.000000e+00  0.000000e+00  1.000000e+00
   outer loop
     vertex  6.786006e+01 -1.608299e+01  3.100000e+01
     vertex  6.000000e+01 -1.600000e+01  3.100000e+01
     vertex  6.792985e+01 -1.616569e+01  3.100000e+01
   endloop
 endfacet
 facet normal  0.000000e+00  0.000000e+00  1.000000e+00
   outer loop
     vertex  6.779063e+01 -1.600000e+01  3.100000e+01
     vertex  6.000000e+01 -1.600000e+01  3.100000e+01
     vertex  6.786006e+01 -1.608299e+01  3.100000e+01
   endloop
 endfacet
 facet normal  0.000000e+00 -1.000000e+00 -0.000000e+00
   outer loop
     vertex  6.779063e+01 -1.600000e+01  4.000000e+01
     vertex  6.000000e+01 -1.600000e+01  3.100000e+01
     vertex  6.779063e+01 -1.600000e+01  3.100000e+01
   endloop
 endfacet
 facet normal -0.000000e+00 -1.000000e+00  0.000000e+00
   outer loop
     vertex  6.779063e+01 -1.600000e+01  4.000000e+01
     vertex  6.000000e+01 -1.600000e+01  4.000000e+01
     vertex  6.000000e+01 -1.600000e+01  3.100000e+01
   endloop
 endfacet
 facet normal  0.000000e+00  1.000000e+00  0.000000e+00
   outer loop
     vertex  6.800000e+01 -3.800000e+01  4.000000e+01
     vertex  6.800000e+01 -3.800000e+01  3.100000e+01
     vertex  6.000000e+01 -3.800000e+01  3.100000e+01
   endloop
 endfacet
 facet normal  0.000000e+00  1.000000e+00  0.000000e+00
   outer loop
     vertex  6.800000e+01 -3.800000e+01  4.000000e+01
     vertex  6.000000e+01 -3.800000e+01  3.100000e+01
     vertex  6.000000e+01 -3.800000e+01  4.000000e+01
   endloop
 endfacet
 facet normal -0.000000e+00  0.000000e+00 -1.000000e+00
   outer loop
     vertex  6.800000e+01 -1.624808e+01  4.000000e+01
     vertex  6.000000e+01 -3.800000e+01  4.000000e+01
     vertex  6.000000e+01 -1.600000e+01  4.000000e+01
   endloop
 endfacet
 facet normal  0.000000e+00 -0.000000e+00 -1.000000e+00
   outer loop
     vertex  6.800000e+01 -1.624808e+01  4.000000e+01
     vertex  6.800000e+01 -3.800000e+01  4.000000e+01
     vertex  6.000000e+01 -3.800000e+01  4.000000e+01
   endloop
 endfacet
 facet normal -0.000000e+00 -0.000000e+00 -1.000000e+00
   outer loop
     vertex  6.792985e+01 -1.616569e+01  4.000000e+01
     vertex  6.800000e+01 -1.624808e+01  4.000000e+01
     vertex  6.000000e+01 -1.600000e+01  4.000000e+01
   endloop
 endfacet
 facet normal -0.000000e+00 -0.000000e+00 -1.000000e+00
   outer loop
     vertex  6.786006e+01 -1.608299e+01  4.000000e+01
     vertex  6.792985e+01 -1.616569e+01  4.000000e+01
     vertex  6.000000e+01 -1.600000e+01  4.000000e+01
   endloop
 endfacet
 facet normal -0.000000e+00 -0.000000e+00 -1.000000e+00
   outer loop
     vertex  6.779063e+01 -1.600000e+01  4.000000e+01
     vertex  6.786006e+01 -1.608299e+01  4.000000e+01
     vertex  6.000000e+01 -1.600000e+01  4.000000e+01
   endloop
 endfacet
 facet normal  0.000000e+00 -0.000000e+00 -1.000000e+00
   outer loop
     vertex  6.800000e+01 -1.624808e+01  0.000000e+00
     vertex  6.800000e+01 -4.200000e+01  0.000000e+00
     vertex  6.000000e+01 -4.200000e+01  0.000000e+00
   endloop
 endfacet
 facet normal  0.000000e+00 -0.000000e+00 -1.000000e+00
   outer loop
     vertex  6.756496e+01 -1.572512e+01  0.000000e+00
     vertex  6.800000e+01 -1.624808e+01  0.000000e+00
     vertex  6.000000e+01 -4.200000e+01  0.000000e+00
   endloop
 endfacet
 facet normal  0.000000e+00 -0.000000e+00 -1.000000e+00
   outer loop
     vertex  6.714432e+01 -1.519052e+01  0.000000e+00
     vertex  6.756496e+01 -1.572512e+01  0.000000e+00
     vertex  6.000000e+01 -4.200000e+01  0.000000e+00
   endloop
 endfacet
 facet normal  0.000000e+00 -0.000000e+00 -1.000000e+00
   outer loop
     vertex  6.673837e+01 -1.464467e+01  0.000000e+00
     vertex  6.714432e+01 -1.519052e+01  0.000000e+00
     vertex  6.000000e+01 -4.200000e+01  0.000000e+00
   endloop
 endfacet
 facet normal  0.000000e+00 -0.000000e+00 -1.000000e+00
   outer loop
     vertex  6.634743e+01 -1.408798e+01  0.000000e+00
     vertex  6.673837e+01 -1.464467e+01  0.000000e+00
     vertex  6.000000e+01 -4.200000e+01  0.000000e+00
   endloop
 endfacet
 facet normal  0.000000e+00  0.000000e+00 -1.000000e+00
   outer loop
     vertex  6.000000e+01 -8.000000e+00  0.000000e+00
     vertex  6.274595e+01 -6.061435e+00  0.000000e+00
     vertex  6.291984e+01 -6.719084e+00  0.000000e+00
   endloop
 endfacet
 facet normal  0.000000e+00  0.000000e+00 -1.000000e+00
   outer loop
     vertex  6.000000e+01 -8.000000e+00  0.000000e+00
     vertex  6.291984e+01 -6.719084e+00  0.000000e+00
     vertex  6.311157e+01 -7.371758e+00  0.000000e+00
   endloop
 endfacet
 facet normal  0.000000e+00  0.000000e+00 -1.000000e+00
   outer loop
     vertex  6.000000e+01 -8.000000e+00  0.000000e+00
     vertex  6.311157e+01 -7.371758e+00  0.000000e+00
     vertex  6.332098e+01 -8.018975e+00  0.000000e+00
   endloop
 endfacet
 facet normal  0.000000e+00  0.000000e+00 -1.000000e+00
   outer loop
     vertex  6.000000e+01 -8.000000e+00  0.000000e+00
     vertex  6.332098e+01 -8.018975e+00  0.000000e+00
     vertex  6.354792e+01 -8.660254e+00  0.000000e+00
   endloop
 endfacet
 facet normal  0.000000e+00  0.000000e+00 -1.000000e+00
   outer loop
     vertex  6.000000e+01 -8.000000e+00  0.000000e+00
     vertex  6.354792e+01 -8.660254e+00  0.000000e+00
     vertex  6.379223e+01 -9.295121e+00  0.000000e+00
   endloop
 endfacet
 facet normal  0.000000e+00  0.000000e+00 -1.000000e+00
   outer loop
     vertex  6.000000e+01 -8.000000e+00  0.000000e+00
     vertex  6.379223e+01 -9.295121e+00  0.000000e+00
     vertex  6.405372e+01 -9.923107e+00  0.000000e+00
   endloop
 endfacet
 facet normal  0.000000e+00  0.000000e+00 -1.000000e+00
   outer loop
     vertex  6.000000e+01 -8.000000e+00  0.000000e+00
     vertex  6.405372e+01 -9.923107e+00  0.000000e+00
     vertex  6.433219e+01 -1.054374e+01  0.000000e+00
   endloop
 endfacet
 facet normal  0.000000e+00  0.000000e+00 -1.000000e+00
   outer loop
     vertex  6.000000e+01 -8.000000e+00  0.000000e+00
     vertex  6.433219e+01 -1.054374e+01  0.000000e+00
     vertex  6.462745e+01 -1.115658e+01  0.000000e+00
   endloop
 endfacet
 facet normal  0.000000e+00  0.000000e+00 -1.000000e+00
   outer loop
     vertex  6.000000e+01 -8.000000e+00  0.000000e+00
     vertex  6.462745e+01 -1.115658e+01  0.000000e+00
     vertex  6.493928e+01 -1.176115e+01  0.000000e+00
   endloop
 endfacet
 facet normal  0.000000e+00  0.000000e+00 -1.000000e+00
   outer loop
     vertex  6.000000e+01 -8.000000e+00  0.000000e+00
     vertex  6.493928e+01 -1.176115e+01  0.000000e+00
     vertex  6.526744e+01 -1.235701e+01  0.000000e+00
   endloop
 endfacet
 facet normal  0.000000e+00  0.000000e+00 -1.000000e+00
   outer loop
     vertex  6.000000e+01 -8.000000e+00  0.000000e+00
     vertex  6.526744e+01 -1.235701e+01  0.000000e+00
     vertex  6.561169e+01 -1.294373e+01  0.000000e+00
   endloop
 endfacet
 facet normal  0.000000e+00  0.000000e+00 -1.000000e+00
   outer loop
     vertex  6.000000e+01 -8.000000e+00  0.000000e+00
     vertex  6.561169e+01 -1.294373e+01  0.000000e+00
     vertex  6.597177e+01 -1.352086e+01  0.000000e+00
   endloop
 endfacet
 facet normal  0.000000e+00  0.000000e+00 -1.000000e+00
   outer loop
     vertex  6.000000e+01 -8.000000e+00  0.000000e+00
     vertex  6.597177e+01 -1.352086e+01  0.000000e+00
     vertex  6.634743e+01 -1.408798e+01  0.000000e+00
   endloop
 endfacet
 facet normal  0.000000e+00  0.000000e+00 -1.000000e+00
   outer loop
     vertex  6.000000e+01 -8.000000e+00  0.000000e+00
     vertex  6.634743e+01 -1.408798e+01  0.000000e+00
     vertex  6.000000e+01 -4.200000e+01  0.000000e+00
   endloop
 endfacet
 facet normal  0.000000e+00 -0.000000e+00 -1.000000e+00
   outer loop
     vertex  6.259001e+01 -5.399298e+00  0.000000e+00
     vertex  6.274595e+01 -6.061435e+00  0.000000e+00
     vertex  6.000000e+01 -8.000000e+00  0.000000e+00
   endloop
 endfacet
 facet normal  0.000000e+00 -0.000000e+00 -1.000000e+00
   outer loop
     vertex  6.245215e+01 -4.733164e+00  0.000000e+00
     vertex  6.259001e+01 -5.399298e+00  0.000000e+00
     vertex  6.000000e+01 -8.000000e+00  0.000000e+00
   endloop
 endfacet
 facet normal  0.000000e+00 -0.000000e+00 -1.000000e+00
   outer loop
     vertex  6.233246e+01 -4.063525e+00  0.000000e+00
     vertex  6.245215e+01 -4.733164e+00  0.000000e+00
     vertex  6.000000e+01 -8.000000e+00  0.000000e+00
   endloop
 endfacet
 facet normal  0.000000e+00 -0.000000e+00 -1.000000e+00
   outer loop
     vertex  6.223103e+01 -3.390878e+00  0.000000e+00
     vertex  6.233246e+01 -4.063525e+00  0.000000e+00
     vertex  6.000000e+01 -8.000000e+00  0.000000e+00
   endloop
 endfacet
 facet normal  0.000000e+00 -0.000000e+00 -1.000000e+00
   outer loop
     vertex  6.214794e+01 -2.715720e+00  0.000000e+00
     vertex  6.223103e+01 -3.390878e+00  0.000000e+00
     vertex  6.000000e+01 -8.000000e+00  0.000000e+00
   endloop
 endfacet
 facet normal  0.000000e+00 -0.000000e+00 -1.000000e+00
   outer loop
     vertex  6.208325e+01 -2.038551e+00  0.000000e+00
     vertex  6.214794e+01 -2.715720e+00  0.000000e+00
     vertex  6.000000e+01 -8.000000e+00  0.000000e+00
   endloop
 endfacet
 facet normal  0.000000e+00 -0.000000e+00 -1.000000e+00
   outer loop
     vertex  6.203701e+01 -1.359873e+00  0.000000e+00
     vertex  6.208325e+01 -2.038551e+00  0.000000e+00
     vertex  6.000000e+01 -8.000000e+00  0.000000e+00
   endloop
 endfacet
 facet normal  0.000000e+00 -0.000000e+00 -1.000000e+00
   outer loop
     vertex  6.200925e+01 -6.801884e-01  0.000000e+00
     vertex  6.203701e+01 -1.359873e+00  0.000000e+00
     vertex  6.000000e+01 -8.000000e+00  0.000000e+00
   endloop
 endfacet
 facet normal  0.000000e+00 -0.000000e+00 -1.000000e+00
   outer loop
     vertex  6.200000e+01 -1.301651e-13  0.000000e+00
     vertex  6.200925e+01 -6.801884e-01  0.000000e+00
     vertex  6.000000e+01 -8.000000e+00  0.000000e+00
   endloop
 endfacet
 facet normal  0.000000e+00  0.000000e+00 -1.000000e+00
   outer loop
     vertex  6.000000e+01  8.000000e+00  0.000000e+00
     vertex  6.634743e+01  1.408798e+01  0.000000e+00
     vertex  6.597177e+01  1.352086e+01  0.000000e+00
   endloop
 endfacet
 facet normal  0.000000e+00  0.000000e+00 -1.000000e+00
   outer loop
     vertex  6.000000e+01  8.000000e+00  0.000000e+00
     vertex  6.597177e+01  1.352086e+01  0.000000e+00
     vertex  6.561169e+01  1.294373e+01  0.000000e+00
   endloop
 endfacet
 facet normal  0.000000e+00  0.000000e+00 -1.000000e+00
   outer loop
     vertex  6.000000e+01  8.000000e+00  0.000000e+00
     vertex  6.561169e+01  1.294373e+01  0.000000e+00
     vertex  6.526744e+01  1.235701e+01  0.000000e+00
   endloop
 endfacet
 facet normal  0.000000e+00  0.000000e+00 -1.000000e+00
   outer loop
     vertex  6.000000e+01  8.000000e+00  0.000000e+00
     vertex  6.526744e+01  1.235701e+01  0.000000e+00
     vertex  6.493928e+01  1.176115e+01  0.000000e+00
   endloop
 endfacet
 facet normal  0.000000e+00  0.000000e+00 -1.000000e+00
   outer loop
     vertex  6.000000e+01  8.000000e+00  0.000000e+00
     vertex  6.493928e+01  1.176115e+01  0.000000e+00
     vertex  6.462745e+01  1.115658e+01  0.000000e+00
   endloop
 endfacet
 facet normal  0.000000e+00  0.000000e+00 -1.000000e+00
   outer loop
     vertex  6.000000e+01  8.000000e+00  0.000000e+00
     vertex  6.462745e+01  1.115658e+01  0.000000e+00
     vertex  6.433219e+01  1.054374e+01  0.000000e+00
   endloop
 endfacet
 facet normal  0.000000e+00  0.000000e+00 -1.000000e+00
   outer loop
     vertex  6.000000e+01  8.000000e+00  0.000000e+00
     vertex  6.433219e+01  1.054374e+01  0.000000e+00
     vertex  6.405372e+01  9.923107e+00  0.000000e+00
   endloop
 endfacet
 facet normal  0.000000e+00  0.000000e+00 -1.000000e+00
   outer loop
     vertex  6.000000e+01  8.000000e+00  0.000000e+00
     vertex  6.405372e+01  9.923107e+00  0.000000e+00
     vertex  6.379223e+01  9.295121e+00  0.000000e+00
   endloop
 endfacet
 facet normal  0.000000e+00  0.000000e+00 -1.000000e+00
   outer loop
     vertex  6.000000e+01  8.000000e+00  0.000000e+00
     vertex  6.379223e+01  9.295121e+00  0.000000e+00
     vertex  6.354792e+01  8.660254e+00  0.000000e+00
   endloop
 endfacet
 facet normal  0.000000e+00  0.000000e+00 -1.000000e+00
   outer loop
     vertex  6.000000e+01  8.000000e+00  0.000000e+00
     vertex  6.354792e+01  8.660254e+00  0.000000e+00
     vertex  6.332098e+01  8.018975e+00  0.000000e+00
   endloop
 endfacet
 facet normal  0.000000e+00  0.000000e+00 -1.000000e+00
   outer loop
     vertex  6.000000e+01  8.000000e+00  0.000000e+00
     vertex  6.332098e+01  8.018975e+00  0.000000e+00
     vertex  6.311157e+01  7.371758e+00  0.000000e+00
   endloop
 endfacet
 facet normal  0.000000e+00  0.000000e+00 -1.000000e+00
   outer loop
     vertex  6.000000e+01  8.000000e+00  0.000000e+00
     vertex  6.311157e+01  7.371758e+00  0.000000e+00
     vertex  6.291984e+01  6.719084e+00  0.000000e+00
   endloop
 endfacet
 facet normal  0.000000e+00  0.000000e+00 -1.000000e+00
   outer loop
     vertex  6.000000e+01  8.000000e+00  0.000000e+00
     vertex  6.291984e+01  6.719084e+00  0.000000e+00
     vertex  6.274595e+01  6.061435e+00  0.000000e+00
   endloop
 endfacet
 facet normal  0.000000e+00  0.000000e+00 -1.000000e+00
   outer loop
     vertex  6.000000e+01  8.000000e+00  0.000000e+00
     vertex  6.274595e+01  6.061435e+00  0.000000e+00
     vertex  6.259001e+01  5.399298e+00  0.000000e+00
   endloop
 endfacet
 facet normal  0.000000e+00  0.000000e+00 -1.000000e+00
   outer loop
     vertex  6.000000e+01  8.000000e+00  0.000000e+00
     vertex  6.200000e+01 -1.301651e-13  0.000000e+00
     vertex  6.000000e+01 -8.000000e+00  0.000000e+00
   endloop
 endfacet
 facet normal  0.000000e+00  0.000000e+00 -1.000000e+00
   outer loop
     vertex  6.000000e+01  8.000000e+00  0.000000e+00
     vertex  6.259001e+01  5.399298e+00  0.000000e+00
     vertex  6.245215e+01  4.733164e+00  0.000000e+00
   endloop
 endfacet
 facet normal  0.000000e+00  0.000000e+00 -1.000000e+00
   outer loop
     vertex  6.000000e+01  8.000000e+00  0.000000e+00
     vertex  6.245215e+01  4.733164e+00  0.000000e+00
     vertex  6.233246e+01  4.063525e+00  0.000000e+00
   endloop
 endfacet
 facet normal  0.000000e+00  0.000000e+00 -1.000000e+00
   outer loop
     vertex  6.000000e+01  8.000000e+00  0.000000e+00
     vertex  6.233246e+01  4.063525e+00  0.000000e+00
     vertex  6.223103e+01  3.390878e+00  0.000000e+00
   endloop
 endfacet
 facet normal  0.000000e+00  0.000000e+00 -1.000000e+00
   outer loop
     vertex  6.000000e+01  8.000000e+00  0.000000e+00
     vertex  6.223103e+01  3.390878e+00  0.000000e+00
     vertex  6.214794e+01  2.715720e+00  0.000000e+00
   endloop
 endfacet
 facet normal  0.000000e+00  0.000000e+00 -1.000000e+00
   outer loop
     vertex  6.000000e+01  8.000000e+00  0.000000e+00
     vertex  6.214794e+01  2.715720e+00  0.000000e+00
     vertex  6.208325e+01  2.038551e+00  0.000000e+00
   endloop
 endfacet
 facet normal  0.000000e+00  0.000000e+00 -1.000000e+00
   outer loop
     vertex  6.000000e+01  8.000000e+00  0.000000e+00
     vertex  6.208325e+01  2.038551e+00  0.000000e+00
     vertex  6.203701e+01  1.359873e+00  0.000000e+00
   endloop
 endfacet
 facet normal  0.000000e+00  0.000000e+00 -1.000000e+00
   outer loop
     vertex  6.000000e+01  8.000000e+00  0.000000e+00
     vertex  6.203701e+01  1.359873e+00  0.000000e+00
     vertex  6.200925e+01  6.801884e-01  0.000000e+00
   endloop
 endfacet
 facet normal  0.000000e+00  0.000000e+00 -1.000000e+00
   outer loop
     vertex  6.000000e+01  8.000000e+00  0.000000e+00
     vertex  6.200925e+01  6.801884e-01  0.000000e+00
     vertex  6.200000e+01 -1.301651e-13  0.000000e+00
   endloop
 endfacet
 facet normal  0.000000e+00  0.000000e+00 -1.000000e+00
   outer loop
     vertex  6.000000e+01  4.200000e+01  0.000000e+00
     vertex  6.800000e+01  4.200000e+01  0.000000e+00
     vertex  6.800000e+01  1.624808e+01  0.000000e+00
   endloop
 endfacet
 facet normal  0.000000e+00  0.000000e+00 -1.000000e+00
   outer loop
     vertex  6.000000e+01  4.200000e+01  0.000000e+00
     vertex  6.800000e+01  1.624808e+01  0.000000e+00
     vertex  6.756496e+01  1.572512e+01  0.000000e+00
   endloop
 endfacet
 facet normal  0.000000e+00  0.000000e+00 -1.000000e+00
   outer loop
     vertex  6.000000e+01  4.200000e+01  0.000000e+00
     vertex  6.756496e+01  1.572512e+01  0.000000e+00
     vertex  6.714432e+01  1.519052e+01  0.000000e+00
   endloop
 endfacet
 facet normal  0.000000e+00  0.000000e+00 -1.000000e+00
   outer loop
     vertex  6.000000e+01  4.200000e+01  0.000000e+00
     vertex  6.714432e+01  1.519052e+01  0.000000e+00
     vertex  6.673837e+01  1.464467e+01  0.000000e+00
   endloop
 endfacet
 facet normal  0.000000e+00  0.000000e+00 -1.000000e+00
   outer loop
     vertex  6.000000e+01  4.200000e+01  0.000000e+00
     vertex  6.673837e+01  1.464467e+01  0.000000e+00
     vertex  6.634743e+01  1.408798e+01  0.000000e+00
   endloop
 endfacet
 facet normal  0.000000e+00  0.000000e+00 -1.000000e+00
   outer loop
     vertex  6.000000e+01  4.200000e+01  0.000000e+00
     vertex  6.634743e+01  1.408798e+01  0.000000e+00
     vertex  6.000000e+01  8.000000e+00  0.000000e+00
   endloop
 endfacet
 facet normal  0.000000e+00 -0.000000e+00 -1.000000e+00
   outer loop
     vertex  8.000000e+00 -8.000000e+00  0.000000e+00
     vertex  8.000000e+00 -2.000000e+01  0.000000e+00
     vertex  0.000000e+00 -2.000000e+01  0.000000e+00
   endloop
 endfacet
 facet normal  0.000000e+00  0.000000e+00 -1.000000e+00
   outer loop
     vertex  8.000000e+00  8.000000e+00  0.000000e+00
     vertex  6.000000e+01  8.000000e+00  0.000000e+00
     vertex  6.000000e+01 -8.000000e+00  0.000000e+00
   endloop
 endfacet
 facet normal  0.000000e+00  0.000000e+00 -1.000000e+00
   outer loop
     vertex  8.000000e+00  8.000000e+00  0.000000e+00
     vertex  6.000000e+01 -8.000000e+00  0.000000e+00
     vertex  8.000000e+00 -8.000000e+00  0.000000e+00
   endloop
 endfacet
 facet normal  0.000000e+00  0.000000e+00 -1.000000e+00
   outer loop
     vertex  0.000000e+00  2.000000e+01  0.000000e+00
     vertex  8.000000e+00  2.000000e+01  0.000000e+00
     vertex  8.000000e+00  8.000000e+00  0.000000e+00
   endloop
 endfacet
 facet normal  0.000000e+00  0.000000e+00 -1.000000e+00
   outer loop
     vertex  0.000000e+00  2.000000e+01  0.000000e+00
     vertex  8.000000e+00 -8.000000e+00  0.000000e+00
     vertex  0.000000e+00 -2.000000e+01  0.000000e+00
   endloop
 endfacet
 facet normal  0.000000e+00  0.000000e+00 -1.000000e+00
   outer loop
     vertex  0.000000e+00  2.000000e+01  0.000000e+00
     vertex  8.000000e+00  8.000000e+00  0.000000e+00
     vertex  8.000000e+00 -8.000000e+00  0.000000e+00
   endloop
 endfacet
endsolid
