ISO-10303-21;
HEADER;
FILE_DESCRIPTION(('FreeCAD Model'),'2;1');
FILE_NAME('Open CASCADE Shape Model','2026-08-24T09:11:36',('FreeCAD'),(
    'FreeCAD'),'Open CASCADE STEP processor 7.8','FreeCAD','Unknown');
FILE_SCHEMA(('AUTOMOTIVE_DESIGN { 1 0 10303 214 1 1 1 1 }'));
ENDSEC;
DATA;
#1 = APPLICATION_PROTOCOL_DEFINITION('international standard',
  'automotive_design',2000,#2);
#2 = APPLICATION_CONTEXT(
  'core data for automotive mechanical design processes');
#3 = SHAPE_DEFINITION_REPRESENTATION(#4,#10);
#4 = PRODUCT_DEFINITION_SHAPE('','',#5);
#5 = PRODUCT_DEFINITION('design','',#6,#9);
#6 = PRODUCT_DEFINITION_FORMATION('','',#7);
#7 = PRODUCT('Open CASCADE STEP translator 7.8 2',
  'Open CASCADE STEP translator 7.8 2','',(#8));
#8 = PRODUCT_CONTEXT('',#2,'mechanical');
#9 = PRODUCT_DEFINITION_CONTEXT('part definition',#2,'design');
#10 = ADVANCED_BREP_SHAPE_REPRESENTATION('',(#11,#15),#5173);
#11 = AXIS2_PLACEMENT_3D('',#12,#13,#14);
#12 = CARTESIAN_POINT('',(0.,0.,0.));
#13 = DIRECTION('',(0.,0.,1.));
#14 = DIRECTION('',(1.,0.,-0.));
#15 = MANIFOLD_SOLID_BREP('',#16);
#16 = CLOSED_SHELL('',(#17,#57,#88,#127,#167,#198,#237,#259,#324,#521,
    #562,#593,#625,#657,#688,#711,#736,#761,#819,#850,#899,#1132,#1163,
    #1472,#1496,#1521,#1545,#1570,#1594,#1619,#1643,#1674,#1696,#1713,
    #1730,#1742,#1764,#1781,#1798,#1810,#1832,#1849,#1866,#1878,#1900,
    #1917,#1934,#1946,#1968,#1985,#2002,#2014,#2036,#2053,#2070,#2082,
    #2099,#2149,#2199,#2230,#2277,#2308,#2521,#2561,#2594,#2625,#2878,
    #2909,#2934,#2958,#2980,#3035,#3085,#3107,#3124,#3141,#3172,#3194,
    #3211,#3228,#3240,#3262,#3279,#3296,#3308,#3330,#3347,#3364,#3376,
    #3407,#3431,#3462,#3494,#3526,#3548,#3573,#3590,#3621,#3652,#3688,
    #3705,#3880,#3902,#3937,#3958,#4003,#4043,#4076,#4098,#4139,#4195,
    #4227,#4296,#4374,#4412,#4492,#4596,#4628,#4652,#4676,#4694,#4726,
    #4750,#4774,#4792,#4830,#4869,#4900,#4917,#4936,#4953,#4970,#4984,
    #4998,#5012,#5050,#5068,#5082,#5104));
#17 = ADVANCED_FACE('',(#18),#52,.T.);
#18 = FACE_BOUND('',#19,.T.);
#19 = EDGE_LOOP('',(#20,#30,#38,#46));
#20 = ORIENTED_EDGE('',*,*,#21,.F.);
#21 = EDGE_CURVE('',#22,#24,#26,.T.);
#22 = VERTEX_POINT('',#23);
#23 = CARTESIAN_POINT('',(45.912961132995,14.000000000001,0.));
#24 = VERTEX_POINT('',#25);
#25 = CARTESIAN_POINT('',(58.,14.,0.));
#26 = LINE('',#27,#28);
#27 = CARTESIAN_POINT('',(45.,14.,0.));
#28 = VECTOR('',#29,1.);
#29 = DIRECTION('',(1.,0.,0.));
#30 = ORIENTED_EDGE('',*,*,#31,.T.);
#31 = EDGE_CURVE('',#22,#32,#34,.T.);
#32 = VERTEX_POINT('',#33);
#33 = CARTESIAN_POINT('',(45.912961132996,14.,57.6));
#34 = LINE('',#35,#36);
#35 = CARTESIAN_POINT('',(45.912961132996,14.,0.));
#36 = VECTOR('',#37,1.);
#37 = DIRECTION('',(0.,0.,1.));
#38 = ORIENTED_EDGE('',*,*,#39,.T.);
#39 = EDGE_CURVE('',#32,#40,#42,.T.);
#40 = VERTEX_POINT('',#41);
#41 = CARTESIAN_POINT('',(58.,14.,57.6));
#42 = LINE('',#43,#44);
#43 = CARTESIAN_POINT('',(45.,14.,57.6));
#44 = VECTOR('',#45,1.);
#45 = DIRECTION('',(1.,0.,0.));
#46 = ORIENTED_EDGE('',*,*,#47,.F.);
#47 = EDGE_CURVE('',#24,#40,#48,.T.);
#48 = LINE('',#49,#50);
#49 = CARTESIAN_POINT('',(58.,14.,0.));
#50 = VECTOR('',#51,1.);
#51 = DIRECTION('',(0.,0.,1.));
#52 = PLANE('',#53);
#53 = AXIS2_PLACEMENT_3D('',#54,#55,#56);
#54 = CARTESIAN_POINT('',(45.,14.,0.));
#55 = DIRECTION('',(0.,1.,0.));
#56 = DIRECTION('',(0.,0.,1.));
#57 = ADVANCED_FACE('',(#58),#83,.T.);
#58 = FACE_BOUND('',#59,.T.);
#59 = EDGE_LOOP('',(#60,#70,#76,#77));
#60 = ORIENTED_EDGE('',*,*,#61,.F.);
#61 = EDGE_CURVE('',#62,#64,#66,.T.);
#62 = VERTEX_POINT('',#63);
#63 = CARTESIAN_POINT('',(58.,11.,0.));
#64 = VERTEX_POINT('',#65);
#65 = CARTESIAN_POINT('',(58.,11.,57.6));
#66 = LINE('',#67,#68);
#67 = CARTESIAN_POINT('',(58.,11.,0.));
#68 = VECTOR('',#69,1.);
#69 = DIRECTION('',(0.,0.,1.));
#70 = ORIENTED_EDGE('',*,*,#71,.T.);
#71 = EDGE_CURVE('',#62,#24,#72,.T.);
#72 = LINE('',#73,#74);
#73 = CARTESIAN_POINT('',(58.,11.,0.));
#74 = VECTOR('',#75,1.);
#75 = DIRECTION('',(0.,1.,0.));
#76 = ORIENTED_EDGE('',*,*,#47,.T.);
#77 = ORIENTED_EDGE('',*,*,#78,.F.);
#78 = EDGE_CURVE('',#64,#40,#79,.T.);
#79 = LINE('',#80,#81);
#80 = CARTESIAN_POINT('',(58.,11.,57.6));
#81 = VECTOR('',#82,1.);
#82 = DIRECTION('',(0.,1.,0.));
#83 = PLANE('',#84);
#84 = AXIS2_PLACEMENT_3D('',#85,#86,#87);
#85 = CARTESIAN_POINT('',(58.,11.,0.));
#86 = DIRECTION('',(1.,0.,0.));
#87 = DIRECTION('',(0.,0.,1.));
#88 = ADVANCED_FACE('',(#89),#122,.F.);
#89 = FACE_BOUND('',#90,.F.);
#90 = EDGE_LOOP('',(#91,#99,#107,#115,#121));
#91 = ORIENTED_EDGE('',*,*,#92,.F.);
#92 = EDGE_CURVE('',#93,#62,#95,.T.);
#93 = VERTEX_POINT('',#94);
#94 = CARTESIAN_POINT('',(46.722585544895,11.,0.));
#95 = LINE('',#96,#97);
#96 = CARTESIAN_POINT('',(45.,11.,0.));
#97 = VECTOR('',#98,1.);
#98 = DIRECTION('',(1.,0.,0.));
#99 = ORIENTED_EDGE('',*,*,#100,.T.);
#100 = EDGE_CURVE('',#93,#101,#103,.T.);
#101 = VERTEX_POINT('',#102);
#102 = CARTESIAN_POINT('',(46.722585544895,11.,47.6));
#103 = LINE('',#104,#105);
#104 = CARTESIAN_POINT('',(46.722585544895,11.,0.));
#105 = VECTOR('',#106,1.);
#106 = DIRECTION('',(0.,0.,1.));
#107 = ORIENTED_EDGE('',*,*,#108,.F.);
#108 = EDGE_CURVE('',#109,#101,#111,.T.);
#109 = VERTEX_POINT('',#110);
#110 = CARTESIAN_POINT('',(48.,11.,47.6));
#111 = LINE('',#112,#113);
#112 = CARTESIAN_POINT('',(46.5,11.,47.6));
#113 = VECTOR('',#114,1.);
#114 = DIRECTION('',(-1.,0.,0.));
#115 = ORIENTED_EDGE('',*,*,#116,.F.);
#116 = EDGE_CURVE('',#64,#109,#117,.T.);
#117 = LINE('',#118,#119);
#118 = CARTESIAN_POINT('',(40.35,11.,39.95));
#119 = VECTOR('',#120,1.);
#120 = DIRECTION('',(-0.707106781187,0.,-0.707106781187));
#121 = ORIENTED_EDGE('',*,*,#61,.F.);
#122 = PLANE('',#123);
#123 = AXIS2_PLACEMENT_3D('',#124,#125,#126);
#124 = CARTESIAN_POINT('',(45.,11.,0.));
#125 = DIRECTION('',(0.,1.,0.));
#126 = DIRECTION('',(0.,0.,1.));
#127 = ADVANCED_FACE('',(#128),#162,.F.);
#128 = FACE_BOUND('',#129,.F.);
#129 = EDGE_LOOP('',(#130,#140,#148,#156));
#130 = ORIENTED_EDGE('',*,*,#131,.F.);
#131 = EDGE_CURVE('',#132,#134,#136,.T.);
#132 = VERTEX_POINT('',#133);
#133 = CARTESIAN_POINT('',(45.912961132995,-14.,0.));
#134 = VERTEX_POINT('',#135);
#135 = CARTESIAN_POINT('',(58.,-14.,0.));
#136 = LINE('',#137,#138);
#137 = CARTESIAN_POINT('',(45.,-14.,0.));
#138 = VECTOR('',#139,1.);
#139 = DIRECTION('',(1.,0.,0.));
#140 = ORIENTED_EDGE('',*,*,#141,.T.);
#141 = EDGE_CURVE('',#132,#142,#144,.T.);
#142 = VERTEX_POINT('',#143);
#143 = CARTESIAN_POINT('',(45.912961132996,-14.,57.6));
#144 = LINE('',#145,#146);
#145 = CARTESIAN_POINT('',(45.912961132996,-14.,0.));
#146 = VECTOR('',#147,1.);
#147 = DIRECTION('',(0.,0.,1.));
#148 = ORIENTED_EDGE('',*,*,#149,.T.);
#149 = EDGE_CURVE('',#142,#150,#152,.T.);
#150 = VERTEX_POINT('',#151);
#151 = CARTESIAN_POINT('',(58.,-14.,57.6));
#152 = LINE('',#153,#154);
#153 = CARTESIAN_POINT('',(45.,-14.,57.6));
#154 = VECTOR('',#155,1.);
#155 = DIRECTION('',(1.,0.,0.));
#156 = ORIENTED_EDGE('',*,*,#157,.F.);
#157 = EDGE_CURVE('',#134,#150,#158,.T.);
#158 = LINE('',#159,#160);
#159 = CARTESIAN_POINT('',(58.,-14.,0.));
#160 = VECTOR('',#161,1.);
#161 = DIRECTION('',(0.,0.,1.));
#162 = PLANE('',#163);
#163 = AXIS2_PLACEMENT_3D('',#164,#165,#166);
#164 = CARTESIAN_POINT('',(45.,-14.,0.));
#165 = DIRECTION('',(0.,1.,0.));
#166 = DIRECTION('',(0.,0.,1.));
#167 = ADVANCED_FACE('',(#168),#193,.T.);
#168 = FACE_BOUND('',#169,.T.);
#169 = EDGE_LOOP('',(#170,#171,#179,#187));
#170 = ORIENTED_EDGE('',*,*,#157,.F.);
#171 = ORIENTED_EDGE('',*,*,#172,.T.);
#172 = EDGE_CURVE('',#134,#173,#175,.T.);
#173 = VERTEX_POINT('',#174);
#174 = CARTESIAN_POINT('',(58.,-11.,0.));
#175 = LINE('',#176,#177);
#176 = CARTESIAN_POINT('',(58.,-14.,0.));
#177 = VECTOR('',#178,1.);
#178 = DIRECTION('',(0.,1.,0.));
#179 = ORIENTED_EDGE('',*,*,#180,.T.);
#180 = EDGE_CURVE('',#173,#181,#183,.T.);
#181 = VERTEX_POINT('',#182);
#182 = CARTESIAN_POINT('',(58.,-11.,57.6));
#183 = LINE('',#184,#185);
#184 = CARTESIAN_POINT('',(58.,-11.,0.));
#185 = VECTOR('',#186,1.);
#186 = DIRECTION('',(0.,0.,1.));
#187 = ORIENTED_EDGE('',*,*,#188,.F.);
#188 = EDGE_CURVE('',#150,#181,#189,.T.);
#189 = LINE('',#190,#191);
#190 = CARTESIAN_POINT('',(58.,-13.,57.6));
#191 = VECTOR('',#192,1.);
#192 = DIRECTION('',(0.,1.,0.));
#193 = PLANE('',#194);
#194 = AXIS2_PLACEMENT_3D('',#195,#196,#197);
#195 = CARTESIAN_POINT('',(58.,-14.,0.));
#196 = DIRECTION('',(1.,0.,0.));
#197 = DIRECTION('',(0.,0.,1.));
#198 = ADVANCED_FACE('',(#199),#232,.T.);
#199 = FACE_BOUND('',#200,.T.);
#200 = EDGE_LOOP('',(#201,#209,#217,#225,#231));
#201 = ORIENTED_EDGE('',*,*,#202,.F.);
#202 = EDGE_CURVE('',#203,#173,#205,.T.);
#203 = VERTEX_POINT('',#204);
#204 = CARTESIAN_POINT('',(46.722585544894,-11.,0.));
#205 = LINE('',#206,#207);
#206 = CARTESIAN_POINT('',(45.,-11.,0.));
#207 = VECTOR('',#208,1.);
#208 = DIRECTION('',(1.,0.,0.));
#209 = ORIENTED_EDGE('',*,*,#210,.T.);
#210 = EDGE_CURVE('',#203,#211,#213,.T.);
#211 = VERTEX_POINT('',#212);
#212 = CARTESIAN_POINT('',(46.722585544895,-11.,47.6));
#213 = LINE('',#214,#215);
#214 = CARTESIAN_POINT('',(46.722585544895,-11.,0.));
#215 = VECTOR('',#216,1.);
#216 = DIRECTION('',(0.,0.,1.));
#217 = ORIENTED_EDGE('',*,*,#218,.F.);
#218 = EDGE_CURVE('',#219,#211,#221,.T.);
#219 = VERTEX_POINT('',#220);
#220 = CARTESIAN_POINT('',(48.,-11.,47.6));
#221 = LINE('',#222,#223);
#222 = CARTESIAN_POINT('',(46.5,-11.,47.6));
#223 = VECTOR('',#224,1.);
#224 = DIRECTION('',(-1.,0.,0.));
#225 = ORIENTED_EDGE('',*,*,#226,.F.);
#226 = EDGE_CURVE('',#181,#219,#227,.T.);
#227 = LINE('',#228,#229);
#228 = CARTESIAN_POINT('',(40.35,-11.,39.95));
#229 = VECTOR('',#230,1.);
#230 = DIRECTION('',(-0.707106781187,0.,-0.707106781187));
#231 = ORIENTED_EDGE('',*,*,#180,.F.);
#232 = PLANE('',#233);
#233 = AXIS2_PLACEMENT_3D('',#234,#235,#236);
#234 = CARTESIAN_POINT('',(45.,-11.,0.));
#235 = DIRECTION('',(0.,1.,0.));
#236 = DIRECTION('',(0.,0.,1.));
#237 = ADVANCED_FACE('',(#238),#254,.F.);
#238 = FACE_BOUND('',#239,.F.);
#239 = EDGE_LOOP('',(#240,#241,#247,#248));
#240 = ORIENTED_EDGE('',*,*,#226,.F.);
#241 = ORIENTED_EDGE('',*,*,#242,.T.);
#242 = EDGE_CURVE('',#181,#64,#243,.T.);
#243 = LINE('',#244,#245);
#244 = CARTESIAN_POINT('',(58.,-13.,57.6));
#245 = VECTOR('',#246,1.);
#246 = DIRECTION('',(0.,1.,0.));
#247 = ORIENTED_EDGE('',*,*,#116,.T.);
#248 = ORIENTED_EDGE('',*,*,#249,.F.);
#249 = EDGE_CURVE('',#219,#109,#250,.T.);
#250 = LINE('',#251,#252);
#251 = CARTESIAN_POINT('',(48.,-13.,47.6));
#252 = VECTOR('',#253,1.);
#253 = DIRECTION('',(0.,1.,0.));
#254 = PLANE('',#255);
#255 = AXIS2_PLACEMENT_3D('',#256,#257,#258);
#256 = CARTESIAN_POINT('',(58.,-13.,57.6));
#257 = DIRECTION('',(-0.707106781187,0.,0.707106781187));
#258 = DIRECTION('',(-0.707106781187,0.,-0.707106781187));
#259 = ADVANCED_FACE('',(#260),#319,.T.);
#260 = FACE_BOUND('',#261,.T.);
#261 = EDGE_LOOP('',(#262,#263,#264,#265,#274,#283,#292,#301,#310,#317,
    #318));
#262 = ORIENTED_EDGE('',*,*,#242,.T.);
#263 = ORIENTED_EDGE('',*,*,#78,.T.);
#264 = ORIENTED_EDGE('',*,*,#39,.F.);
#265 = ORIENTED_EDGE('',*,*,#266,.F.);
#266 = EDGE_CURVE('',#267,#32,#269,.T.);
#267 = VERTEX_POINT('',#268);
#268 = CARTESIAN_POINT('',(46.206060208592,13.,57.6));
#269 = CIRCLE('',#270,48.);
#270 = AXIS2_PLACEMENT_3D('',#271,#272,#273);
#271 = CARTESIAN_POINT('',(0.,0.,57.6));
#272 = DIRECTION('',(0.,0.,1.));
#273 = DIRECTION('',(1.,0.,0.));
#274 = ORIENTED_EDGE('',*,*,#275,.F.);
#275 = EDGE_CURVE('',#276,#267,#278,.T.);
#276 = VERTEX_POINT('',#277);
#277 = CARTESIAN_POINT('',(46.722585544895,10.999999999999,57.6));
#278 = CIRCLE('',#279,48.);
#279 = AXIS2_PLACEMENT_3D('',#280,#281,#282);
#280 = CARTESIAN_POINT('',(0.,0.,57.6));
#281 = DIRECTION('',(0.,0.,1.));
#282 = DIRECTION('',(1.,0.,0.));
#283 = ORIENTED_EDGE('',*,*,#284,.F.);
#284 = EDGE_CURVE('',#285,#276,#287,.T.);
#285 = VERTEX_POINT('',#286);
#286 = CARTESIAN_POINT('',(48.,-1.175660927181E-14,57.6));
#287 = CIRCLE('',#288,48.);
#288 = AXIS2_PLACEMENT_3D('',#289,#290,#291);
#289 = CARTESIAN_POINT('',(0.,0.,57.6));
#290 = DIRECTION('',(0.,0.,1.));
#291 = DIRECTION('',(1.,0.,0.));
#292 = ORIENTED_EDGE('',*,*,#293,.F.);
#293 = EDGE_CURVE('',#294,#285,#296,.T.);
#294 = VERTEX_POINT('',#295);
#295 = CARTESIAN_POINT('',(46.722585544895,-10.99999999999,57.6));
#296 = CIRCLE('',#297,48.);
#297 = AXIS2_PLACEMENT_3D('',#298,#299,#300);
#298 = CARTESIAN_POINT('',(0.,0.,57.6));
#299 = DIRECTION('',(0.,0.,1.));
#300 = DIRECTION('',(1.,0.,0.));
#301 = ORIENTED_EDGE('',*,*,#302,.F.);
#302 = EDGE_CURVE('',#303,#294,#305,.T.);
#303 = VERTEX_POINT('',#304);
#304 = CARTESIAN_POINT('',(46.206060208592,-13.,57.6));
#305 = CIRCLE('',#306,48.);
#306 = AXIS2_PLACEMENT_3D('',#307,#308,#309);
#307 = CARTESIAN_POINT('',(0.,0.,57.6));
#308 = DIRECTION('',(0.,0.,1.));
#309 = DIRECTION('',(1.,0.,0.));
#310 = ORIENTED_EDGE('',*,*,#311,.F.);
#311 = EDGE_CURVE('',#142,#303,#312,.T.);
#312 = CIRCLE('',#313,48.);
#313 = AXIS2_PLACEMENT_3D('',#314,#315,#316);
#314 = CARTESIAN_POINT('',(0.,0.,57.6));
#315 = DIRECTION('',(0.,0.,1.));
#316 = DIRECTION('',(1.,0.,0.));
#317 = ORIENTED_EDGE('',*,*,#149,.T.);
#318 = ORIENTED_EDGE('',*,*,#188,.T.);
#319 = PLANE('',#320);
#320 = AXIS2_PLACEMENT_3D('',#321,#322,#323);
#321 = CARTESIAN_POINT('',(52.409148820103,2.468951865364E-15,57.6));
#322 = DIRECTION('',(0.,0.,1.));
#323 = DIRECTION('',(1.,0.,0.));
#324 = ADVANCED_FACE('',(#325,#487),#516,.T.);
#325 = FACE_BOUND('',#326,.T.);
#326 = EDGE_LOOP('',(#327,#336,#337,#338,#339,#348,#355,#356,#357,#358,
    #367,#375,#384,#393,#401,#410,#418,#427,#436,#445,#454,#463,#472,
    #481));
#327 = ORIENTED_EDGE('',*,*,#328,.F.);
#328 = EDGE_CURVE('',#22,#329,#331,.T.);
#329 = VERTEX_POINT('',#330);
#330 = CARTESIAN_POINT('',(42.987950057818,21.355002922654,0.));
#331 = CIRCLE('',#332,48.);
#332 = AXIS2_PLACEMENT_3D('',#333,#334,#335);
#333 = CARTESIAN_POINT('',(0.,0.,0.));
#334 = DIRECTION('',(0.,0.,1.));
#335 = DIRECTION('',(1.,0.,0.));
#336 = ORIENTED_EDGE('',*,*,#21,.T.);
#337 = ORIENTED_EDGE('',*,*,#71,.F.);
#338 = ORIENTED_EDGE('',*,*,#92,.F.);
#339 = ORIENTED_EDGE('',*,*,#340,.F.);
#340 = EDGE_CURVE('',#341,#93,#343,.T.);
#341 = VERTEX_POINT('',#342);
#342 = CARTESIAN_POINT('',(48.,-1.175660927181E-14,0.));
#343 = CIRCLE('',#344,48.);
#344 = AXIS2_PLACEMENT_3D('',#345,#346,#347);
#345 = CARTESIAN_POINT('',(0.,0.,0.));
#346 = DIRECTION('',(0.,0.,1.));
#347 = DIRECTION('',(1.,0.,0.));
#348 = ORIENTED_EDGE('',*,*,#349,.F.);
#349 = EDGE_CURVE('',#203,#341,#350,.T.);
#350 = CIRCLE('',#351,48.);
#351 = AXIS2_PLACEMENT_3D('',#352,#353,#354);
#352 = CARTESIAN_POINT('',(0.,0.,0.));
#353 = DIRECTION('',(0.,0.,1.));
#354 = DIRECTION('',(1.,0.,0.));
#355 = ORIENTED_EDGE('',*,*,#202,.T.);
#356 = ORIENTED_EDGE('',*,*,#172,.F.);
#357 = ORIENTED_EDGE('',*,*,#131,.F.);
#358 = ORIENTED_EDGE('',*,*,#359,.F.);
#359 = EDGE_CURVE('',#360,#132,#362,.T.);
#360 = VERTEX_POINT('',#361);
#361 = CARTESIAN_POINT('',(44.987803063839,-16.73611590212,0.));
#362 = CIRCLE('',#363,48.);
#363 = AXIS2_PLACEMENT_3D('',#364,#365,#366);
#364 = CARTESIAN_POINT('',(0.,0.,0.));
#365 = DIRECTION('',(0.,0.,1.));
#366 = DIRECTION('',(1.,0.,0.));
#367 = ORIENTED_EDGE('',*,*,#368,.T.);
#368 = EDGE_CURVE('',#360,#369,#371,.T.);
#369 = VERTEX_POINT('',#370);
#370 = CARTESIAN_POINT('',(49.899346400575,-19.57179676972,0.));
#371 = LINE('',#372,#373);
#372 = CARTESIAN_POINT('',(42.105117766515,-15.07179676972,0.));
#373 = VECTOR('',#374,1.);
#374 = DIRECTION('',(0.866025403784,-0.5,0.));
#375 = ORIENTED_EDGE('',*,*,#376,.F.);
#376 = EDGE_CURVE('',#377,#369,#379,.T.);
#377 = VERTEX_POINT('',#378);
#378 = CARTESIAN_POINT('',(53.899346400575,-26.5,0.));
#379 = CIRCLE('',#380,8.);
#380 = AXIS2_PLACEMENT_3D('',#381,#382,#383);
#381 = CARTESIAN_POINT('',(45.899346400575,-26.5,0.));
#382 = DIRECTION('',(0.,0.,1.));
#383 = DIRECTION('',(1.,0.,0.));
#384 = ORIENTED_EDGE('',*,*,#385,.F.);
#385 = EDGE_CURVE('',#386,#377,#388,.T.);
#386 = VERTEX_POINT('',#387);
#387 = CARTESIAN_POINT('',(41.899346400575,-33.42820323027,0.));
#388 = CIRCLE('',#389,8.);
#389 = AXIS2_PLACEMENT_3D('',#390,#391,#392);
#390 = CARTESIAN_POINT('',(45.899346400575,-26.5,0.));
#391 = DIRECTION('',(0.,0.,1.));
#392 = DIRECTION('',(1.,0.,0.));
#393 = ORIENTED_EDGE('',*,*,#394,.F.);
#394 = EDGE_CURVE('',#395,#386,#397,.T.);
#395 = VERTEX_POINT('',#396);
#396 = CARTESIAN_POINT('',(36.987803063838,-30.59252236267,0.));
#397 = LINE('',#398,#399);
#398 = CARTESIAN_POINT('',(34.105117766515,-28.92820323027,0.));
#399 = VECTOR('',#400,1.);
#400 = DIRECTION('',(0.866025403784,-0.5,0.));
#401 = ORIENTED_EDGE('',*,*,#402,.F.);
#402 = EDGE_CURVE('',#403,#395,#405,.T.);
#403 = VERTEX_POINT('',#404);
#404 = CARTESIAN_POINT('',(26.55115534536,-39.98795005781,0.));
#405 = CIRCLE('',#406,48.);
#406 = AXIS2_PLACEMENT_3D('',#407,#408,#409);
#407 = CARTESIAN_POINT('',(0.,0.,0.));
#408 = DIRECTION('',(0.,0.,1.));
#409 = DIRECTION('',(1.,0.,0.));
#410 = ORIENTED_EDGE('',*,*,#411,.F.);
#411 = EDGE_CURVE('',#412,#403,#414,.T.);
#412 = VERTEX_POINT('',#413);
#413 = CARTESIAN_POINT('',(24.546880279001,-36.51644381054,0.));
#414 = LINE('',#415,#416);
#415 = CARTESIAN_POINT('',(22.598076211353,-33.14101615137,0.));
#416 = VECTOR('',#417,1.);
#417 = DIRECTION('',(0.5,-0.866025403784,0.));
#418 = ORIENTED_EDGE('',*,*,#419,.T.);
#419 = EDGE_CURVE('',#412,#420,#422,.T.);
#420 = VERTEX_POINT('',#421);
#421 = CARTESIAN_POINT('',(38.105117687837,-22.00000013627,0.));
#422 = CIRCLE('',#423,44.);
#423 = AXIS2_PLACEMENT_3D('',#424,#425,#426);
#424 = CARTESIAN_POINT('',(0.,0.,0.));
#425 = DIRECTION('',(0.,0.,1.));
#426 = DIRECTION('',(1.,0.,0.));
#427 = ORIENTED_EDGE('',*,*,#428,.T.);
#428 = EDGE_CURVE('',#420,#429,#431,.T.);
#429 = VERTEX_POINT('',#430);
#430 = CARTESIAN_POINT('',(42.917478956714,-9.699999999999,0.));
#431 = CIRCLE('',#432,44.);
#432 = AXIS2_PLACEMENT_3D('',#433,#434,#435);
#433 = CARTESIAN_POINT('',(0.,0.,0.));
#434 = DIRECTION('',(0.,0.,1.));
#435 = DIRECTION('',(1.,0.,0.));
#436 = ORIENTED_EDGE('',*,*,#437,.T.);
#437 = EDGE_CURVE('',#429,#438,#440,.T.);
#438 = VERTEX_POINT('',#439);
#439 = CARTESIAN_POINT('',(43.486894577562,-6.700000000001,0.));
#440 = CIRCLE('',#441,44.);
#441 = AXIS2_PLACEMENT_3D('',#442,#443,#444);
#442 = CARTESIAN_POINT('',(0.,0.,0.));
#443 = DIRECTION('',(0.,0.,1.));
#444 = DIRECTION('',(1.,0.,0.));
#445 = ORIENTED_EDGE('',*,*,#446,.T.);
#446 = EDGE_CURVE('',#438,#447,#449,.T.);
#447 = VERTEX_POINT('',#448);
#448 = CARTESIAN_POINT('',(44.,-1.07768918325E-14,0.));
#449 = CIRCLE('',#450,44.);
#450 = AXIS2_PLACEMENT_3D('',#451,#452,#453);
#451 = CARTESIAN_POINT('',(0.,0.,0.));
#452 = DIRECTION('',(0.,0.,1.));
#453 = DIRECTION('',(1.,0.,0.));
#454 = ORIENTED_EDGE('',*,*,#455,.T.);
#455 = EDGE_CURVE('',#447,#456,#458,.T.);
#456 = VERTEX_POINT('',#457);
#457 = CARTESIAN_POINT('',(43.486894577562,6.700000000001,0.));
#458 = CIRCLE('',#459,44.);
#459 = AXIS2_PLACEMENT_3D('',#460,#461,#462);
#460 = CARTESIAN_POINT('',(0.,0.,0.));
#461 = DIRECTION('',(0.,0.,1.));
#462 = DIRECTION('',(1.,0.,0.));
#463 = ORIENTED_EDGE('',*,*,#464,.T.);
#464 = EDGE_CURVE('',#456,#465,#467,.T.);
#465 = VERTEX_POINT('',#466);
#466 = CARTESIAN_POINT('',(42.917478956714,9.7,0.));
#467 = CIRCLE('',#468,44.);
#468 = AXIS2_PLACEMENT_3D('',#469,#470,#471);
#469 = CARTESIAN_POINT('',(0.,0.,0.));
#470 = DIRECTION('',(0.,0.,1.));
#471 = DIRECTION('',(1.,0.,0.));
#472 = ORIENTED_EDGE('',*,*,#473,.T.);
#473 = EDGE_CURVE('',#465,#474,#476,.T.);
#474 = VERTEX_POINT('',#475);
#475 = CARTESIAN_POINT('',(39.516443810541,19.350727856294,0.));
#476 = CIRCLE('',#477,44.);
#477 = AXIS2_PLACEMENT_3D('',#478,#479,#480);
#478 = CARTESIAN_POINT('',(0.,0.,0.));
#479 = DIRECTION('',(0.,0.,1.));
#480 = DIRECTION('',(1.,0.,0.));
#481 = ORIENTED_EDGE('',*,*,#482,.T.);
#482 = EDGE_CURVE('',#474,#329,#483,.T.);
#483 = LINE('',#484,#485);
#484 = CARTESIAN_POINT('',(36.141016151378,17.401923788647,0.));
#485 = VECTOR('',#486,1.);
#486 = DIRECTION('',(0.866025403784,0.5,0.));
#487 = FACE_BOUND('',#488,.T.);
#488 = EDGE_LOOP('',(#489,#500,#509));
#489 = ORIENTED_EDGE('',*,*,#490,.T.);
#490 = EDGE_CURVE('',#491,#493,#495,.T.);
#491 = VERTEX_POINT('',#492);
#492 = CARTESIAN_POINT('',(46.999346400575,-24.59474411167,0.));
#493 = VERTEX_POINT('',#494);
#494 = CARTESIAN_POINT('',(44.799346400575,-28.40525588832,0.));
#495 = CIRCLE('',#496,2.2);
#496 = AXIS2_PLACEMENT_3D('',#497,#498,#499);
#497 = CARTESIAN_POINT('',(45.899346400575,-26.5,0.));
#498 = DIRECTION('',(0.,0.,1.));
#499 = DIRECTION('',(1.,0.,0.));
#500 = ORIENTED_EDGE('',*,*,#501,.T.);
#501 = EDGE_CURVE('',#493,#502,#504,.T.);
#502 = VERTEX_POINT('',#503);
#503 = CARTESIAN_POINT('',(48.099346400575,-26.5,0.));
#504 = CIRCLE('',#505,2.2);
#505 = AXIS2_PLACEMENT_3D('',#506,#507,#508);
#506 = CARTESIAN_POINT('',(45.899346400575,-26.5,0.));
#507 = DIRECTION('',(0.,0.,1.));
#508 = DIRECTION('',(1.,0.,0.));
#509 = ORIENTED_EDGE('',*,*,#510,.T.);
#510 = EDGE_CURVE('',#502,#491,#511,.T.);
#511 = CIRCLE('',#512,2.2);
#512 = AXIS2_PLACEMENT_3D('',#513,#514,#515);
#513 = CARTESIAN_POINT('',(45.899346400575,-26.5,0.));
#514 = DIRECTION('',(0.,0.,1.));
#515 = DIRECTION('',(1.,0.,0.));
#516 = PLANE('',#517);
#517 = AXIS2_PLACEMENT_3D('',#518,#519,#520);
#518 = CARTESIAN_POINT('',(44.602434622823,-10.29924575941,0.));
#519 = DIRECTION('',(-0.,-0.,-1.));
#520 = DIRECTION('',(-1.,0.,0.));
#521 = ADVANCED_FACE('',(#522),#557,.F.);
#522 = FACE_BOUND('',#523,.F.);
#523 = EDGE_LOOP('',(#524,#535,#543,#551));
#524 = ORIENTED_EDGE('',*,*,#525,.F.);
#525 = EDGE_CURVE('',#526,#528,#530,.T.);
#526 = VERTEX_POINT('',#527);
#527 = CARTESIAN_POINT('',(-43.6916467989,5.2,17.002221399786));
#528 = VERTEX_POINT('',#529);
#529 = CARTESIAN_POINT('',(-44.,3.67666082758E-16,20.004442799572));
#530 = ELLIPSE('',#531,50.806823688687,44.);
#531 = AXIS2_PLACEMENT_3D('',#532,#533,#534);
#532 = CARTESIAN_POINT('',(0.,0.,20.004442799572));
#533 = DIRECTION('',(-0.,0.5,0.866025403784));
#534 = DIRECTION('',(0.,-0.866025403784,0.5));
#535 = ORIENTED_EDGE('',*,*,#536,.T.);
#536 = EDGE_CURVE('',#526,#537,#539,.T.);
#537 = VERTEX_POINT('',#538);
#538 = CARTESIAN_POINT('',(-49.,5.2,17.002221399786));
#539 = LINE('',#540,#541);
#540 = CARTESIAN_POINT('',(-42.9,5.2,17.002221399786));
#541 = VECTOR('',#542,1.);
#542 = DIRECTION('',(-1.,0.,0.));
#543 = ORIENTED_EDGE('',*,*,#544,.T.);
#544 = EDGE_CURVE('',#537,#545,#547,.T.);
#545 = VERTEX_POINT('',#546);
#546 = CARTESIAN_POINT('',(-49.,3.67666082758E-16,20.004442799572));
#547 = LINE('',#548,#549);
#548 = CARTESIAN_POINT('',(-49.,5.2,17.002221399786));
#549 = VECTOR('',#550,1.);
#550 = DIRECTION('',(0.,-0.866025403784,0.5));
#551 = ORIENTED_EDGE('',*,*,#552,.F.);
#552 = EDGE_CURVE('',#528,#545,#553,.T.);
#553 = LINE('',#554,#555);
#554 = CARTESIAN_POINT('',(-42.9,3.67666082758E-16,20.004442799572));
#555 = VECTOR('',#556,1.);
#556 = DIRECTION('',(-1.,0.,0.));
#557 = PLANE('',#558);
#558 = AXIS2_PLACEMENT_3D('',#559,#560,#561);
#559 = CARTESIAN_POINT('',(-42.9,5.2,17.002221399786));
#560 = DIRECTION('',(0.,0.5,0.866025403784));
#561 = DIRECTION('',(0.,-0.866025403784,0.5));
#562 = ADVANCED_FACE('',(#563),#588,.F.);
#563 = FACE_BOUND('',#564,.F.);
#564 = EDGE_LOOP('',(#565,#573,#581,#587));
#565 = ORIENTED_EDGE('',*,*,#566,.F.);
#566 = EDGE_CURVE('',#567,#526,#569,.T.);
#567 = VERTEX_POINT('',#568);
#568 = CARTESIAN_POINT('',(-43.6916467989,5.2,10.997778600214));
#569 = LINE('',#570,#571);
#570 = CARTESIAN_POINT('',(-43.6916467989,5.2,-1.));
#571 = VECTOR('',#572,1.);
#572 = DIRECTION('',(0.,0.,1.));
#573 = ORIENTED_EDGE('',*,*,#574,.T.);
#574 = EDGE_CURVE('',#567,#575,#577,.T.);
#575 = VERTEX_POINT('',#576);
#576 = CARTESIAN_POINT('',(-49.,5.2,10.997778600214));
#577 = LINE('',#578,#579);
#578 = CARTESIAN_POINT('',(-42.9,5.2,10.997778600214));
#579 = VECTOR('',#580,1.);
#580 = DIRECTION('',(-1.,0.,0.));
#581 = ORIENTED_EDGE('',*,*,#582,.T.);
#582 = EDGE_CURVE('',#575,#537,#583,.T.);
#583 = LINE('',#584,#585);
#584 = CARTESIAN_POINT('',(-49.,5.2,10.997778600214));
#585 = VECTOR('',#586,1.);
#586 = DIRECTION('',(0.,2.958404132898E-16,1.));
#587 = ORIENTED_EDGE('',*,*,#536,.F.);
#588 = PLANE('',#589);
#589 = AXIS2_PLACEMENT_3D('',#590,#591,#592);
#590 = CARTESIAN_POINT('',(-42.9,5.2,10.997778600214));
#591 = DIRECTION('',(0.,1.,-2.958404132898E-16));
#592 = DIRECTION('',(0.,2.958404132898E-16,1.));
#593 = ADVANCED_FACE('',(#594),#620,.F.);
#594 = FACE_BOUND('',#595,.F.);
#595 = EDGE_LOOP('',(#596,#605,#606,#614));
#596 = ORIENTED_EDGE('',*,*,#597,.F.);
#597 = EDGE_CURVE('',#528,#598,#600,.T.);
#598 = VERTEX_POINT('',#599);
#599 = CARTESIAN_POINT('',(-43.6916467989,-5.2,17.002221399786));
#600 = ELLIPSE('',#601,50.806823688687,44.);
#601 = AXIS2_PLACEMENT_3D('',#602,#603,#604);
#602 = CARTESIAN_POINT('',(0.,0.,20.004442799572));
#603 = DIRECTION('',(0.,-0.5,0.866025403784));
#604 = DIRECTION('',(0.,0.866025403784,0.5));
#605 = ORIENTED_EDGE('',*,*,#552,.T.);
#606 = ORIENTED_EDGE('',*,*,#607,.T.);
#607 = EDGE_CURVE('',#545,#608,#610,.T.);
#608 = VERTEX_POINT('',#609);
#609 = CARTESIAN_POINT('',(-49.,-5.2,17.002221399786));
#610 = LINE('',#611,#612);
#611 = CARTESIAN_POINT('',(-49.,3.67666082758E-16,20.004442799572));
#612 = VECTOR('',#613,1.);
#613 = DIRECTION('',(0.,-0.866025403784,-0.5));
#614 = ORIENTED_EDGE('',*,*,#615,.F.);
#615 = EDGE_CURVE('',#598,#608,#616,.T.);
#616 = LINE('',#617,#618);
#617 = CARTESIAN_POINT('',(-42.9,-5.2,17.002221399786));
#618 = VECTOR('',#619,1.);
#619 = DIRECTION('',(-1.,0.,0.));
#620 = PLANE('',#621);
#621 = AXIS2_PLACEMENT_3D('',#622,#623,#624);
#622 = CARTESIAN_POINT('',(-42.9,3.67666082758E-16,20.004442799572));
#623 = DIRECTION('',(0.,-0.5,0.866025403784));
#624 = DIRECTION('',(0.,-0.866025403784,-0.5));
#625 = ADVANCED_FACE('',(#626),#652,.F.);
#626 = FACE_BOUND('',#627,.F.);
#627 = EDGE_LOOP('',(#628,#637,#645,#651));
#628 = ORIENTED_EDGE('',*,*,#629,.F.);
#629 = EDGE_CURVE('',#630,#567,#632,.T.);
#630 = VERTEX_POINT('',#631);
#631 = CARTESIAN_POINT('',(-44.,-1.102998248274E-15,7.995557200428));
#632 = ELLIPSE('',#633,50.806823688687,44.);
#633 = AXIS2_PLACEMENT_3D('',#634,#635,#636);
#634 = CARTESIAN_POINT('',(0.,0.,7.995557200428));
#635 = DIRECTION('',(0.,0.5,-0.866025403784));
#636 = DIRECTION('',(0.,0.866025403784,0.5));
#637 = ORIENTED_EDGE('',*,*,#638,.T.);
#638 = EDGE_CURVE('',#630,#639,#641,.T.);
#639 = VERTEX_POINT('',#640);
#640 = CARTESIAN_POINT('',(-49.,-1.102998248274E-15,7.995557200428));
#641 = LINE('',#642,#643);
#642 = CARTESIAN_POINT('',(-42.9,-1.102998248274E-15,7.995557200428));
#643 = VECTOR('',#644,1.);
#644 = DIRECTION('',(-1.,0.,0.));
#645 = ORIENTED_EDGE('',*,*,#646,.T.);
#646 = EDGE_CURVE('',#639,#575,#647,.T.);
#647 = LINE('',#648,#649);
#648 = CARTESIAN_POINT('',(-49.,-1.102998248274E-15,7.995557200428));
#649 = VECTOR('',#650,1.);
#650 = DIRECTION('',(0.,0.866025403784,0.5));
#651 = ORIENTED_EDGE('',*,*,#574,.F.);
#652 = PLANE('',#653);
#653 = AXIS2_PLACEMENT_3D('',#654,#655,#656);
#654 = CARTESIAN_POINT('',(-42.9,-1.102998248274E-15,7.995557200428));
#655 = DIRECTION('',(0.,0.5,-0.866025403784));
#656 = DIRECTION('',(0.,0.866025403784,0.5));
#657 = ADVANCED_FACE('',(#658),#683,.F.);
#658 = FACE_BOUND('',#659,.F.);
#659 = EDGE_LOOP('',(#660,#668,#669,#677));
#660 = ORIENTED_EDGE('',*,*,#661,.T.);
#661 = EDGE_CURVE('',#662,#598,#664,.T.);
#662 = VERTEX_POINT('',#663);
#663 = CARTESIAN_POINT('',(-43.6916467989,-5.2,10.997778600214));
#664 = LINE('',#665,#666);
#665 = CARTESIAN_POINT('',(-43.6916467989,-5.2,-1.));
#666 = VECTOR('',#667,1.);
#667 = DIRECTION('',(0.,0.,1.));
#668 = ORIENTED_EDGE('',*,*,#615,.T.);
#669 = ORIENTED_EDGE('',*,*,#670,.T.);
#670 = EDGE_CURVE('',#608,#671,#673,.T.);
#671 = VERTEX_POINT('',#672);
#672 = CARTESIAN_POINT('',(-49.,-5.2,10.997778600214));
#673 = LINE('',#674,#675);
#674 = CARTESIAN_POINT('',(-49.,-5.2,17.002221399786));
#675 = VECTOR('',#676,1.);
#676 = DIRECTION('',(0.,0.,-1.));
#677 = ORIENTED_EDGE('',*,*,#678,.F.);
#678 = EDGE_CURVE('',#662,#671,#679,.T.);
#679 = LINE('',#680,#681);
#680 = CARTESIAN_POINT('',(-42.9,-5.2,10.997778600214));
#681 = VECTOR('',#682,1.);
#682 = DIRECTION('',(-1.,0.,0.));
#683 = PLANE('',#684);
#684 = AXIS2_PLACEMENT_3D('',#685,#686,#687);
#685 = CARTESIAN_POINT('',(-42.9,-5.2,17.002221399786));
#686 = DIRECTION('',(-0.,-1.,-0.));
#687 = DIRECTION('',(0.,0.,-1.));
#688 = ADVANCED_FACE('',(#689),#706,.F.);
#689 = FACE_BOUND('',#690,.F.);
#690 = EDGE_LOOP('',(#691,#698,#699,#705));
#691 = ORIENTED_EDGE('',*,*,#692,.F.);
#692 = EDGE_CURVE('',#662,#630,#693,.T.);
#693 = ELLIPSE('',#694,50.806823688687,44.);
#694 = AXIS2_PLACEMENT_3D('',#695,#696,#697);
#695 = CARTESIAN_POINT('',(0.,0.,7.995557200428));
#696 = DIRECTION('',(-0.,-0.5,-0.866025403784));
#697 = DIRECTION('',(0.,-0.866025403784,0.5));
#698 = ORIENTED_EDGE('',*,*,#678,.T.);
#699 = ORIENTED_EDGE('',*,*,#700,.T.);
#700 = EDGE_CURVE('',#671,#639,#701,.T.);
#701 = LINE('',#702,#703);
#702 = CARTESIAN_POINT('',(-49.,-5.2,10.997778600214));
#703 = VECTOR('',#704,1.);
#704 = DIRECTION('',(0.,0.866025403784,-0.5));
#705 = ORIENTED_EDGE('',*,*,#638,.F.);
#706 = PLANE('',#707);
#707 = AXIS2_PLACEMENT_3D('',#708,#709,#710);
#708 = CARTESIAN_POINT('',(-42.9,-5.2,10.997778600214));
#709 = DIRECTION('',(-0.,-0.5,-0.866025403784));
#710 = DIRECTION('',(0.,0.866025403784,-0.5));
#711 = ADVANCED_FACE('',(#712,#720),#731,.T.);
#712 = FACE_BOUND('',#713,.T.);
#713 = EDGE_LOOP('',(#714,#715,#716,#717,#718,#719));
#714 = ORIENTED_EDGE('',*,*,#607,.T.);
#715 = ORIENTED_EDGE('',*,*,#670,.T.);
#716 = ORIENTED_EDGE('',*,*,#700,.T.);
#717 = ORIENTED_EDGE('',*,*,#646,.T.);
#718 = ORIENTED_EDGE('',*,*,#582,.T.);
#719 = ORIENTED_EDGE('',*,*,#544,.T.);
#720 = FACE_BOUND('',#721,.T.);
#721 = EDGE_LOOP('',(#722));
#722 = ORIENTED_EDGE('',*,*,#723,.F.);
#723 = EDGE_CURVE('',#724,#724,#726,.T.);
#724 = VERTEX_POINT('',#725);
#725 = CARTESIAN_POINT('',(-49.,7.960204194458E-16,17.25));
#726 = CIRCLE('',#727,3.25);
#727 = AXIS2_PLACEMENT_3D('',#728,#729,#730);
#728 = CARTESIAN_POINT('',(-49.,0.,14.));
#729 = DIRECTION('',(1.,0.,-0.));
#730 = DIRECTION('',(0.,0.,1.));
#731 = PLANE('',#732);
#732 = AXIS2_PLACEMENT_3D('',#733,#734,#735);
#733 = CARTESIAN_POINT('',(-49.,1.80097934379E-17,14.));
#734 = DIRECTION('',(1.,0.,0.));
#735 = DIRECTION('',(0.,0.,1.));
#736 = ADVANCED_FACE('',(#737),#756,.F.);
#737 = FACE_BOUND('',#738,.F.);
#738 = EDGE_LOOP('',(#739,#740,#748,#755));
#739 = ORIENTED_EDGE('',*,*,#723,.F.);
#740 = ORIENTED_EDGE('',*,*,#741,.F.);
#741 = EDGE_CURVE('',#742,#724,#744,.T.);
#742 = VERTEX_POINT('',#743);
#743 = CARTESIAN_POINT('',(-56.,7.960204194458E-16,17.25));
#744 = LINE('',#745,#746);
#745 = CARTESIAN_POINT('',(-68.,7.960204194458E-16,17.25));
#746 = VECTOR('',#747,1.);
#747 = DIRECTION('',(1.,0.,0.));
#748 = ORIENTED_EDGE('',*,*,#749,.T.);
#749 = EDGE_CURVE('',#742,#742,#750,.T.);
#750 = CIRCLE('',#751,3.25);
#751 = AXIS2_PLACEMENT_3D('',#752,#753,#754);
#752 = CARTESIAN_POINT('',(-56.,0.,14.));
#753 = DIRECTION('',(1.,0.,-0.));
#754 = DIRECTION('',(0.,0.,1.));
#755 = ORIENTED_EDGE('',*,*,#741,.T.);
#756 = CYLINDRICAL_SURFACE('',#757,3.25);
#757 = AXIS2_PLACEMENT_3D('',#758,#759,#760);
#758 = CARTESIAN_POINT('',(-68.,0.,14.));
#759 = DIRECTION('',(1.,0.,0.));
#760 = DIRECTION('',(0.,0.,1.));
#761 = ADVANCED_FACE('',(#762),#814,.T.);
#762 = FACE_BOUND('',#763,.T.);
#763 = EDGE_LOOP('',(#764,#774,#783,#791,#799,#808));
#764 = ORIENTED_EDGE('',*,*,#765,.T.);
#765 = EDGE_CURVE('',#766,#768,#770,.T.);
#766 = VERTEX_POINT('',#767);
#767 = CARTESIAN_POINT('',(34.105117766515,-28.92820323027,43.));
#768 = VERTEX_POINT('',#769);
#769 = CARTESIAN_POINT('',(38.105117766515,-22.,43.));
#770 = LINE('',#771,#772);
#771 = CARTESIAN_POINT('',(36.105117766515,-25.46410161513,43.));
#772 = VECTOR('',#773,1.);
#773 = DIRECTION('',(0.5,0.866025403784,0.));
#774 = ORIENTED_EDGE('',*,*,#775,.F.);
#775 = EDGE_CURVE('',#776,#768,#778,.T.);
#776 = VERTEX_POINT('',#777);
#777 = CARTESIAN_POINT('',(-38.10511776651,-22.,43.));
#778 = CIRCLE('',#779,44.);
#779 = AXIS2_PLACEMENT_3D('',#780,#781,#782);
#780 = CARTESIAN_POINT('',(0.,0.,43.));
#781 = DIRECTION('',(0.,0.,1.));
#782 = DIRECTION('',(1.,0.,0.));
#783 = ORIENTED_EDGE('',*,*,#784,.T.);
#784 = EDGE_CURVE('',#776,#785,#787,.T.);
#785 = VERTEX_POINT('',#786);
#786 = CARTESIAN_POINT('',(-34.10511776651,-28.92820323027,43.));
#787 = LINE('',#788,#789);
#788 = CARTESIAN_POINT('',(-40.10511776651,-18.53589838486,43.));
#789 = VECTOR('',#790,1.);
#790 = DIRECTION('',(0.5,-0.866025403784,0.));
#791 = ORIENTED_EDGE('',*,*,#792,.F.);
#792 = EDGE_CURVE('',#793,#785,#795,.T.);
#793 = VERTEX_POINT('',#794);
#794 = CARTESIAN_POINT('',(-34.70232551152,-29.27300128261,43.));
#795 = LINE('',#796,#797);
#796 = CARTESIAN_POINT('',(-15.05255888325,-17.92820323027,43.));
#797 = VECTOR('',#798,1.);
#798 = DIRECTION('',(0.866025403784,0.5,0.));
#799 = ORIENTED_EDGE('',*,*,#800,.T.);
#800 = EDGE_CURVE('',#793,#801,#803,.T.);
#801 = VERTEX_POINT('',#802);
#802 = CARTESIAN_POINT('',(34.702325511524,-29.27300128261,43.));
#803 = CIRCLE('',#804,45.4);
#804 = AXIS2_PLACEMENT_3D('',#805,#806,#807);
#805 = CARTESIAN_POINT('',(0.,0.,43.));
#806 = DIRECTION('',(0.,0.,1.));
#807 = DIRECTION('',(1.,0.,0.));
#808 = ORIENTED_EDGE('',*,*,#809,.T.);
#809 = EDGE_CURVE('',#801,#766,#810,.T.);
#810 = LINE('',#811,#812);
#811 = CARTESIAN_POINT('',(15.052558883258,-17.92820323027,43.));
#812 = VECTOR('',#813,1.);
#813 = DIRECTION('',(-0.866025403784,0.5,0.));
#814 = PLANE('',#815);
#815 = AXIS2_PLACEMENT_3D('',#816,#817,#818);
#816 = CARTESIAN_POINT('',(0.,0.,43.));
#817 = DIRECTION('',(0.,0.,1.));
#818 = DIRECTION('',(1.,0.,0.));
#819 = ADVANCED_FACE('',(#820),#845,.F.);
#820 = FACE_BOUND('',#821,.F.);
#821 = EDGE_LOOP('',(#822,#823,#831,#839));
#822 = ORIENTED_EDGE('',*,*,#809,.T.);
#823 = ORIENTED_EDGE('',*,*,#824,.T.);
#824 = EDGE_CURVE('',#766,#825,#827,.T.);
#825 = VERTEX_POINT('',#826);
#826 = CARTESIAN_POINT('',(34.105117766515,-28.92820323027,57.));
#827 = LINE('',#828,#829);
#828 = CARTESIAN_POINT('',(34.105117766515,-28.92820323027,0.));
#829 = VECTOR('',#830,1.);
#830 = DIRECTION('',(0.,0.,1.));
#831 = ORIENTED_EDGE('',*,*,#832,.F.);
#832 = EDGE_CURVE('',#833,#825,#835,.T.);
#833 = VERTEX_POINT('',#834);
#834 = CARTESIAN_POINT('',(34.702325511524,-29.27300128261,57.));
#835 = LINE('',#836,#837);
#836 = CARTESIAN_POINT('',(15.052558883258,-17.92820323027,57.));
#837 = VECTOR('',#838,1.);
#838 = DIRECTION('',(-0.866025403784,0.5,0.));
#839 = ORIENTED_EDGE('',*,*,#840,.F.);
#840 = EDGE_CURVE('',#801,#833,#841,.T.);
#841 = LINE('',#842,#843);
#842 = CARTESIAN_POINT('',(34.702325511524,-29.27300128261,43.));
#843 = VECTOR('',#844,1.);
#844 = DIRECTION('',(0.,0.,1.));
#845 = PLANE('',#846);
#846 = AXIS2_PLACEMENT_3D('',#847,#848,#849);
#847 = CARTESIAN_POINT('',(34.105117766515,-28.92820323027,0.));
#848 = DIRECTION('',(0.5,0.866025403784,0.));
#849 = DIRECTION('',(0.,0.,1.));
#850 = ADVANCED_FACE('',(#851),#894,.F.);
#851 = FACE_BOUND('',#852,.F.);
#852 = EDGE_LOOP('',(#853,#861,#870,#878,#886,#893));
#853 = ORIENTED_EDGE('',*,*,#854,.T.);
#854 = EDGE_CURVE('',#825,#855,#857,.T.);
#855 = VERTEX_POINT('',#856);
#856 = CARTESIAN_POINT('',(38.105117766515,-22.,57.));
#857 = LINE('',#858,#859);
#858 = CARTESIAN_POINT('',(36.105117766515,-25.46410161513,57.));
#859 = VECTOR('',#860,1.);
#860 = DIRECTION('',(0.5,0.866025403784,0.));
#861 = ORIENTED_EDGE('',*,*,#862,.F.);
#862 = EDGE_CURVE('',#863,#855,#865,.T.);
#863 = VERTEX_POINT('',#864);
#864 = CARTESIAN_POINT('',(-38.10511776651,-22.,57.));
#865 = CIRCLE('',#866,44.);
#866 = AXIS2_PLACEMENT_3D('',#867,#868,#869);
#867 = CARTESIAN_POINT('',(0.,0.,57.));
#868 = DIRECTION('',(0.,0.,1.));
#869 = DIRECTION('',(1.,0.,0.));
#870 = ORIENTED_EDGE('',*,*,#871,.T.);
#871 = EDGE_CURVE('',#863,#872,#874,.T.);
#872 = VERTEX_POINT('',#873);
#873 = CARTESIAN_POINT('',(-34.10511776651,-28.92820323027,57.));
#874 = LINE('',#875,#876);
#875 = CARTESIAN_POINT('',(-40.10511776651,-18.53589838486,57.));
#876 = VECTOR('',#877,1.);
#877 = DIRECTION('',(0.5,-0.866025403784,0.));
#878 = ORIENTED_EDGE('',*,*,#879,.F.);
#879 = EDGE_CURVE('',#880,#872,#882,.T.);
#880 = VERTEX_POINT('',#881);
#881 = CARTESIAN_POINT('',(-34.70232551152,-29.27300128261,57.));
#882 = LINE('',#883,#884);
#883 = CARTESIAN_POINT('',(-15.05255888325,-17.92820323027,57.));
#884 = VECTOR('',#885,1.);
#885 = DIRECTION('',(0.866025403784,0.5,0.));
#886 = ORIENTED_EDGE('',*,*,#887,.T.);
#887 = EDGE_CURVE('',#880,#833,#888,.T.);
#888 = CIRCLE('',#889,45.4);
#889 = AXIS2_PLACEMENT_3D('',#890,#891,#892);
#890 = CARTESIAN_POINT('',(0.,0.,57.));
#891 = DIRECTION('',(0.,0.,1.));
#892 = DIRECTION('',(1.,0.,0.));
#893 = ORIENTED_EDGE('',*,*,#832,.T.);
#894 = PLANE('',#895);
#895 = AXIS2_PLACEMENT_3D('',#896,#897,#898);
#896 = CARTESIAN_POINT('',(0.,0.,57.));
#897 = DIRECTION('',(0.,0.,1.));
#898 = DIRECTION('',(1.,0.,0.));
#899 = ADVANCED_FACE('',(#900,#911,#947,#983,#1019,#1055,#1091),#1127,
  .F.);
#900 = FACE_BOUND('',#901,.F.);
#901 = EDGE_LOOP('',(#902,#903,#904,#905));
#902 = ORIENTED_EDGE('',*,*,#800,.T.);
#903 = ORIENTED_EDGE('',*,*,#840,.T.);
#904 = ORIENTED_EDGE('',*,*,#887,.F.);
#905 = ORIENTED_EDGE('',*,*,#906,.F.);
#906 = EDGE_CURVE('',#793,#880,#907,.T.);
#907 = LINE('',#908,#909);
#908 = CARTESIAN_POINT('',(-34.70232551152,-29.27300128261,43.));
#909 = VECTOR('',#910,1.);
#910 = DIRECTION('',(0.,0.,1.));
#911 = FACE_BOUND('',#912,.F.);
#912 = EDGE_LOOP('',(#913,#924,#932,#941));
#913 = ORIENTED_EDGE('',*,*,#914,.F.);
#914 = EDGE_CURVE('',#915,#917,#919,.T.);
#915 = VERTEX_POINT('',#916);
#916 = CARTESIAN_POINT('',(-28.44091185639,-35.38749119077,46.));
#917 = VERTEX_POINT('',#918);
#918 = CARTESIAN_POINT('',(-23.52599959065,-38.82894980887,46.));
#919 = CIRCLE('',#920,45.4);
#920 = AXIS2_PLACEMENT_3D('',#921,#922,#923);
#921 = CARTESIAN_POINT('',(0.,0.,46.));
#922 = DIRECTION('',(0.,0.,1.));
#923 = DIRECTION('',(1.,0.,0.));
#924 = ORIENTED_EDGE('',*,*,#925,.T.);
#925 = EDGE_CURVE('',#915,#926,#928,.T.);
#926 = VERTEX_POINT('',#927);
#927 = CARTESIAN_POINT('',(-28.44091185639,-35.38749119077,55.));
#928 = LINE('',#929,#930);
#929 = CARTESIAN_POINT('',(-28.44091185639,-35.38749119077,43.));
#930 = VECTOR('',#931,1.);
#931 = DIRECTION('',(0.,0.,1.));
#932 = ORIENTED_EDGE('',*,*,#933,.T.);
#933 = EDGE_CURVE('',#926,#934,#936,.T.);
#934 = VERTEX_POINT('',#935);
#935 = CARTESIAN_POINT('',(-23.52599959065,-38.82894980887,55.));
#936 = CIRCLE('',#937,45.4);
#937 = AXIS2_PLACEMENT_3D('',#938,#939,#940);
#938 = CARTESIAN_POINT('',(0.,0.,55.));
#939 = DIRECTION('',(0.,0.,1.));
#940 = DIRECTION('',(1.,0.,0.));
#941 = ORIENTED_EDGE('',*,*,#942,.F.);
#942 = EDGE_CURVE('',#917,#934,#943,.T.);
#943 = LINE('',#944,#945);
#944 = CARTESIAN_POINT('',(-23.52599959065,-38.82894980887,43.));
#945 = VECTOR('',#946,1.);
#946 = DIRECTION('',(0.,0.,1.));
#947 = FACE_BOUND('',#948,.F.);
#948 = EDGE_LOOP('',(#949,#960,#968,#977));
#949 = ORIENTED_EDGE('',*,*,#950,.F.);
#950 = EDGE_CURVE('',#951,#953,#955,.T.);
#951 = VERTEX_POINT('',#952);
#952 = CARTESIAN_POINT('',(-18.31285460673,-41.54274131725,46.));
#953 = VERTEX_POINT('',#954);
#954 = CARTESIAN_POINT('',(-12.67469888201,-43.59486217721,46.));
#955 = CIRCLE('',#956,45.4);
#956 = AXIS2_PLACEMENT_3D('',#957,#958,#959);
#957 = CARTESIAN_POINT('',(0.,0.,46.));
#958 = DIRECTION('',(0.,0.,1.));
#959 = DIRECTION('',(1.,0.,0.));
#960 = ORIENTED_EDGE('',*,*,#961,.T.);
#961 = EDGE_CURVE('',#951,#962,#964,.T.);
#962 = VERTEX_POINT('',#963);
#963 = CARTESIAN_POINT('',(-18.31285460673,-41.54274131725,55.));
#964 = LINE('',#965,#966);
#965 = CARTESIAN_POINT('',(-18.31285460673,-41.54274131725,43.));
#966 = VECTOR('',#967,1.);
#967 = DIRECTION('',(0.,0.,1.));
#968 = ORIENTED_EDGE('',*,*,#969,.T.);
#969 = EDGE_CURVE('',#962,#970,#972,.T.);
#970 = VERTEX_POINT('',#971);
#971 = CARTESIAN_POINT('',(-12.67469888201,-43.59486217721,55.));
#972 = CIRCLE('',#973,45.4);
#973 = AXIS2_PLACEMENT_3D('',#974,#975,#976);
#974 = CARTESIAN_POINT('',(0.,0.,55.));
#975 = DIRECTION('',(0.,0.,1.));
#976 = DIRECTION('',(1.,0.,0.));
#977 = ORIENTED_EDGE('',*,*,#978,.F.);
#978 = EDGE_CURVE('',#953,#970,#979,.T.);
#979 = LINE('',#980,#981);
#980 = CARTESIAN_POINT('',(-12.67469888201,-43.59486217721,43.));
#981 = VECTOR('',#982,1.);
#982 = DIRECTION('',(0.,0.,1.));
#983 = FACE_BOUND('',#984,.F.);
#984 = EDGE_LOOP('',(#985,#996,#1004,#1013));
#985 = ORIENTED_EDGE('',*,*,#986,.F.);
#986 = EDGE_CURVE('',#987,#989,#991,.T.);
#987 = VERTEX_POINT('',#988);
#988 = CARTESIAN_POINT('',(-6.936806579044,-44.8669222756,46.));
#989 = VERTEX_POINT('',#990);
#990 = CARTESIAN_POINT('',(-0.959638390494,-45.38985673208,46.));
#991 = CIRCLE('',#992,45.4);
#992 = AXIS2_PLACEMENT_3D('',#993,#994,#995);
#993 = CARTESIAN_POINT('',(0.,0.,46.));
#994 = DIRECTION('',(0.,0.,1.));
#995 = DIRECTION('',(1.,0.,0.));
#996 = ORIENTED_EDGE('',*,*,#997,.T.);
#997 = EDGE_CURVE('',#987,#998,#1000,.T.);
#998 = VERTEX_POINT('',#999);
#999 = CARTESIAN_POINT('',(-6.936806579044,-44.8669222756,55.));
#1000 = LINE('',#1001,#1002);
#1001 = CARTESIAN_POINT('',(-6.936806579044,-44.8669222756,43.));
#1002 = VECTOR('',#1003,1.);
#1003 = DIRECTION('',(0.,0.,1.));
#1004 = ORIENTED_EDGE('',*,*,#1005,.T.);
#1005 = EDGE_CURVE('',#998,#1006,#1008,.T.);
#1006 = VERTEX_POINT('',#1007);
#1007 = CARTESIAN_POINT('',(-0.959638390494,-45.38985673208,55.));
#1008 = CIRCLE('',#1009,45.4);
#1009 = AXIS2_PLACEMENT_3D('',#1010,#1011,#1012);
#1010 = CARTESIAN_POINT('',(0.,0.,55.));
#1011 = DIRECTION('',(0.,0.,1.));
#1012 = DIRECTION('',(1.,0.,0.));
#1013 = ORIENTED_EDGE('',*,*,#1014,.F.);
#1014 = EDGE_CURVE('',#989,#1006,#1015,.T.);
#1015 = LINE('',#1016,#1017);
#1016 = CARTESIAN_POINT('',(-0.959638390494,-45.38985673208,43.));
#1017 = VECTOR('',#1018,1.);
#1018 = DIRECTION('',(0.,0.,1.));
#1019 = FACE_BOUND('',#1020,.F.);
#1020 = EDGE_LOOP('',(#1021,#1032,#1040,#1049));
#1021 = ORIENTED_EDGE('',*,*,#1022,.F.);
#1022 = EDGE_CURVE('',#1023,#1025,#1027,.T.);
#1023 = VERTEX_POINT('',#1024);
#1024 = CARTESIAN_POINT('',(4.91197335339,-45.13349662695,46.));
#1025 = VERTEX_POINT('',#1026);
#1026 = CARTESIAN_POINT('',(10.820819871463,-44.09160756095,46.));
#1027 = CIRCLE('',#1028,45.4);
#1028 = AXIS2_PLACEMENT_3D('',#1029,#1030,#1031);
#1029 = CARTESIAN_POINT('',(0.,0.,46.));
#1030 = DIRECTION('',(0.,0.,1.));
#1031 = DIRECTION('',(1.,0.,0.));
#1032 = ORIENTED_EDGE('',*,*,#1033,.T.);
#1033 = EDGE_CURVE('',#1023,#1034,#1036,.T.);
#1034 = VERTEX_POINT('',#1035);
#1035 = CARTESIAN_POINT('',(4.91197335339,-45.13349662695,55.));
#1036 = LINE('',#1037,#1038);
#1037 = CARTESIAN_POINT('',(4.91197335339,-45.13349662695,43.));
#1038 = VECTOR('',#1039,1.);
#1039 = DIRECTION('',(0.,0.,1.));
#1040 = ORIENTED_EDGE('',*,*,#1041,.T.);
#1041 = EDGE_CURVE('',#1034,#1042,#1044,.T.);
#1042 = VERTEX_POINT('',#1043);
#1043 = CARTESIAN_POINT('',(10.820819871463,-44.09160756095,55.));
#1044 = CIRCLE('',#1045,45.4);
#1045 = AXIS2_PLACEMENT_3D('',#1046,#1047,#1048);
#1046 = CARTESIAN_POINT('',(0.,0.,55.));
#1047 = DIRECTION('',(0.,0.,1.));
#1048 = DIRECTION('',(1.,0.,0.));
#1049 = ORIENTED_EDGE('',*,*,#1050,.F.);
#1050 = EDGE_CURVE('',#1025,#1042,#1051,.T.);
#1051 = LINE('',#1052,#1053);
#1052 = CARTESIAN_POINT('',(10.820819871463,-44.09160756095,43.));
#1053 = VECTOR('',#1054,1.);
#1054 = DIRECTION('',(0.,0.,1.));
#1055 = FACE_BOUND('',#1056,.F.);
#1056 = EDGE_LOOP('',(#1057,#1068,#1076,#1085));
#1057 = ORIENTED_EDGE('',*,*,#1058,.F.);
#1058 = EDGE_CURVE('',#1059,#1061,#1063,.T.);
#1059 = VERTEX_POINT('',#1060);
#1060 = CARTESIAN_POINT('',(16.42601041921,-42.32429776981,46.));
#1061 = VERTEX_POINT('',#1062);
#1062 = CARTESIAN_POINT('',(21.86385714143,-39.78858819937,46.));
#1063 = CIRCLE('',#1064,45.4);
#1064 = AXIS2_PLACEMENT_3D('',#1065,#1066,#1067);
#1065 = CARTESIAN_POINT('',(0.,0.,46.));
#1066 = DIRECTION('',(0.,0.,1.));
#1067 = DIRECTION('',(1.,0.,0.));
#1068 = ORIENTED_EDGE('',*,*,#1069,.T.);
#1069 = EDGE_CURVE('',#1059,#1070,#1072,.T.);
#1070 = VERTEX_POINT('',#1071);
#1071 = CARTESIAN_POINT('',(16.42601041921,-42.32429776981,55.));
#1072 = LINE('',#1073,#1074);
#1073 = CARTESIAN_POINT('',(16.42601041921,-42.32429776981,43.));
#1074 = VECTOR('',#1075,1.);
#1075 = DIRECTION('',(0.,0.,1.));
#1076 = ORIENTED_EDGE('',*,*,#1077,.T.);
#1077 = EDGE_CURVE('',#1070,#1078,#1080,.T.);
#1078 = VERTEX_POINT('',#1079);
#1079 = CARTESIAN_POINT('',(21.86385714143,-39.78858819937,55.));
#1080 = CIRCLE('',#1081,45.4);
#1081 = AXIS2_PLACEMENT_3D('',#1082,#1083,#1084);
#1082 = CARTESIAN_POINT('',(0.,0.,55.));
#1083 = DIRECTION('',(0.,0.,1.));
#1084 = DIRECTION('',(1.,0.,0.));
#1085 = ORIENTED_EDGE('',*,*,#1086,.F.);
#1086 = EDGE_CURVE('',#1061,#1078,#1087,.T.);
#1087 = LINE('',#1088,#1089);
#1088 = CARTESIAN_POINT('',(21.86385714143,-39.78858819937,43.));
#1089 = VECTOR('',#1090,1.);
#1090 = DIRECTION('',(0.,0.,1.));
#1091 = FACE_BOUND('',#1092,.F.);
#1092 = EDGE_LOOP('',(#1093,#1104,#1112,#1121));
#1093 = ORIENTED_EDGE('',*,*,#1094,.F.);
#1094 = EDGE_CURVE('',#1095,#1097,#1099,.T.);
#1095 = VERTEX_POINT('',#1096);
#1096 = CARTESIAN_POINT('',(26.820642020227,-36.63076796387,46.));
#1097 = VERTEX_POINT('',#1098);
#1098 = CARTESIAN_POINT('',(31.416908678941,-32.77404230575,46.));
#1099 = CIRCLE('',#1100,45.4);
#1100 = AXIS2_PLACEMENT_3D('',#1101,#1102,#1103);
#1101 = CARTESIAN_POINT('',(0.,0.,46.));
#1102 = DIRECTION('',(0.,0.,1.));
#1103 = DIRECTION('',(1.,0.,0.));
#1104 = ORIENTED_EDGE('',*,*,#1105,.T.);
#1105 = EDGE_CURVE('',#1095,#1106,#1108,.T.);
#1106 = VERTEX_POINT('',#1107);
#1107 = CARTESIAN_POINT('',(26.820642020227,-36.63076796387,55.));
#1108 = LINE('',#1109,#1110);
#1109 = CARTESIAN_POINT('',(26.820642020227,-36.63076796387,43.));
#1110 = VECTOR('',#1111,1.);
#1111 = DIRECTION('',(0.,0.,1.));
#1112 = ORIENTED_EDGE('',*,*,#1113,.T.);
#1113 = EDGE_CURVE('',#1106,#1114,#1116,.T.);
#1114 = VERTEX_POINT('',#1115);
#1115 = CARTESIAN_POINT('',(31.416908678941,-32.77404230575,55.));
#1116 = CIRCLE('',#1117,45.4);
#1117 = AXIS2_PLACEMENT_3D('',#1118,#1119,#1120);
#1118 = CARTESIAN_POINT('',(0.,0.,55.));
#1119 = DIRECTION('',(0.,0.,1.));
#1120 = DIRECTION('',(1.,0.,0.));
#1121 = ORIENTED_EDGE('',*,*,#1122,.F.);
#1122 = EDGE_CURVE('',#1097,#1114,#1123,.T.);
#1123 = LINE('',#1124,#1125);
#1124 = CARTESIAN_POINT('',(31.416908678941,-32.77404230575,43.));
#1125 = VECTOR('',#1126,1.);
#1126 = DIRECTION('',(0.,0.,1.));
#1127 = CYLINDRICAL_SURFACE('',#1128,45.4);
#1128 = AXIS2_PLACEMENT_3D('',#1129,#1130,#1131);
#1129 = CARTESIAN_POINT('',(0.,0.,43.));
#1130 = DIRECTION('',(0.,0.,1.));
#1131 = DIRECTION('',(1.,0.,0.));
#1132 = ADVANCED_FACE('',(#1133),#1158,.F.);
#1133 = FACE_BOUND('',#1134,.F.);
#1134 = EDGE_LOOP('',(#1135,#1136,#1144,#1152));
#1135 = ORIENTED_EDGE('',*,*,#394,.F.);
#1136 = ORIENTED_EDGE('',*,*,#1137,.T.);
#1137 = EDGE_CURVE('',#395,#1138,#1140,.T.);
#1138 = VERTEX_POINT('',#1139);
#1139 = CARTESIAN_POINT('',(36.987803063838,-30.59252236267,58.));
#1140 = LINE('',#1141,#1142);
#1141 = CARTESIAN_POINT('',(36.987803063838,-30.59252236267,0.));
#1142 = VECTOR('',#1143,1.);
#1143 = DIRECTION('',(0.,0.,1.));
#1144 = ORIENTED_EDGE('',*,*,#1145,.T.);
#1145 = EDGE_CURVE('',#1138,#1146,#1148,.T.);
#1146 = VERTEX_POINT('',#1147);
#1147 = CARTESIAN_POINT('',(41.899346400575,-33.42820323027,58.));
#1148 = LINE('',#1149,#1150);
#1149 = CARTESIAN_POINT('',(34.105117766515,-28.92820323027,58.));
#1150 = VECTOR('',#1151,1.);
#1151 = DIRECTION('',(0.866025403784,-0.5,0.));
#1152 = ORIENTED_EDGE('',*,*,#1153,.F.);
#1153 = EDGE_CURVE('',#386,#1146,#1154,.T.);
#1154 = LINE('',#1155,#1156);
#1155 = CARTESIAN_POINT('',(41.899346400575,-33.42820323027,0.));
#1156 = VECTOR('',#1157,1.);
#1157 = DIRECTION('',(0.,0.,1.));
#1158 = PLANE('',#1159);
#1159 = AXIS2_PLACEMENT_3D('',#1160,#1161,#1162);
#1160 = CARTESIAN_POINT('',(34.105117766515,-28.92820323027,0.));
#1161 = DIRECTION('',(0.5,0.866025403784,0.));
#1162 = DIRECTION('',(0.,0.,1.));
#1163 = ADVANCED_FACE('',(#1164,#1251,#1287,#1323,#1359,#1395,#1431),
  #1467,.T.);
#1164 = FACE_BOUND('',#1165,.T.);
#1165 = EDGE_LOOP('',(#1166,#1176,#1185,#1193,#1202,#1210,#1219,#1227,
    #1236,#1242,#1243,#1244));
#1166 = ORIENTED_EDGE('',*,*,#1167,.F.);
#1167 = EDGE_CURVE('',#1168,#1170,#1172,.T.);
#1168 = VERTEX_POINT('',#1169);
#1169 = CARTESIAN_POINT('',(-36.98780306383,-30.59252236267,0.));
#1170 = VERTEX_POINT('',#1171);
#1171 = CARTESIAN_POINT('',(-36.98780306383,-30.59252236267,58.));
#1172 = LINE('',#1173,#1174);
#1173 = CARTESIAN_POINT('',(-36.98780306383,-30.59252236267,0.));
#1174 = VECTOR('',#1175,1.);
#1175 = DIRECTION('',(0.,0.,1.));
#1176 = ORIENTED_EDGE('',*,*,#1177,.T.);
#1177 = EDGE_CURVE('',#1168,#1178,#1180,.T.);
#1178 = VERTEX_POINT('',#1179);
#1179 = CARTESIAN_POINT('',(-26.55115534536,-39.98795005781,0.));
#1180 = CIRCLE('',#1181,48.);
#1181 = AXIS2_PLACEMENT_3D('',#1182,#1183,#1184);
#1182 = CARTESIAN_POINT('',(0.,0.,0.));
#1183 = DIRECTION('',(0.,0.,1.));
#1184 = DIRECTION('',(1.,0.,0.));
#1185 = ORIENTED_EDGE('',*,*,#1186,.T.);
#1186 = EDGE_CURVE('',#1178,#1187,#1189,.T.);
#1187 = VERTEX_POINT('',#1188);
#1188 = CARTESIAN_POINT('',(-26.55115534536,-39.98795005781,1.6));
#1189 = LINE('',#1190,#1191);
#1190 = CARTESIAN_POINT('',(-26.55115534536,-39.98795005781,0.));
#1191 = VECTOR('',#1192,1.);
#1192 = DIRECTION('',(0.,0.,1.));
#1193 = ORIENTED_EDGE('',*,*,#1194,.T.);
#1194 = EDGE_CURVE('',#1187,#1195,#1197,.T.);
#1195 = VERTEX_POINT('',#1196);
#1196 = CARTESIAN_POINT('',(-21.35500292265,-42.98795005781,1.6));
#1197 = CIRCLE('',#1198,48.);
#1198 = AXIS2_PLACEMENT_3D('',#1199,#1200,#1201);
#1199 = CARTESIAN_POINT('',(0.,0.,1.6));
#1200 = DIRECTION('',(0.,0.,1.));
#1201 = DIRECTION('',(1.,0.,0.));
#1202 = ORIENTED_EDGE('',*,*,#1203,.F.);
#1203 = EDGE_CURVE('',#1204,#1195,#1206,.T.);
#1204 = VERTEX_POINT('',#1205);
#1205 = CARTESIAN_POINT('',(-21.35500292265,-42.98795005781,0.));
#1206 = LINE('',#1207,#1208);
#1207 = CARTESIAN_POINT('',(-21.35500292265,-42.98795005781,0.));
#1208 = VECTOR('',#1209,1.);
#1209 = DIRECTION('',(0.,0.,1.));
#1210 = ORIENTED_EDGE('',*,*,#1211,.T.);
#1211 = EDGE_CURVE('',#1204,#1212,#1214,.T.);
#1212 = VERTEX_POINT('',#1213);
#1213 = CARTESIAN_POINT('',(21.355002922653,-42.98795005781,0.));
#1214 = CIRCLE('',#1215,48.);
#1215 = AXIS2_PLACEMENT_3D('',#1216,#1217,#1218);
#1216 = CARTESIAN_POINT('',(0.,0.,0.));
#1217 = DIRECTION('',(0.,0.,1.));
#1218 = DIRECTION('',(1.,0.,0.));
#1219 = ORIENTED_EDGE('',*,*,#1220,.T.);
#1220 = EDGE_CURVE('',#1212,#1221,#1223,.T.);
#1221 = VERTEX_POINT('',#1222);
#1222 = CARTESIAN_POINT('',(21.355002922654,-42.98795005781,1.6));
#1223 = LINE('',#1224,#1225);
#1224 = CARTESIAN_POINT('',(21.355002922654,-42.98795005781,0.));
#1225 = VECTOR('',#1226,1.);
#1226 = DIRECTION('',(0.,0.,1.));
#1227 = ORIENTED_EDGE('',*,*,#1228,.T.);
#1228 = EDGE_CURVE('',#1221,#1229,#1231,.T.);
#1229 = VERTEX_POINT('',#1230);
#1230 = CARTESIAN_POINT('',(26.55115534536,-39.98795005781,1.6));
#1231 = CIRCLE('',#1232,48.);
#1232 = AXIS2_PLACEMENT_3D('',#1233,#1234,#1235);
#1233 = CARTESIAN_POINT('',(0.,0.,1.6));
#1234 = DIRECTION('',(0.,0.,1.));
#1235 = DIRECTION('',(1.,0.,0.));
#1236 = ORIENTED_EDGE('',*,*,#1237,.F.);
#1237 = EDGE_CURVE('',#403,#1229,#1238,.T.);
#1238 = LINE('',#1239,#1240);
#1239 = CARTESIAN_POINT('',(26.55115534536,-39.98795005781,0.));
#1240 = VECTOR('',#1241,1.);
#1241 = DIRECTION('',(0.,0.,1.));
#1242 = ORIENTED_EDGE('',*,*,#402,.T.);
#1243 = ORIENTED_EDGE('',*,*,#1137,.T.);
#1244 = ORIENTED_EDGE('',*,*,#1245,.F.);
#1245 = EDGE_CURVE('',#1170,#1138,#1246,.T.);
#1246 = CIRCLE('',#1247,48.);
#1247 = AXIS2_PLACEMENT_3D('',#1248,#1249,#1250);
#1248 = CARTESIAN_POINT('',(0.,0.,58.));
#1249 = DIRECTION('',(0.,0.,1.));
#1250 = DIRECTION('',(1.,0.,0.));
#1251 = FACE_BOUND('',#1252,.T.);
#1252 = EDGE_LOOP('',(#1253,#1264,#1272,#1281));
#1253 = ORIENTED_EDGE('',*,*,#1254,.F.);
#1254 = EDGE_CURVE('',#1255,#1257,#1259,.T.);
#1255 = VERTEX_POINT('',#1256);
#1256 = CARTESIAN_POINT('',(-29.9352996715,-37.52169817022,46.));
#1257 = VERTEX_POINT('',#1258);
#1258 = CARTESIAN_POINT('',(-25.02038740577,-40.96315678832,46.));
#1259 = CIRCLE('',#1260,48.);
#1260 = AXIS2_PLACEMENT_3D('',#1261,#1262,#1263);
#1261 = CARTESIAN_POINT('',(0.,0.,46.));
#1262 = DIRECTION('',(0.,0.,1.));
#1263 = DIRECTION('',(1.,0.,0.));
#1264 = ORIENTED_EDGE('',*,*,#1265,.T.);
#1265 = EDGE_CURVE('',#1255,#1266,#1268,.T.);
#1266 = VERTEX_POINT('',#1267);
#1267 = CARTESIAN_POINT('',(-29.9352996715,-37.52169817022,55.));
#1268 = LINE('',#1269,#1270);
#1269 = CARTESIAN_POINT('',(-29.9352996715,-37.52169817022,0.));
#1270 = VECTOR('',#1271,1.);
#1271 = DIRECTION('',(0.,0.,1.));
#1272 = ORIENTED_EDGE('',*,*,#1273,.T.);
#1273 = EDGE_CURVE('',#1266,#1274,#1276,.T.);
#1274 = VERTEX_POINT('',#1275);
#1275 = CARTESIAN_POINT('',(-25.02038740577,-40.96315678832,55.));
#1276 = CIRCLE('',#1277,48.);
#1277 = AXIS2_PLACEMENT_3D('',#1278,#1279,#1280);
#1278 = CARTESIAN_POINT('',(0.,0.,55.));
#1279 = DIRECTION('',(0.,0.,1.));
#1280 = DIRECTION('',(1.,0.,0.));
#1281 = ORIENTED_EDGE('',*,*,#1282,.F.);
#1282 = EDGE_CURVE('',#1257,#1274,#1283,.T.);
#1283 = LINE('',#1284,#1285);
#1284 = CARTESIAN_POINT('',(-25.02038740577,-40.96315678832,0.));
#1285 = VECTOR('',#1286,1.);
#1286 = DIRECTION('',(0.,0.,1.));
#1287 = FACE_BOUND('',#1288,.T.);
#1288 = EDGE_LOOP('',(#1289,#1300,#1308,#1317));
#1289 = ORIENTED_EDGE('',*,*,#1290,.F.);
#1290 = EDGE_CURVE('',#1291,#1293,#1295,.T.);
#1291 = VERTEX_POINT('',#1292);
#1292 = CARTESIAN_POINT('',(-19.20394897936,-43.99100298467,46.));
#1293 = VERTEX_POINT('',#1294);
#1294 = CARTESIAN_POINT('',(-13.56579325465,-46.04312384463,46.));
#1295 = CIRCLE('',#1296,48.);
#1296 = AXIS2_PLACEMENT_3D('',#1297,#1298,#1299);
#1297 = CARTESIAN_POINT('',(0.,0.,46.));
#1298 = DIRECTION('',(0.,0.,1.));
#1299 = DIRECTION('',(1.,0.,0.));
#1300 = ORIENTED_EDGE('',*,*,#1301,.T.);
#1301 = EDGE_CURVE('',#1291,#1302,#1304,.T.);
#1302 = VERTEX_POINT('',#1303);
#1303 = CARTESIAN_POINT('',(-19.20394897936,-43.99100298467,55.));
#1304 = LINE('',#1305,#1306);
#1305 = CARTESIAN_POINT('',(-19.20394897936,-43.99100298467,0.));
#1306 = VECTOR('',#1307,1.);
#1307 = DIRECTION('',(0.,0.,1.));
#1308 = ORIENTED_EDGE('',*,*,#1309,.T.);
#1309 = EDGE_CURVE('',#1302,#1310,#1312,.T.);
#1310 = VERTEX_POINT('',#1311);
#1311 = CARTESIAN_POINT('',(-13.56579325465,-46.04312384463,55.));
#1312 = CIRCLE('',#1313,48.);
#1313 = AXIS2_PLACEMENT_3D('',#1314,#1315,#1316);
#1314 = CARTESIAN_POINT('',(0.,0.,55.));
#1315 = DIRECTION('',(0.,0.,1.));
#1316 = DIRECTION('',(1.,0.,0.));
#1317 = ORIENTED_EDGE('',*,*,#1318,.F.);
#1318 = EDGE_CURVE('',#1293,#1310,#1319,.T.);
#1319 = LINE('',#1320,#1321);
#1320 = CARTESIAN_POINT('',(-13.56579325465,-46.04312384463,0.));
#1321 = VECTOR('',#1322,1.);
#1322 = DIRECTION('',(0.,0.,1.));
#1323 = FACE_BOUND('',#1324,.T.);
#1324 = EDGE_LOOP('',(#1325,#1336,#1344,#1353));
#1325 = ORIENTED_EDGE('',*,*,#1326,.F.);
#1326 = EDGE_CURVE('',#1327,#1329,#1331,.T.);
#1327 = VERTEX_POINT('',#1328);
#1328 = CARTESIAN_POINT('',(-7.163880900311,-47.46239364429,46.));
#1329 = VERTEX_POINT('',#1330);
#1330 = CARTESIAN_POINT('',(-1.18671271176,-47.98532810078,46.));
#1331 = CIRCLE('',#1332,48.);
#1332 = AXIS2_PLACEMENT_3D('',#1333,#1334,#1335);
#1333 = CARTESIAN_POINT('',(0.,0.,46.));
#1334 = DIRECTION('',(0.,0.,1.));
#1335 = DIRECTION('',(1.,0.,0.));
#1336 = ORIENTED_EDGE('',*,*,#1337,.T.);
#1337 = EDGE_CURVE('',#1327,#1338,#1340,.T.);
#1338 = VERTEX_POINT('',#1339);
#1339 = CARTESIAN_POINT('',(-7.163880900311,-47.46239364429,55.));
#1340 = LINE('',#1341,#1342);
#1341 = CARTESIAN_POINT('',(-7.163880900311,-47.46239364429,0.));
#1342 = VECTOR('',#1343,1.);
#1343 = DIRECTION('',(0.,0.,1.));
#1344 = ORIENTED_EDGE('',*,*,#1345,.T.);
#1345 = EDGE_CURVE('',#1338,#1346,#1348,.T.);
#1346 = VERTEX_POINT('',#1347);
#1347 = CARTESIAN_POINT('',(-1.18671271176,-47.98532810078,55.));
#1348 = CIRCLE('',#1349,48.);
#1349 = AXIS2_PLACEMENT_3D('',#1350,#1351,#1352);
#1350 = CARTESIAN_POINT('',(0.,0.,55.));
#1351 = DIRECTION('',(0.,0.,1.));
#1352 = DIRECTION('',(1.,0.,0.));
#1353 = ORIENTED_EDGE('',*,*,#1354,.F.);
#1354 = EDGE_CURVE('',#1329,#1346,#1355,.T.);
#1355 = LINE('',#1356,#1357);
#1356 = CARTESIAN_POINT('',(-1.18671271176,-47.98532810078,0.));
#1357 = VECTOR('',#1358,1.);
#1358 = DIRECTION('',(0.,0.,1.));
#1359 = FACE_BOUND('',#1360,.T.);
#1360 = EDGE_LOOP('',(#1361,#1372,#1380,#1389));
#1361 = ORIENTED_EDGE('',*,*,#1362,.F.);
#1362 = EDGE_CURVE('',#1363,#1365,#1367,.T.);
#1363 = VERTEX_POINT('',#1364);
#1364 = CARTESIAN_POINT('',(5.364393823228,-47.69930061237,46.));
#1365 = VERTEX_POINT('',#1366);
#1366 = CARTESIAN_POINT('',(11.273240341301,-46.65741154636,46.));
#1367 = CIRCLE('',#1368,48.);
#1368 = AXIS2_PLACEMENT_3D('',#1369,#1370,#1371);
#1369 = CARTESIAN_POINT('',(0.,0.,46.));
#1370 = DIRECTION('',(0.,0.,1.));
#1371 = DIRECTION('',(1.,0.,0.));
#1372 = ORIENTED_EDGE('',*,*,#1373,.T.);
#1373 = EDGE_CURVE('',#1363,#1374,#1376,.T.);
#1374 = VERTEX_POINT('',#1375);
#1375 = CARTESIAN_POINT('',(5.364393823228,-47.69930061237,55.));
#1376 = LINE('',#1377,#1378);
#1377 = CARTESIAN_POINT('',(5.364393823228,-47.69930061237,0.));
#1378 = VECTOR('',#1379,1.);
#1379 = DIRECTION('',(0.,0.,1.));
#1380 = ORIENTED_EDGE('',*,*,#1381,.T.);
#1381 = EDGE_CURVE('',#1374,#1382,#1384,.T.);
#1382 = VERTEX_POINT('',#1383);
#1383 = CARTESIAN_POINT('',(11.273240341301,-46.65741154636,55.));
#1384 = CIRCLE('',#1385,48.);
#1385 = AXIS2_PLACEMENT_3D('',#1386,#1387,#1388);
#1386 = CARTESIAN_POINT('',(0.,0.,55.));
#1387 = DIRECTION('',(0.,0.,1.));
#1388 = DIRECTION('',(1.,0.,0.));
#1389 = ORIENTED_EDGE('',*,*,#1390,.F.);
#1390 = EDGE_CURVE('',#1365,#1382,#1391,.T.);
#1391 = LINE('',#1392,#1393);
#1392 = CARTESIAN_POINT('',(11.273240341301,-46.65741154636,0.));
#1393 = VECTOR('',#1394,1.);
#1394 = DIRECTION('',(0.,0.,1.));
#1395 = FACE_BOUND('',#1396,.T.);
#1396 = EDGE_LOOP('',(#1397,#1408,#1416,#1425));
#1397 = ORIENTED_EDGE('',*,*,#1398,.F.);
#1398 = EDGE_CURVE('',#1399,#1401,#1403,.T.);
#1399 = VERTEX_POINT('',#1400);
#1400 = CARTESIAN_POINT('',(17.527093972793,-44.68557907053,46.));
#1401 = VERTEX_POINT('',#1402);
#1402 = CARTESIAN_POINT('',(22.964940695013,-42.14986950008,46.));
#1403 = CIRCLE('',#1404,48.);
#1404 = AXIS2_PLACEMENT_3D('',#1405,#1406,#1407);
#1405 = CARTESIAN_POINT('',(0.,0.,46.));
#1406 = DIRECTION('',(0.,0.,1.));
#1407 = DIRECTION('',(1.,0.,0.));
#1408 = ORIENTED_EDGE('',*,*,#1409,.T.);
#1409 = EDGE_CURVE('',#1399,#1410,#1412,.T.);
#1410 = VERTEX_POINT('',#1411);
#1411 = CARTESIAN_POINT('',(17.527093972793,-44.68557907053,55.));
#1412 = LINE('',#1413,#1414);
#1413 = CARTESIAN_POINT('',(17.527093972793,-44.68557907053,0.));
#1414 = VECTOR('',#1415,1.);
#1415 = DIRECTION('',(0.,0.,1.));
#1416 = ORIENTED_EDGE('',*,*,#1417,.T.);
#1417 = EDGE_CURVE('',#1410,#1418,#1420,.T.);
#1418 = VERTEX_POINT('',#1419);
#1419 = CARTESIAN_POINT('',(22.964940695013,-42.14986950008,55.));
#1420 = CIRCLE('',#1421,48.);
#1421 = AXIS2_PLACEMENT_3D('',#1422,#1423,#1424);
#1422 = CARTESIAN_POINT('',(0.,0.,55.));
#1423 = DIRECTION('',(0.,0.,1.));
#1424 = DIRECTION('',(1.,0.,0.));
#1425 = ORIENTED_EDGE('',*,*,#1426,.F.);
#1426 = EDGE_CURVE('',#1401,#1418,#1427,.T.);
#1427 = LINE('',#1428,#1429);
#1428 = CARTESIAN_POINT('',(22.964940695013,-42.14986950008,0.));
#1429 = VECTOR('',#1430,1.);
#1430 = DIRECTION('',(0.,0.,1.));
#1431 = FACE_BOUND('',#1432,.T.);
#1432 = EDGE_LOOP('',(#1433,#1444,#1452,#1461));
#1433 = ORIENTED_EDGE('',*,*,#1434,.F.);
#1434 = EDGE_CURVE('',#1435,#1437,#1439,.T.);
#1435 = VERTEX_POINT('',#1436);
#1436 = CARTESIAN_POINT('',(28.495351633005,-38.62660916145,46.));
#1437 = VERTEX_POINT('',#1438);
#1438 = CARTESIAN_POINT('',(33.091618291719,-34.76988350333,46.));
#1439 = CIRCLE('',#1440,48.);
#1440 = AXIS2_PLACEMENT_3D('',#1441,#1442,#1443);
#1441 = CARTESIAN_POINT('',(0.,0.,46.));
#1442 = DIRECTION('',(0.,0.,1.));
#1443 = DIRECTION('',(1.,0.,0.));
#1444 = ORIENTED_EDGE('',*,*,#1445,.T.);
#1445 = EDGE_CURVE('',#1435,#1446,#1448,.T.);
#1446 = VERTEX_POINT('',#1447);
#1447 = CARTESIAN_POINT('',(28.495351633005,-38.62660916145,55.));
#1448 = LINE('',#1449,#1450);
#1449 = CARTESIAN_POINT('',(28.495351633005,-38.62660916145,0.));
#1450 = VECTOR('',#1451,1.);
#1451 = DIRECTION('',(0.,0.,1.));
#1452 = ORIENTED_EDGE('',*,*,#1453,.T.);
#1453 = EDGE_CURVE('',#1446,#1454,#1456,.T.);
#1454 = VERTEX_POINT('',#1455);
#1455 = CARTESIAN_POINT('',(33.091618291719,-34.76988350333,55.));
#1456 = CIRCLE('',#1457,48.);
#1457 = AXIS2_PLACEMENT_3D('',#1458,#1459,#1460);
#1458 = CARTESIAN_POINT('',(0.,0.,55.));
#1459 = DIRECTION('',(0.,0.,1.));
#1460 = DIRECTION('',(1.,0.,0.));
#1461 = ORIENTED_EDGE('',*,*,#1462,.F.);
#1462 = EDGE_CURVE('',#1437,#1454,#1463,.T.);
#1463 = LINE('',#1464,#1465);
#1464 = CARTESIAN_POINT('',(33.091618291719,-34.76988350333,0.));
#1465 = VECTOR('',#1466,1.);
#1466 = DIRECTION('',(0.,0.,1.));
#1467 = CYLINDRICAL_SURFACE('',#1468,48.);
#1468 = AXIS2_PLACEMENT_3D('',#1469,#1470,#1471);
#1469 = CARTESIAN_POINT('',(0.,0.,0.));
#1470 = DIRECTION('',(0.,0.,1.));
#1471 = DIRECTION('',(1.,0.,0.));
#1472 = ADVANCED_FACE('',(#1473),#1491,.F.);
#1473 = FACE_BOUND('',#1474,.F.);
#1474 = EDGE_LOOP('',(#1475,#1476,#1484,#1490));
#1475 = ORIENTED_EDGE('',*,*,#411,.F.);
#1476 = ORIENTED_EDGE('',*,*,#1477,.T.);
#1477 = EDGE_CURVE('',#412,#1478,#1480,.T.);
#1478 = VERTEX_POINT('',#1479);
#1479 = CARTESIAN_POINT('',(24.546880279001,-36.51644381054,1.6));
#1480 = LINE('',#1481,#1482);
#1481 = CARTESIAN_POINT('',(24.546880279001,-36.51644381054,-1.));
#1482 = VECTOR('',#1483,1.);
#1483 = DIRECTION('',(0.,0.,1.));
#1484 = ORIENTED_EDGE('',*,*,#1485,.T.);
#1485 = EDGE_CURVE('',#1478,#1229,#1486,.T.);
#1486 = LINE('',#1487,#1488);
#1487 = CARTESIAN_POINT('',(22.598076211353,-33.14101615137,1.6));
#1488 = VECTOR('',#1489,1.);
#1489 = DIRECTION('',(0.5,-0.866025403784,0.));
#1490 = ORIENTED_EDGE('',*,*,#1237,.F.);
#1491 = PLANE('',#1492);
#1492 = AXIS2_PLACEMENT_3D('',#1493,#1494,#1495);
#1493 = CARTESIAN_POINT('',(22.598076211353,-33.14101615137,0.));
#1494 = DIRECTION('',(0.866025403784,0.5,0.));
#1495 = DIRECTION('',(0.,0.,1.));
#1496 = ADVANCED_FACE('',(#1497),#1516,.F.);
#1497 = FACE_BOUND('',#1498,.F.);
#1498 = EDGE_LOOP('',(#1499,#1500,#1509,#1515));
#1499 = ORIENTED_EDGE('',*,*,#1485,.F.);
#1500 = ORIENTED_EDGE('',*,*,#1501,.F.);
#1501 = EDGE_CURVE('',#1502,#1478,#1504,.T.);
#1502 = VERTEX_POINT('',#1503);
#1503 = CARTESIAN_POINT('',(19.350727856295,-39.51644381054,1.6));
#1504 = CIRCLE('',#1505,44.);
#1505 = AXIS2_PLACEMENT_3D('',#1506,#1507,#1508);
#1506 = CARTESIAN_POINT('',(0.,0.,1.6));
#1507 = DIRECTION('',(0.,0.,1.));
#1508 = DIRECTION('',(1.,0.,0.));
#1509 = ORIENTED_EDGE('',*,*,#1510,.T.);
#1510 = EDGE_CURVE('',#1502,#1221,#1511,.T.);
#1511 = LINE('',#1512,#1513);
#1512 = CARTESIAN_POINT('',(17.401923788647,-36.14101615137,1.6));
#1513 = VECTOR('',#1514,1.);
#1514 = DIRECTION('',(0.5,-0.866025403784,0.));
#1515 = ORIENTED_EDGE('',*,*,#1228,.T.);
#1516 = PLANE('',#1517);
#1517 = AXIS2_PLACEMENT_3D('',#1518,#1519,#1520);
#1518 = CARTESIAN_POINT('',(17.401923788647,-36.14101615137,1.6));
#1519 = DIRECTION('',(0.,0.,1.));
#1520 = DIRECTION('',(0.5,-0.866025403784,0.));
#1521 = ADVANCED_FACE('',(#1522),#1540,.T.);
#1522 = FACE_BOUND('',#1523,.T.);
#1523 = EDGE_LOOP('',(#1524,#1532,#1538,#1539));
#1524 = ORIENTED_EDGE('',*,*,#1525,.F.);
#1525 = EDGE_CURVE('',#1526,#1212,#1528,.T.);
#1526 = VERTEX_POINT('',#1527);
#1527 = CARTESIAN_POINT('',(19.350727856294,-39.51644381054,0.));
#1528 = LINE('',#1529,#1530);
#1529 = CARTESIAN_POINT('',(17.401923788647,-36.14101615137,0.));
#1530 = VECTOR('',#1531,1.);
#1531 = DIRECTION('',(0.5,-0.866025403784,0.));
#1532 = ORIENTED_EDGE('',*,*,#1533,.T.);
#1533 = EDGE_CURVE('',#1526,#1502,#1534,.T.);
#1534 = LINE('',#1535,#1536);
#1535 = CARTESIAN_POINT('',(19.350727856295,-39.51644381054,-1.));
#1536 = VECTOR('',#1537,1.);
#1537 = DIRECTION('',(0.,0.,1.));
#1538 = ORIENTED_EDGE('',*,*,#1510,.T.);
#1539 = ORIENTED_EDGE('',*,*,#1220,.F.);
#1540 = PLANE('',#1541);
#1541 = AXIS2_PLACEMENT_3D('',#1542,#1543,#1544);
#1542 = CARTESIAN_POINT('',(17.401923788647,-36.14101615137,0.));
#1543 = DIRECTION('',(0.866025403784,0.5,0.));
#1544 = DIRECTION('',(0.,0.,1.));
#1545 = ADVANCED_FACE('',(#1546),#1565,.F.);
#1546 = FACE_BOUND('',#1547,.F.);
#1547 = EDGE_LOOP('',(#1548,#1549,#1550,#1559));
#1548 = ORIENTED_EDGE('',*,*,#1211,.T.);
#1549 = ORIENTED_EDGE('',*,*,#1525,.F.);
#1550 = ORIENTED_EDGE('',*,*,#1551,.F.);
#1551 = EDGE_CURVE('',#1552,#1526,#1554,.T.);
#1552 = VERTEX_POINT('',#1553);
#1553 = CARTESIAN_POINT('',(-19.35072785629,-39.51644381054,0.));
#1554 = CIRCLE('',#1555,44.);
#1555 = AXIS2_PLACEMENT_3D('',#1556,#1557,#1558);
#1556 = CARTESIAN_POINT('',(0.,0.,0.));
#1557 = DIRECTION('',(0.,0.,1.));
#1558 = DIRECTION('',(1.,0.,0.));
#1559 = ORIENTED_EDGE('',*,*,#1560,.T.);
#1560 = EDGE_CURVE('',#1552,#1204,#1561,.T.);
#1561 = LINE('',#1562,#1563);
#1562 = CARTESIAN_POINT('',(-17.40192378864,-36.14101615137,0.));
#1563 = VECTOR('',#1564,1.);
#1564 = DIRECTION('',(-0.5,-0.866025403784,0.));
#1565 = PLANE('',#1566);
#1566 = AXIS2_PLACEMENT_3D('',#1567,#1568,#1569);
#1567 = CARTESIAN_POINT('',(0.,0.,0.));
#1568 = DIRECTION('',(0.,0.,1.));
#1569 = DIRECTION('',(1.,0.,0.));
#1570 = ADVANCED_FACE('',(#1571),#1589,.F.);
#1571 = FACE_BOUND('',#1572,.F.);
#1572 = EDGE_LOOP('',(#1573,#1574,#1582,#1588));
#1573 = ORIENTED_EDGE('',*,*,#1560,.F.);
#1574 = ORIENTED_EDGE('',*,*,#1575,.T.);
#1575 = EDGE_CURVE('',#1552,#1576,#1578,.T.);
#1576 = VERTEX_POINT('',#1577);
#1577 = CARTESIAN_POINT('',(-19.35072785629,-39.51644381054,1.6));
#1578 = LINE('',#1579,#1580);
#1579 = CARTESIAN_POINT('',(-19.35072785629,-39.51644381054,-1.));
#1580 = VECTOR('',#1581,1.);
#1581 = DIRECTION('',(0.,0.,1.));
#1582 = ORIENTED_EDGE('',*,*,#1583,.T.);
#1583 = EDGE_CURVE('',#1576,#1195,#1584,.T.);
#1584 = LINE('',#1585,#1586);
#1585 = CARTESIAN_POINT('',(-17.40192378864,-36.14101615137,1.6));
#1586 = VECTOR('',#1587,1.);
#1587 = DIRECTION('',(-0.5,-0.866025403784,0.));
#1588 = ORIENTED_EDGE('',*,*,#1203,.F.);
#1589 = PLANE('',#1590);
#1590 = AXIS2_PLACEMENT_3D('',#1591,#1592,#1593);
#1591 = CARTESIAN_POINT('',(-17.40192378864,-36.14101615137,0.));
#1592 = DIRECTION('',(0.866025403784,-0.5,0.));
#1593 = DIRECTION('',(0.,0.,1.));
#1594 = ADVANCED_FACE('',(#1595),#1614,.F.);
#1595 = FACE_BOUND('',#1596,.F.);
#1596 = EDGE_LOOP('',(#1597,#1598,#1607,#1613));
#1597 = ORIENTED_EDGE('',*,*,#1583,.F.);
#1598 = ORIENTED_EDGE('',*,*,#1599,.F.);
#1599 = EDGE_CURVE('',#1600,#1576,#1602,.T.);
#1600 = VERTEX_POINT('',#1601);
#1601 = CARTESIAN_POINT('',(-24.546880279,-36.51644381054,1.6));
#1602 = CIRCLE('',#1603,44.);
#1603 = AXIS2_PLACEMENT_3D('',#1604,#1605,#1606);
#1604 = CARTESIAN_POINT('',(0.,0.,1.6));
#1605 = DIRECTION('',(0.,0.,1.));
#1606 = DIRECTION('',(1.,0.,0.));
#1607 = ORIENTED_EDGE('',*,*,#1608,.T.);
#1608 = EDGE_CURVE('',#1600,#1187,#1609,.T.);
#1609 = LINE('',#1610,#1611);
#1610 = CARTESIAN_POINT('',(-22.59807621135,-33.14101615137,1.6));
#1611 = VECTOR('',#1612,1.);
#1612 = DIRECTION('',(-0.5,-0.866025403784,0.));
#1613 = ORIENTED_EDGE('',*,*,#1194,.T.);
#1614 = PLANE('',#1615);
#1615 = AXIS2_PLACEMENT_3D('',#1616,#1617,#1618);
#1616 = CARTESIAN_POINT('',(-22.59807621135,-33.14101615137,1.6));
#1617 = DIRECTION('',(0.,0.,1.));
#1618 = DIRECTION('',(-0.5,-0.866025403784,0.));
#1619 = ADVANCED_FACE('',(#1620),#1638,.T.);
#1620 = FACE_BOUND('',#1621,.T.);
#1621 = EDGE_LOOP('',(#1622,#1630,#1636,#1637));
#1622 = ORIENTED_EDGE('',*,*,#1623,.F.);
#1623 = EDGE_CURVE('',#1624,#1178,#1626,.T.);
#1624 = VERTEX_POINT('',#1625);
#1625 = CARTESIAN_POINT('',(-24.546880279,-36.51644381054,0.));
#1626 = LINE('',#1627,#1628);
#1627 = CARTESIAN_POINT('',(-22.59807621135,-33.14101615137,0.));
#1628 = VECTOR('',#1629,1.);
#1629 = DIRECTION('',(-0.5,-0.866025403784,0.));
#1630 = ORIENTED_EDGE('',*,*,#1631,.T.);
#1631 = EDGE_CURVE('',#1624,#1600,#1632,.T.);
#1632 = LINE('',#1633,#1634);
#1633 = CARTESIAN_POINT('',(-24.546880279,-36.51644381054,-1.));
#1634 = VECTOR('',#1635,1.);
#1635 = DIRECTION('',(0.,0.,1.));
#1636 = ORIENTED_EDGE('',*,*,#1608,.T.);
#1637 = ORIENTED_EDGE('',*,*,#1186,.F.);
#1638 = PLANE('',#1639);
#1639 = AXIS2_PLACEMENT_3D('',#1640,#1641,#1642);
#1640 = CARTESIAN_POINT('',(-22.59807621135,-33.14101615137,0.));
#1641 = DIRECTION('',(0.866025403784,-0.5,0.));
#1642 = DIRECTION('',(0.,0.,1.));
#1643 = ADVANCED_FACE('',(#1644),#1669,.T.);
#1644 = FACE_BOUND('',#1645,.T.);
#1645 = EDGE_LOOP('',(#1646,#1654,#1655,#1663));
#1646 = ORIENTED_EDGE('',*,*,#1647,.F.);
#1647 = EDGE_CURVE('',#1168,#1648,#1650,.T.);
#1648 = VERTEX_POINT('',#1649);
#1649 = CARTESIAN_POINT('',(-41.89934640057,-33.42820323027,0.));
#1650 = LINE('',#1651,#1652);
#1651 = CARTESIAN_POINT('',(-34.10511776651,-28.92820323027,0.));
#1652 = VECTOR('',#1653,1.);
#1653 = DIRECTION('',(-0.866025403784,-0.5,0.));
#1654 = ORIENTED_EDGE('',*,*,#1167,.T.);
#1655 = ORIENTED_EDGE('',*,*,#1656,.T.);
#1656 = EDGE_CURVE('',#1170,#1657,#1659,.T.);
#1657 = VERTEX_POINT('',#1658);
#1658 = CARTESIAN_POINT('',(-41.89934640057,-33.42820323027,58.));
#1659 = LINE('',#1660,#1661);
#1660 = CARTESIAN_POINT('',(-34.10511776651,-28.92820323027,58.));
#1661 = VECTOR('',#1662,1.);
#1662 = DIRECTION('',(-0.866025403784,-0.5,0.));
#1663 = ORIENTED_EDGE('',*,*,#1664,.F.);
#1664 = EDGE_CURVE('',#1648,#1657,#1665,.T.);
#1665 = LINE('',#1666,#1667);
#1666 = CARTESIAN_POINT('',(-41.89934640057,-33.42820323027,0.));
#1667 = VECTOR('',#1668,1.);
#1668 = DIRECTION('',(0.,0.,1.));
#1669 = PLANE('',#1670);
#1670 = AXIS2_PLACEMENT_3D('',#1671,#1672,#1673);
#1671 = CARTESIAN_POINT('',(-34.10511776651,-28.92820323027,0.));
#1672 = DIRECTION('',(0.5,-0.866025403784,0.));
#1673 = DIRECTION('',(0.,0.,1.));
#1674 = ADVANCED_FACE('',(#1675),#1691,.T.);
#1675 = FACE_BOUND('',#1676,.T.);
#1676 = EDGE_LOOP('',(#1677,#1683,#1684,#1690));
#1677 = ORIENTED_EDGE('',*,*,#1678,.F.);
#1678 = EDGE_CURVE('',#917,#1257,#1679,.T.);
#1679 = LINE('',#1680,#1681);
#1680 = CARTESIAN_POINT('',(-20.48560132117,-34.48681108061,46.));
#1681 = VECTOR('',#1682,1.);
#1682 = DIRECTION('',(-0.573576436351,-0.819152044289,0.));
#1683 = ORIENTED_EDGE('',*,*,#914,.F.);
#1684 = ORIENTED_EDGE('',*,*,#1685,.T.);
#1685 = EDGE_CURVE('',#915,#1255,#1686,.T.);
#1686 = LINE('',#1687,#1688);
#1687 = CARTESIAN_POINT('',(-25.4005135869,-31.0453524625,46.));
#1688 = VECTOR('',#1689,1.);
#1689 = DIRECTION('',(-0.573576436351,-0.819152044289,0.));
#1690 = ORIENTED_EDGE('',*,*,#1254,.T.);
#1691 = PLANE('',#1692);
#1692 = AXIS2_PLACEMENT_3D('',#1693,#1694,#1695);
#1693 = CARTESIAN_POINT('',(-25.4005135869,-31.0453524625,46.));
#1694 = DIRECTION('',(0.,0.,1.));
#1695 = DIRECTION('',(-0.573576436351,-0.819152044289,0.));
#1696 = ADVANCED_FACE('',(#1697),#1708,.T.);
#1697 = FACE_BOUND('',#1698,.T.);
#1698 = EDGE_LOOP('',(#1699,#1700,#1701,#1707));
#1699 = ORIENTED_EDGE('',*,*,#1685,.F.);
#1700 = ORIENTED_EDGE('',*,*,#925,.T.);
#1701 = ORIENTED_EDGE('',*,*,#1702,.T.);
#1702 = EDGE_CURVE('',#926,#1266,#1703,.T.);
#1703 = LINE('',#1704,#1705);
#1704 = CARTESIAN_POINT('',(-25.4005135869,-31.0453524625,55.));
#1705 = VECTOR('',#1706,1.);
#1706 = DIRECTION('',(-0.573576436351,-0.819152044289,0.));
#1707 = ORIENTED_EDGE('',*,*,#1265,.F.);
#1708 = PLANE('',#1709);
#1709 = AXIS2_PLACEMENT_3D('',#1710,#1711,#1712);
#1710 = CARTESIAN_POINT('',(-25.4005135869,-31.0453524625,46.));
#1711 = DIRECTION('',(0.819152044289,-0.573576436351,0.));
#1712 = DIRECTION('',(0.,0.,1.));
#1713 = ADVANCED_FACE('',(#1714),#1725,.F.);
#1714 = FACE_BOUND('',#1715,.F.);
#1715 = EDGE_LOOP('',(#1716,#1717,#1718,#1724));
#1716 = ORIENTED_EDGE('',*,*,#1678,.F.);
#1717 = ORIENTED_EDGE('',*,*,#942,.T.);
#1718 = ORIENTED_EDGE('',*,*,#1719,.T.);
#1719 = EDGE_CURVE('',#934,#1274,#1720,.T.);
#1720 = LINE('',#1721,#1722);
#1721 = CARTESIAN_POINT('',(-20.48560132117,-34.48681108061,55.));
#1722 = VECTOR('',#1723,1.);
#1723 = DIRECTION('',(-0.573576436351,-0.819152044289,0.));
#1724 = ORIENTED_EDGE('',*,*,#1282,.F.);
#1725 = PLANE('',#1726);
#1726 = AXIS2_PLACEMENT_3D('',#1727,#1728,#1729);
#1727 = CARTESIAN_POINT('',(-20.48560132117,-34.48681108061,46.));
#1728 = DIRECTION('',(0.819152044289,-0.573576436351,0.));
#1729 = DIRECTION('',(0.,0.,1.));
#1730 = ADVANCED_FACE('',(#1731),#1737,.F.);
#1731 = FACE_BOUND('',#1732,.F.);
#1732 = EDGE_LOOP('',(#1733,#1734,#1735,#1736));
#1733 = ORIENTED_EDGE('',*,*,#1719,.F.);
#1734 = ORIENTED_EDGE('',*,*,#933,.F.);
#1735 = ORIENTED_EDGE('',*,*,#1702,.T.);
#1736 = ORIENTED_EDGE('',*,*,#1273,.T.);
#1737 = PLANE('',#1738);
#1738 = AXIS2_PLACEMENT_3D('',#1739,#1740,#1741);
#1739 = CARTESIAN_POINT('',(-25.4005135869,-31.0453524625,55.));
#1740 = DIRECTION('',(0.,0.,1.));
#1741 = DIRECTION('',(-0.573576436351,-0.819152044289,0.));
#1742 = ADVANCED_FACE('',(#1743),#1759,.T.);
#1743 = FACE_BOUND('',#1744,.T.);
#1744 = EDGE_LOOP('',(#1745,#1751,#1752,#1758));
#1745 = ORIENTED_EDGE('',*,*,#1746,.F.);
#1746 = EDGE_CURVE('',#953,#1293,#1747,.T.);
#1747 = LINE('',#1748,#1749);
#1748 = CARTESIAN_POINT('',(-10.86172787066,-38.61376526141,46.));
#1749 = VECTOR('',#1750,1.);
#1750 = DIRECTION('',(-0.342020143326,-0.939692620786,0.));
#1751 = ORIENTED_EDGE('',*,*,#950,.F.);
#1752 = ORIENTED_EDGE('',*,*,#1753,.T.);
#1753 = EDGE_CURVE('',#951,#1291,#1754,.T.);
#1754 = LINE('',#1755,#1756);
#1755 = CARTESIAN_POINT('',(-16.49988359538,-36.56164440145,46.));
#1756 = VECTOR('',#1757,1.);
#1757 = DIRECTION('',(-0.342020143326,-0.939692620786,0.));
#1758 = ORIENTED_EDGE('',*,*,#1290,.T.);
#1759 = PLANE('',#1760);
#1760 = AXIS2_PLACEMENT_3D('',#1761,#1762,#1763);
#1761 = CARTESIAN_POINT('',(-16.49988359538,-36.56164440145,46.));
#1762 = DIRECTION('',(0.,0.,1.));
#1763 = DIRECTION('',(-0.342020143326,-0.939692620786,0.));
#1764 = ADVANCED_FACE('',(#1765),#1776,.T.);
#1765 = FACE_BOUND('',#1766,.T.);
#1766 = EDGE_LOOP('',(#1767,#1768,#1769,#1775));
#1767 = ORIENTED_EDGE('',*,*,#1753,.F.);
#1768 = ORIENTED_EDGE('',*,*,#961,.T.);
#1769 = ORIENTED_EDGE('',*,*,#1770,.T.);
#1770 = EDGE_CURVE('',#962,#1302,#1771,.T.);
#1771 = LINE('',#1772,#1773);
#1772 = CARTESIAN_POINT('',(-16.49988359538,-36.56164440145,55.));
#1773 = VECTOR('',#1774,1.);
#1774 = DIRECTION('',(-0.342020143326,-0.939692620786,0.));
#1775 = ORIENTED_EDGE('',*,*,#1301,.F.);
#1776 = PLANE('',#1777);
#1777 = AXIS2_PLACEMENT_3D('',#1778,#1779,#1780);
#1778 = CARTESIAN_POINT('',(-16.49988359538,-36.56164440145,46.));
#1779 = DIRECTION('',(0.939692620786,-0.342020143326,0.));
#1780 = DIRECTION('',(0.,0.,1.));
#1781 = ADVANCED_FACE('',(#1782),#1793,.F.);
#1782 = FACE_BOUND('',#1783,.F.);
#1783 = EDGE_LOOP('',(#1784,#1785,#1786,#1792));
#1784 = ORIENTED_EDGE('',*,*,#1746,.F.);
#1785 = ORIENTED_EDGE('',*,*,#978,.T.);
#1786 = ORIENTED_EDGE('',*,*,#1787,.T.);
#1787 = EDGE_CURVE('',#970,#1310,#1788,.T.);
#1788 = LINE('',#1789,#1790);
#1789 = CARTESIAN_POINT('',(-10.86172787066,-38.61376526141,55.));
#1790 = VECTOR('',#1791,1.);
#1791 = DIRECTION('',(-0.342020143326,-0.939692620786,0.));
#1792 = ORIENTED_EDGE('',*,*,#1318,.F.);
#1793 = PLANE('',#1794);
#1794 = AXIS2_PLACEMENT_3D('',#1795,#1796,#1797);
#1795 = CARTESIAN_POINT('',(-10.86172787066,-38.61376526141,46.));
#1796 = DIRECTION('',(0.939692620786,-0.342020143326,0.));
#1797 = DIRECTION('',(0.,0.,1.));
#1798 = ADVANCED_FACE('',(#1799),#1805,.F.);
#1799 = FACE_BOUND('',#1800,.F.);
#1800 = EDGE_LOOP('',(#1801,#1802,#1803,#1804));
#1801 = ORIENTED_EDGE('',*,*,#1787,.F.);
#1802 = ORIENTED_EDGE('',*,*,#969,.F.);
#1803 = ORIENTED_EDGE('',*,*,#1770,.T.);
#1804 = ORIENTED_EDGE('',*,*,#1309,.T.);
#1805 = PLANE('',#1806);
#1806 = AXIS2_PLACEMENT_3D('',#1807,#1808,#1809);
#1807 = CARTESIAN_POINT('',(-16.49988359538,-36.56164440145,55.));
#1808 = DIRECTION('',(0.,0.,1.));
#1809 = DIRECTION('',(-0.342020143326,-0.939692620786,0.));
#1810 = ADVANCED_FACE('',(#1811),#1827,.T.);
#1811 = FACE_BOUND('',#1812,.T.);
#1812 = EDGE_LOOP('',(#1813,#1819,#1820,#1826));
#1813 = ORIENTED_EDGE('',*,*,#1814,.F.);
#1814 = EDGE_CURVE('',#989,#1329,#1815,.T.);
#1815 = LINE('',#1816,#1817);
#1816 = CARTESIAN_POINT('',(-0.497645615631,-40.10925515191,46.));
#1817 = VECTOR('',#1818,1.);
#1818 = DIRECTION('',(-8.715574274766E-02,-0.996194698092,0.));
#1819 = ORIENTED_EDGE('',*,*,#986,.F.);
#1820 = ORIENTED_EDGE('',*,*,#1821,.T.);
#1821 = EDGE_CURVE('',#987,#1327,#1822,.T.);
#1822 = LINE('',#1823,#1824);
#1823 = CARTESIAN_POINT('',(-6.474813804182,-39.58632069542,46.));
#1824 = VECTOR('',#1825,1.);
#1825 = DIRECTION('',(-8.715574274766E-02,-0.996194698092,0.));
#1826 = ORIENTED_EDGE('',*,*,#1326,.T.);
#1827 = PLANE('',#1828);
#1828 = AXIS2_PLACEMENT_3D('',#1829,#1830,#1831);
#1829 = CARTESIAN_POINT('',(-6.474813804182,-39.58632069542,46.));
#1830 = DIRECTION('',(0.,0.,1.));
#1831 = DIRECTION('',(-8.715574274766E-02,-0.996194698092,0.));
#1832 = ADVANCED_FACE('',(#1833),#1844,.T.);
#1833 = FACE_BOUND('',#1834,.T.);
#1834 = EDGE_LOOP('',(#1835,#1836,#1837,#1843));
#1835 = ORIENTED_EDGE('',*,*,#1821,.F.);
#1836 = ORIENTED_EDGE('',*,*,#997,.T.);
#1837 = ORIENTED_EDGE('',*,*,#1838,.T.);
#1838 = EDGE_CURVE('',#998,#1338,#1839,.T.);
#1839 = LINE('',#1840,#1841);
#1840 = CARTESIAN_POINT('',(-6.474813804182,-39.58632069542,55.));
#1841 = VECTOR('',#1842,1.);
#1842 = DIRECTION('',(-8.715574274766E-02,-0.996194698092,0.));
#1843 = ORIENTED_EDGE('',*,*,#1337,.F.);
#1844 = PLANE('',#1845);
#1845 = AXIS2_PLACEMENT_3D('',#1846,#1847,#1848);
#1846 = CARTESIAN_POINT('',(-6.474813804182,-39.58632069542,46.));
#1847 = DIRECTION('',(0.996194698092,-8.715574274766E-02,0.));
#1848 = DIRECTION('',(0.,0.,1.));
#1849 = ADVANCED_FACE('',(#1850),#1861,.F.);
#1850 = FACE_BOUND('',#1851,.F.);
#1851 = EDGE_LOOP('',(#1852,#1853,#1854,#1860));
#1852 = ORIENTED_EDGE('',*,*,#1814,.F.);
#1853 = ORIENTED_EDGE('',*,*,#1014,.T.);
#1854 = ORIENTED_EDGE('',*,*,#1855,.T.);
#1855 = EDGE_CURVE('',#1006,#1346,#1856,.T.);
#1856 = LINE('',#1857,#1858);
#1857 = CARTESIAN_POINT('',(-0.497645615631,-40.10925515191,55.));
#1858 = VECTOR('',#1859,1.);
#1859 = DIRECTION('',(-8.715574274766E-02,-0.996194698092,0.));
#1860 = ORIENTED_EDGE('',*,*,#1354,.F.);
#1861 = PLANE('',#1862);
#1862 = AXIS2_PLACEMENT_3D('',#1863,#1864,#1865);
#1863 = CARTESIAN_POINT('',(-0.497645615631,-40.10925515191,46.));
#1864 = DIRECTION('',(0.996194698092,-8.715574274766E-02,0.));
#1865 = DIRECTION('',(0.,0.,1.));
#1866 = ADVANCED_FACE('',(#1867),#1873,.F.);
#1867 = FACE_BOUND('',#1868,.F.);
#1868 = EDGE_LOOP('',(#1869,#1870,#1871,#1872));
#1869 = ORIENTED_EDGE('',*,*,#1855,.F.);
#1870 = ORIENTED_EDGE('',*,*,#1005,.F.);
#1871 = ORIENTED_EDGE('',*,*,#1838,.T.);
#1872 = ORIENTED_EDGE('',*,*,#1345,.T.);
#1873 = PLANE('',#1874);
#1874 = AXIS2_PLACEMENT_3D('',#1875,#1876,#1877);
#1875 = CARTESIAN_POINT('',(-6.474813804182,-39.58632069542,55.));
#1876 = DIRECTION('',(0.,0.,1.));
#1877 = DIRECTION('',(-8.715574274766E-02,-0.996194698092,0.));
#1878 = ADVANCED_FACE('',(#1879),#1895,.T.);
#1879 = FACE_BOUND('',#1880,.T.);
#1880 = EDGE_LOOP('',(#1881,#1887,#1888,#1894));
#1881 = ORIENTED_EDGE('',*,*,#1882,.F.);
#1882 = EDGE_CURVE('',#1025,#1365,#1883,.T.);
#1883 = LINE('',#1884,#1885);
#1884 = CARTESIAN_POINT('',(9.900350365714,-38.87136558748,46.));
#1885 = VECTOR('',#1886,1.);
#1886 = DIRECTION('',(0.173648177667,-0.984807753012,0.));
#1887 = ORIENTED_EDGE('',*,*,#1022,.F.);
#1888 = ORIENTED_EDGE('',*,*,#1889,.T.);
#1889 = EDGE_CURVE('',#1023,#1363,#1890,.T.);
#1890 = LINE('',#1891,#1892);
#1891 = CARTESIAN_POINT('',(3.991503847641,-39.91325465348,46.));
#1892 = VECTOR('',#1893,1.);
#1893 = DIRECTION('',(0.173648177667,-0.984807753012,0.));
#1894 = ORIENTED_EDGE('',*,*,#1362,.T.);
#1895 = PLANE('',#1896);
#1896 = AXIS2_PLACEMENT_3D('',#1897,#1898,#1899);
#1897 = CARTESIAN_POINT('',(3.991503847641,-39.91325465348,46.));
#1898 = DIRECTION('',(0.,0.,1.));
#1899 = DIRECTION('',(0.173648177667,-0.984807753012,0.));
#1900 = ADVANCED_FACE('',(#1901),#1912,.T.);
#1901 = FACE_BOUND('',#1902,.T.);
#1902 = EDGE_LOOP('',(#1903,#1904,#1905,#1911));
#1903 = ORIENTED_EDGE('',*,*,#1889,.F.);
#1904 = ORIENTED_EDGE('',*,*,#1033,.T.);
#1905 = ORIENTED_EDGE('',*,*,#1906,.T.);
#1906 = EDGE_CURVE('',#1034,#1374,#1907,.T.);
#1907 = LINE('',#1908,#1909);
#1908 = CARTESIAN_POINT('',(3.991503847641,-39.91325465348,55.));
#1909 = VECTOR('',#1910,1.);
#1910 = DIRECTION('',(0.173648177667,-0.984807753012,0.));
#1911 = ORIENTED_EDGE('',*,*,#1373,.F.);
#1912 = PLANE('',#1913);
#1913 = AXIS2_PLACEMENT_3D('',#1914,#1915,#1916);
#1914 = CARTESIAN_POINT('',(3.991503847641,-39.91325465348,46.));
#1915 = DIRECTION('',(0.984807753012,0.173648177667,0.));
#1916 = DIRECTION('',(0.,0.,1.));
#1917 = ADVANCED_FACE('',(#1918),#1929,.F.);
#1918 = FACE_BOUND('',#1919,.F.);
#1919 = EDGE_LOOP('',(#1920,#1921,#1922,#1928));
#1920 = ORIENTED_EDGE('',*,*,#1882,.F.);
#1921 = ORIENTED_EDGE('',*,*,#1050,.T.);
#1922 = ORIENTED_EDGE('',*,*,#1923,.T.);
#1923 = EDGE_CURVE('',#1042,#1382,#1924,.T.);
#1924 = LINE('',#1925,#1926);
#1925 = CARTESIAN_POINT('',(9.900350365714,-38.87136558748,55.));
#1926 = VECTOR('',#1927,1.);
#1927 = DIRECTION('',(0.173648177667,-0.984807753012,0.));
#1928 = ORIENTED_EDGE('',*,*,#1390,.F.);
#1929 = PLANE('',#1930);
#1930 = AXIS2_PLACEMENT_3D('',#1931,#1932,#1933);
#1931 = CARTESIAN_POINT('',(9.900350365714,-38.87136558748,46.));
#1932 = DIRECTION('',(0.984807753012,0.173648177667,0.));
#1933 = DIRECTION('',(0.,0.,1.));
#1934 = ADVANCED_FACE('',(#1935),#1941,.F.);
#1935 = FACE_BOUND('',#1936,.F.);
#1936 = EDGE_LOOP('',(#1937,#1938,#1939,#1940));
#1937 = ORIENTED_EDGE('',*,*,#1923,.F.);
#1938 = ORIENTED_EDGE('',*,*,#1041,.F.);
#1939 = ORIENTED_EDGE('',*,*,#1906,.T.);
#1940 = ORIENTED_EDGE('',*,*,#1381,.T.);
#1941 = PLANE('',#1942);
#1942 = AXIS2_PLACEMENT_3D('',#1943,#1944,#1945);
#1943 = CARTESIAN_POINT('',(3.991503847641,-39.91325465348,55.));
#1944 = DIRECTION('',(0.,0.,1.));
#1945 = DIRECTION('',(0.173648177667,-0.984807753012,0.));
#1946 = ADVANCED_FACE('',(#1947),#1963,.T.);
#1947 = FACE_BOUND('',#1948,.T.);
#1948 = EDGE_LOOP('',(#1949,#1955,#1956,#1962));
#1949 = ORIENTED_EDGE('',*,*,#1950,.F.);
#1950 = EDGE_CURVE('',#1061,#1401,#1951,.T.);
#1951 = LINE('',#1952,#1953);
#1952 = CARTESIAN_POINT('',(19.623653830738,-34.98445669624,46.));
#1953 = VECTOR('',#1954,1.);
#1954 = DIRECTION('',(0.422618261741,-0.906307787037,0.));
#1955 = ORIENTED_EDGE('',*,*,#1058,.F.);
#1956 = ORIENTED_EDGE('',*,*,#1957,.T.);
#1957 = EDGE_CURVE('',#1059,#1399,#1958,.T.);
#1958 = LINE('',#1959,#1960);
#1959 = CARTESIAN_POINT('',(14.185807108518,-37.52016626668,46.));
#1960 = VECTOR('',#1961,1.);
#1961 = DIRECTION('',(0.422618261741,-0.906307787037,0.));
#1962 = ORIENTED_EDGE('',*,*,#1398,.T.);
#1963 = PLANE('',#1964);
#1964 = AXIS2_PLACEMENT_3D('',#1965,#1966,#1967);
#1965 = CARTESIAN_POINT('',(14.185807108518,-37.52016626668,46.));
#1966 = DIRECTION('',(0.,0.,1.));
#1967 = DIRECTION('',(0.422618261741,-0.906307787037,0.));
#1968 = ADVANCED_FACE('',(#1969),#1980,.T.);
#1969 = FACE_BOUND('',#1970,.T.);
#1970 = EDGE_LOOP('',(#1971,#1972,#1973,#1979));
#1971 = ORIENTED_EDGE('',*,*,#1957,.F.);
#1972 = ORIENTED_EDGE('',*,*,#1069,.T.);
#1973 = ORIENTED_EDGE('',*,*,#1974,.T.);
#1974 = EDGE_CURVE('',#1070,#1410,#1975,.T.);
#1975 = LINE('',#1976,#1977);
#1976 = CARTESIAN_POINT('',(14.185807108518,-37.52016626668,55.));
#1977 = VECTOR('',#1978,1.);
#1978 = DIRECTION('',(0.422618261741,-0.906307787037,0.));
#1979 = ORIENTED_EDGE('',*,*,#1409,.F.);
#1980 = PLANE('',#1981);
#1981 = AXIS2_PLACEMENT_3D('',#1982,#1983,#1984);
#1982 = CARTESIAN_POINT('',(14.185807108518,-37.52016626668,46.));
#1983 = DIRECTION('',(0.906307787037,0.422618261741,0.));
#1984 = DIRECTION('',(0.,0.,1.));
#1985 = ADVANCED_FACE('',(#1986),#1997,.F.);
#1986 = FACE_BOUND('',#1987,.F.);
#1987 = EDGE_LOOP('',(#1988,#1989,#1990,#1996));
#1988 = ORIENTED_EDGE('',*,*,#1950,.F.);
#1989 = ORIENTED_EDGE('',*,*,#1086,.T.);
#1990 = ORIENTED_EDGE('',*,*,#1991,.T.);
#1991 = EDGE_CURVE('',#1078,#1418,#1992,.T.);
#1992 = LINE('',#1993,#1994);
#1993 = CARTESIAN_POINT('',(19.623653830738,-34.98445669624,55.));
#1994 = VECTOR('',#1995,1.);
#1995 = DIRECTION('',(0.422618261741,-0.906307787037,0.));
#1996 = ORIENTED_EDGE('',*,*,#1426,.F.);
#1997 = PLANE('',#1998);
#1998 = AXIS2_PLACEMENT_3D('',#1999,#2000,#2001);
#1999 = CARTESIAN_POINT('',(19.623653830738,-34.98445669624,46.));
#2000 = DIRECTION('',(0.906307787037,0.422618261741,0.));
#2001 = DIRECTION('',(0.,0.,1.));
#2002 = ADVANCED_FACE('',(#2003),#2009,.F.);
#2003 = FACE_BOUND('',#2004,.F.);
#2004 = EDGE_LOOP('',(#2005,#2006,#2007,#2008));
#2005 = ORIENTED_EDGE('',*,*,#1991,.F.);
#2006 = ORIENTED_EDGE('',*,*,#1077,.F.);
#2007 = ORIENTED_EDGE('',*,*,#1974,.T.);
#2008 = ORIENTED_EDGE('',*,*,#1417,.T.);
#2009 = PLANE('',#2010);
#2010 = AXIS2_PLACEMENT_3D('',#2011,#2012,#2013);
#2011 = CARTESIAN_POINT('',(14.185807108518,-37.52016626668,55.));
#2012 = DIRECTION('',(0.,0.,1.));
#2013 = DIRECTION('',(0.422618261741,-0.906307787037,0.));
#2014 = ADVANCED_FACE('',(#2015),#2031,.T.);
#2015 = FACE_BOUND('',#2016,.T.);
#2016 = EDGE_LOOP('',(#2017,#2023,#2024,#2030));
#2017 = ORIENTED_EDGE('',*,*,#2018,.F.);
#2018 = EDGE_CURVE('',#1097,#1437,#2019,.T.);
#2019 = LINE('',#2020,#2021);
#2020 = CARTESIAN_POINT('',(28.009637716819,-28.7134148957,46.));
#2021 = VECTOR('',#2022,1.);
#2022 = DIRECTION('',(0.642787609687,-0.766044443119,0.));
#2023 = ORIENTED_EDGE('',*,*,#1094,.F.);
#2024 = ORIENTED_EDGE('',*,*,#2025,.T.);
#2025 = EDGE_CURVE('',#1095,#1435,#2026,.T.);
#2026 = LINE('',#2027,#2028);
#2027 = CARTESIAN_POINT('',(23.413371058105,-32.57014055381,46.));
#2028 = VECTOR('',#2029,1.);
#2029 = DIRECTION('',(0.642787609687,-0.766044443119,0.));
#2030 = ORIENTED_EDGE('',*,*,#1434,.T.);
#2031 = PLANE('',#2032);
#2032 = AXIS2_PLACEMENT_3D('',#2033,#2034,#2035);
#2033 = CARTESIAN_POINT('',(23.413371058105,-32.57014055381,46.));
#2034 = DIRECTION('',(0.,0.,1.));
#2035 = DIRECTION('',(0.642787609687,-0.766044443119,0.));
#2036 = ADVANCED_FACE('',(#2037),#2048,.T.);
#2037 = FACE_BOUND('',#2038,.T.);
#2038 = EDGE_LOOP('',(#2039,#2040,#2041,#2047));
#2039 = ORIENTED_EDGE('',*,*,#2025,.F.);
#2040 = ORIENTED_EDGE('',*,*,#1105,.T.);
#2041 = ORIENTED_EDGE('',*,*,#2042,.T.);
#2042 = EDGE_CURVE('',#1106,#1446,#2043,.T.);
#2043 = LINE('',#2044,#2045);
#2044 = CARTESIAN_POINT('',(23.413371058105,-32.57014055381,55.));
#2045 = VECTOR('',#2046,1.);
#2046 = DIRECTION('',(0.642787609687,-0.766044443119,0.));
#2047 = ORIENTED_EDGE('',*,*,#1445,.F.);
#2048 = PLANE('',#2049);
#2049 = AXIS2_PLACEMENT_3D('',#2050,#2051,#2052);
#2050 = CARTESIAN_POINT('',(23.413371058105,-32.57014055381,46.));
#2051 = DIRECTION('',(0.766044443119,0.642787609687,0.));
#2052 = DIRECTION('',(0.,0.,1.));
#2053 = ADVANCED_FACE('',(#2054),#2065,.F.);
#2054 = FACE_BOUND('',#2055,.F.);
#2055 = EDGE_LOOP('',(#2056,#2057,#2058,#2064));
#2056 = ORIENTED_EDGE('',*,*,#2018,.F.);
#2057 = ORIENTED_EDGE('',*,*,#1122,.T.);
#2058 = ORIENTED_EDGE('',*,*,#2059,.T.);
#2059 = EDGE_CURVE('',#1114,#1454,#2060,.T.);
#2060 = LINE('',#2061,#2062);
#2061 = CARTESIAN_POINT('',(28.009637716819,-28.7134148957,55.));
#2062 = VECTOR('',#2063,1.);
#2063 = DIRECTION('',(0.642787609687,-0.766044443119,0.));
#2064 = ORIENTED_EDGE('',*,*,#1462,.F.);
#2065 = PLANE('',#2066);
#2066 = AXIS2_PLACEMENT_3D('',#2067,#2068,#2069);
#2067 = CARTESIAN_POINT('',(28.009637716819,-28.7134148957,46.));
#2068 = DIRECTION('',(0.766044443119,0.642787609687,0.));
#2069 = DIRECTION('',(0.,0.,1.));
#2070 = ADVANCED_FACE('',(#2071),#2077,.F.);
#2071 = FACE_BOUND('',#2072,.F.);
#2072 = EDGE_LOOP('',(#2073,#2074,#2075,#2076));
#2073 = ORIENTED_EDGE('',*,*,#2059,.F.);
#2074 = ORIENTED_EDGE('',*,*,#1113,.F.);
#2075 = ORIENTED_EDGE('',*,*,#2042,.T.);
#2076 = ORIENTED_EDGE('',*,*,#1453,.T.);
#2077 = PLANE('',#2078);
#2078 = AXIS2_PLACEMENT_3D('',#2079,#2080,#2081);
#2079 = CARTESIAN_POINT('',(23.413371058105,-32.57014055381,55.));
#2080 = DIRECTION('',(0.,0.,1.));
#2081 = DIRECTION('',(0.642787609687,-0.766044443119,0.));
#2082 = ADVANCED_FACE('',(#2083),#2094,.T.);
#2083 = FACE_BOUND('',#2084,.T.);
#2084 = EDGE_LOOP('',(#2085,#2086,#2092,#2093));
#2085 = ORIENTED_EDGE('',*,*,#792,.T.);
#2086 = ORIENTED_EDGE('',*,*,#2087,.T.);
#2087 = EDGE_CURVE('',#785,#872,#2088,.T.);
#2088 = LINE('',#2089,#2090);
#2089 = CARTESIAN_POINT('',(-34.10511776651,-28.92820323027,0.));
#2090 = VECTOR('',#2091,1.);
#2091 = DIRECTION('',(0.,0.,1.));
#2092 = ORIENTED_EDGE('',*,*,#879,.F.);
#2093 = ORIENTED_EDGE('',*,*,#906,.F.);
#2094 = PLANE('',#2095);
#2095 = AXIS2_PLACEMENT_3D('',#2096,#2097,#2098);
#2096 = CARTESIAN_POINT('',(-34.10511776651,-28.92820323027,0.));
#2097 = DIRECTION('',(0.5,-0.866025403784,0.));
#2098 = DIRECTION('',(0.,0.,1.));
#2099 = ADVANCED_FACE('',(#2100),#2144,.T.);
#2100 = FACE_BOUND('',#2101,.T.);
#2101 = EDGE_LOOP('',(#2102,#2111,#2119,#2128,#2136,#2143));
#2102 = ORIENTED_EDGE('',*,*,#2103,.F.);
#2103 = EDGE_CURVE('',#2104,#1657,#2106,.T.);
#2104 = VERTEX_POINT('',#2105);
#2105 = CARTESIAN_POINT('',(-49.89934640057,-19.57179676972,58.));
#2106 = CIRCLE('',#2107,8.);
#2107 = AXIS2_PLACEMENT_3D('',#2108,#2109,#2110);
#2108 = CARTESIAN_POINT('',(-45.89934640057,-26.5,58.));
#2109 = DIRECTION('',(0.,0.,1.));
#2110 = DIRECTION('',(1.,0.,0.));
#2111 = ORIENTED_EDGE('',*,*,#2112,.F.);
#2112 = EDGE_CURVE('',#2113,#2104,#2115,.T.);
#2113 = VERTEX_POINT('',#2114);
#2114 = CARTESIAN_POINT('',(-49.89934640057,-19.57179676972,46.));
#2115 = LINE('',#2116,#2117);
#2116 = CARTESIAN_POINT('',(-49.89934640057,-19.57179676972,0.));
#2117 = VECTOR('',#2118,1.);
#2118 = DIRECTION('',(0.,0.,1.));
#2119 = ORIENTED_EDGE('',*,*,#2120,.T.);
#2120 = EDGE_CURVE('',#2113,#2121,#2123,.T.);
#2121 = VERTEX_POINT('',#2122);
#2122 = CARTESIAN_POINT('',(-50.56303592712,-20.,46.));
#2123 = CIRCLE('',#2124,8.);
#2124 = AXIS2_PLACEMENT_3D('',#2125,#2126,#2127);
#2125 = CARTESIAN_POINT('',(-45.89934640057,-26.5,46.));
#2126 = DIRECTION('',(0.,0.,1.));
#2127 = DIRECTION('',(1.,0.,0.));
#2128 = ORIENTED_EDGE('',*,*,#2129,.F.);
#2129 = EDGE_CURVE('',#2130,#2121,#2132,.T.);
#2130 = VERTEX_POINT('',#2131);
#2131 = CARTESIAN_POINT('',(-50.56303592712,-20.,0.));
#2132 = LINE('',#2133,#2134);
#2133 = CARTESIAN_POINT('',(-50.56303592712,-20.,0.));
#2134 = VECTOR('',#2135,1.);
#2135 = DIRECTION('',(0.,0.,1.));
#2136 = ORIENTED_EDGE('',*,*,#2137,.T.);
#2137 = EDGE_CURVE('',#2130,#1648,#2138,.T.);
#2138 = CIRCLE('',#2139,8.);
#2139 = AXIS2_PLACEMENT_3D('',#2140,#2141,#2142);
#2140 = CARTESIAN_POINT('',(-45.89934640057,-26.5,0.));
#2141 = DIRECTION('',(0.,0.,1.));
#2142 = DIRECTION('',(1.,0.,0.));
#2143 = ORIENTED_EDGE('',*,*,#1664,.T.);
#2144 = CYLINDRICAL_SURFACE('',#2145,8.);
#2145 = AXIS2_PLACEMENT_3D('',#2146,#2147,#2148);
#2146 = CARTESIAN_POINT('',(-45.89934640057,-26.5,0.));
#2147 = DIRECTION('',(0.,0.,1.));
#2148 = DIRECTION('',(1.,0.,0.));
#2149 = ADVANCED_FACE('',(#2150),#2194,.T.);
#2150 = FACE_BOUND('',#2151,.T.);
#2151 = EDGE_LOOP('',(#2152,#2162,#2171,#2179,#2188));
#2152 = ORIENTED_EDGE('',*,*,#2153,.F.);
#2153 = EDGE_CURVE('',#2154,#2156,#2158,.T.);
#2154 = VERTEX_POINT('',#2155);
#2155 = CARTESIAN_POINT('',(-8.,44.689596104686,43.));
#2156 = VERTEX_POINT('',#2157);
#2157 = CARTESIAN_POINT('',(-8.,44.,43.));
#2158 = LINE('',#2159,#2160);
#2159 = CARTESIAN_POINT('',(-8.,22.,43.));
#2160 = VECTOR('',#2161,1.);
#2161 = DIRECTION('',(-1.110223024625E-16,-1.,0.));
#2162 = ORIENTED_EDGE('',*,*,#2163,.T.);
#2163 = EDGE_CURVE('',#2154,#2164,#2166,.T.);
#2164 = VERTEX_POINT('',#2165);
#2165 = CARTESIAN_POINT('',(-43.,14.565713164827,43.));
#2166 = CIRCLE('',#2167,45.4);
#2167 = AXIS2_PLACEMENT_3D('',#2168,#2169,#2170);
#2168 = CARTESIAN_POINT('',(0.,0.,43.));
#2169 = DIRECTION('',(0.,0.,1.));
#2170 = DIRECTION('',(1.,0.,0.));
#2171 = ORIENTED_EDGE('',*,*,#2172,.F.);
#2172 = EDGE_CURVE('',#2173,#2164,#2175,.T.);
#2173 = VERTEX_POINT('',#2174);
#2174 = CARTESIAN_POINT('',(-43.,9.327379053089,43.));
#2175 = LINE('',#2176,#2177);
#2176 = CARTESIAN_POINT('',(-43.,-10.,43.));
#2177 = VECTOR('',#2178,1.);
#2178 = DIRECTION('',(0.,1.,0.));
#2179 = ORIENTED_EDGE('',*,*,#2180,.F.);
#2180 = EDGE_CURVE('',#2181,#2173,#2183,.T.);
#2181 = VERTEX_POINT('',#2182);
#2182 = CARTESIAN_POINT('',(2.694222958124E-15,44.,43.));
#2183 = CIRCLE('',#2184,44.);
#2184 = AXIS2_PLACEMENT_3D('',#2185,#2186,#2187);
#2185 = CARTESIAN_POINT('',(0.,0.,43.));
#2186 = DIRECTION('',(0.,0.,1.));
#2187 = DIRECTION('',(1.,0.,0.));
#2188 = ORIENTED_EDGE('',*,*,#2189,.T.);
#2189 = EDGE_CURVE('',#2181,#2156,#2190,.T.);
#2190 = LINE('',#2191,#2192);
#2191 = CARTESIAN_POINT('',(4.,44.,43.));
#2192 = VECTOR('',#2193,1.);
#2193 = DIRECTION('',(-1.,1.110223024625E-16,0.));
#2194 = PLANE('',#2195);
#2195 = AXIS2_PLACEMENT_3D('',#2196,#2197,#2198);
#2196 = CARTESIAN_POINT('',(0.,0.,43.));
#2197 = DIRECTION('',(0.,0.,1.));
#2198 = DIRECTION('',(1.,0.,0.));
#2199 = ADVANCED_FACE('',(#2200),#2225,.T.);
#2200 = FACE_BOUND('',#2201,.T.);
#2201 = EDGE_LOOP('',(#2202,#2203,#2211,#2219));
#2202 = ORIENTED_EDGE('',*,*,#2153,.T.);
#2203 = ORIENTED_EDGE('',*,*,#2204,.T.);
#2204 = EDGE_CURVE('',#2156,#2205,#2207,.T.);
#2205 = VERTEX_POINT('',#2206);
#2206 = CARTESIAN_POINT('',(-8.,44.,57.));
#2207 = LINE('',#2208,#2209);
#2208 = CARTESIAN_POINT('',(-8.,44.,0.));
#2209 = VECTOR('',#2210,1.);
#2210 = DIRECTION('',(0.,0.,1.));
#2211 = ORIENTED_EDGE('',*,*,#2212,.F.);
#2212 = EDGE_CURVE('',#2213,#2205,#2215,.T.);
#2213 = VERTEX_POINT('',#2214);
#2214 = CARTESIAN_POINT('',(-8.,44.689596104686,57.));
#2215 = LINE('',#2216,#2217);
#2216 = CARTESIAN_POINT('',(-8.,22.,57.));
#2217 = VECTOR('',#2218,1.);
#2218 = DIRECTION('',(-1.110223024625E-16,-1.,0.));
#2219 = ORIENTED_EDGE('',*,*,#2220,.F.);
#2220 = EDGE_CURVE('',#2154,#2213,#2221,.T.);
#2221 = LINE('',#2222,#2223);
#2222 = CARTESIAN_POINT('',(-8.,44.689596104686,43.));
#2223 = VECTOR('',#2224,1.);
#2224 = DIRECTION('',(0.,0.,1.));
#2225 = PLANE('',#2226);
#2226 = AXIS2_PLACEMENT_3D('',#2227,#2228,#2229);
#2227 = CARTESIAN_POINT('',(-8.,44.,0.));
#2228 = DIRECTION('',(-1.,1.110223024625E-16,0.));
#2229 = DIRECTION('',(0.,0.,1.));
#2230 = ADVANCED_FACE('',(#2231),#2272,.F.);
#2231 = FACE_BOUND('',#2232,.F.);
#2232 = EDGE_LOOP('',(#2233,#2234,#2243,#2251,#2257,#2266));
#2233 = ORIENTED_EDGE('',*,*,#2212,.F.);
#2234 = ORIENTED_EDGE('',*,*,#2235,.T.);
#2235 = EDGE_CURVE('',#2213,#2236,#2238,.T.);
#2236 = VERTEX_POINT('',#2237);
#2237 = CARTESIAN_POINT('',(-42.70232551152,-15.41659482206,57.));
#2238 = CIRCLE('',#2239,45.4);
#2239 = AXIS2_PLACEMENT_3D('',#2240,#2241,#2242);
#2240 = CARTESIAN_POINT('',(0.,0.,57.));
#2241 = DIRECTION('',(0.,0.,1.));
#2242 = DIRECTION('',(1.,0.,0.));
#2243 = ORIENTED_EDGE('',*,*,#2244,.T.);
#2244 = EDGE_CURVE('',#2236,#2245,#2247,.T.);
#2245 = VERTEX_POINT('',#2246);
#2246 = CARTESIAN_POINT('',(-42.10511776651,-15.07179676972,57.));
#2247 = LINE('',#2248,#2249);
#2248 = CARTESIAN_POINT('',(-23.05255888325,-4.071796769724,57.));
#2249 = VECTOR('',#2250,1.);
#2250 = DIRECTION('',(0.866025403784,0.5,0.));
#2251 = ORIENTED_EDGE('',*,*,#2252,.T.);
#2252 = EDGE_CURVE('',#2245,#863,#2253,.T.);
#2253 = LINE('',#2254,#2255);
#2254 = CARTESIAN_POINT('',(-40.10511776651,-18.53589838486,57.));
#2255 = VECTOR('',#2256,1.);
#2256 = DIRECTION('',(0.5,-0.866025403784,0.));
#2257 = ORIENTED_EDGE('',*,*,#2258,.F.);
#2258 = EDGE_CURVE('',#2259,#863,#2261,.T.);
#2259 = VERTEX_POINT('',#2260);
#2260 = CARTESIAN_POINT('',(2.694222958124E-15,44.,57.));
#2261 = CIRCLE('',#2262,44.);
#2262 = AXIS2_PLACEMENT_3D('',#2263,#2264,#2265);
#2263 = CARTESIAN_POINT('',(0.,0.,57.));
#2264 = DIRECTION('',(0.,0.,1.));
#2265 = DIRECTION('',(1.,0.,0.));
#2266 = ORIENTED_EDGE('',*,*,#2267,.T.);
#2267 = EDGE_CURVE('',#2259,#2205,#2268,.T.);
#2268 = LINE('',#2269,#2270);
#2269 = CARTESIAN_POINT('',(4.,44.,57.));
#2270 = VECTOR('',#2271,1.);
#2271 = DIRECTION('',(-1.,1.110223024625E-16,0.));
#2272 = PLANE('',#2273);
#2273 = AXIS2_PLACEMENT_3D('',#2274,#2275,#2276);
#2274 = CARTESIAN_POINT('',(0.,0.,57.));
#2275 = DIRECTION('',(0.,0.,1.));
#2276 = DIRECTION('',(1.,0.,0.));
#2277 = ADVANCED_FACE('',(#2278),#2303,.F.);
#2278 = FACE_BOUND('',#2279,.F.);
#2279 = EDGE_LOOP('',(#2280,#2290,#2296,#2297));
#2280 = ORIENTED_EDGE('',*,*,#2281,.T.);
#2281 = EDGE_CURVE('',#2282,#2284,#2286,.T.);
#2282 = VERTEX_POINT('',#2283);
#2283 = CARTESIAN_POINT('',(-42.70232551152,-15.41659482206,43.));
#2284 = VERTEX_POINT('',#2285);
#2285 = CARTESIAN_POINT('',(-42.10511776651,-15.07179676972,43.));
#2286 = LINE('',#2287,#2288);
#2287 = CARTESIAN_POINT('',(-23.05255888325,-4.071796769724,43.));
#2288 = VECTOR('',#2289,1.);
#2289 = DIRECTION('',(0.866025403784,0.5,0.));
#2290 = ORIENTED_EDGE('',*,*,#2291,.T.);
#2291 = EDGE_CURVE('',#2284,#2245,#2292,.T.);
#2292 = LINE('',#2293,#2294);
#2293 = CARTESIAN_POINT('',(-42.10511776651,-15.07179676972,0.));
#2294 = VECTOR('',#2295,1.);
#2295 = DIRECTION('',(0.,0.,1.));
#2296 = ORIENTED_EDGE('',*,*,#2244,.F.);
#2297 = ORIENTED_EDGE('',*,*,#2298,.F.);
#2298 = EDGE_CURVE('',#2282,#2236,#2299,.T.);
#2299 = LINE('',#2300,#2301);
#2300 = CARTESIAN_POINT('',(-42.70232551152,-15.41659482206,43.));
#2301 = VECTOR('',#2302,1.);
#2302 = DIRECTION('',(0.,0.,1.));
#2303 = PLANE('',#2304);
#2304 = AXIS2_PLACEMENT_3D('',#2305,#2306,#2307);
#2305 = CARTESIAN_POINT('',(-42.10511776651,-15.07179676972,0.));
#2306 = DIRECTION('',(0.5,-0.866025403784,0.));
#2307 = DIRECTION('',(0.,0.,1.));
#2308 = ADVANCED_FACE('',(#2309,#2408,#2444,#2480),#2516,.F.);
#2309 = FACE_BOUND('',#2310,.F.);
#2310 = EDGE_LOOP('',(#2311,#2312,#2313,#2321,#2330,#2338,#2347,#2355,
    #2364,#2373,#2382,#2391,#2399,#2406,#2407));
#2311 = ORIENTED_EDGE('',*,*,#2220,.F.);
#2312 = ORIENTED_EDGE('',*,*,#2163,.T.);
#2313 = ORIENTED_EDGE('',*,*,#2314,.T.);
#2314 = EDGE_CURVE('',#2164,#2315,#2317,.T.);
#2315 = VERTEX_POINT('',#2316);
#2316 = CARTESIAN_POINT('',(-43.,14.565713164826,46.));
#2317 = LINE('',#2318,#2319);
#2318 = CARTESIAN_POINT('',(-43.,14.565713164826,43.));
#2319 = VECTOR('',#2320,1.);
#2320 = DIRECTION('',(0.,0.,1.));
#2321 = ORIENTED_EDGE('',*,*,#2322,.F.);
#2322 = EDGE_CURVE('',#2323,#2315,#2325,.T.);
#2323 = VERTEX_POINT('',#2324);
#2324 = CARTESIAN_POINT('',(-41.54274131725,18.312854606731,46.));
#2325 = CIRCLE('',#2326,45.4);
#2326 = AXIS2_PLACEMENT_3D('',#2327,#2328,#2329);
#2327 = CARTESIAN_POINT('',(0.,0.,46.));
#2328 = DIRECTION('',(0.,0.,1.));
#2329 = DIRECTION('',(1.,0.,0.));
#2330 = ORIENTED_EDGE('',*,*,#2331,.T.);
#2331 = EDGE_CURVE('',#2323,#2332,#2334,.T.);
#2332 = VERTEX_POINT('',#2333);
#2333 = CARTESIAN_POINT('',(-41.54274131725,18.312854606731,55.));
#2334 = LINE('',#2335,#2336);
#2335 = CARTESIAN_POINT('',(-41.54274131725,18.312854606731,43.));
#2336 = VECTOR('',#2337,1.);
#2337 = DIRECTION('',(0.,0.,1.));
#2338 = ORIENTED_EDGE('',*,*,#2339,.T.);
#2339 = EDGE_CURVE('',#2332,#2340,#2342,.T.);
#2340 = VERTEX_POINT('',#2341);
#2341 = CARTESIAN_POINT('',(-43.59486217721,12.674698882015,55.));
#2342 = CIRCLE('',#2343,45.4);
#2343 = AXIS2_PLACEMENT_3D('',#2344,#2345,#2346);
#2344 = CARTESIAN_POINT('',(0.,0.,55.));
#2345 = DIRECTION('',(0.,0.,1.));
#2346 = DIRECTION('',(1.,0.,0.));
#2347 = ORIENTED_EDGE('',*,*,#2348,.F.);
#2348 = EDGE_CURVE('',#2349,#2340,#2351,.T.);
#2349 = VERTEX_POINT('',#2350);
#2350 = CARTESIAN_POINT('',(-43.59486217721,12.674698882015,46.));
#2351 = LINE('',#2352,#2353);
#2352 = CARTESIAN_POINT('',(-43.59486217721,12.674698882015,43.));
#2353 = VECTOR('',#2354,1.);
#2354 = DIRECTION('',(0.,0.,1.));
#2355 = ORIENTED_EDGE('',*,*,#2356,.T.);
#2356 = EDGE_CURVE('',#2349,#2357,#2359,.T.);
#2357 = VERTEX_POINT('',#2358);
#2358 = CARTESIAN_POINT('',(-45.39999934784,7.695154586742E-03,46.));
#2359 = CIRCLE('',#2360,45.4);
#2360 = AXIS2_PLACEMENT_3D('',#2361,#2362,#2363);
#2361 = CARTESIAN_POINT('',(0.,0.,46.));
#2362 = DIRECTION('',(0.,0.,1.));
#2363 = DIRECTION('',(1.,0.,0.));
#2364 = ORIENTED_EDGE('',*,*,#2365,.T.);
#2365 = EDGE_CURVE('',#2357,#2366,#2368,.T.);
#2366 = VERTEX_POINT('',#2367);
#2367 = CARTESIAN_POINT('',(-45.4,3.67666082758E-16,46.004442799572));
#2368 = ELLIPSE('',#2369,52.423404442418,45.4);
#2369 = AXIS2_PLACEMENT_3D('',#2370,#2371,#2372);
#2370 = CARTESIAN_POINT('',(0.,0.,46.004442799572));
#2371 = DIRECTION('',(-0.,0.5,0.866025403784));
#2372 = DIRECTION('',(0.,-0.866025403784,0.5));
#2373 = ORIENTED_EDGE('',*,*,#2374,.T.);
#2374 = EDGE_CURVE('',#2366,#2375,#2377,.T.);
#2375 = VERTEX_POINT('',#2376);
#2376 = CARTESIAN_POINT('',(-45.39999934784,-7.695154586731E-03,46.));
#2377 = ELLIPSE('',#2378,52.423404442418,45.4);
#2378 = AXIS2_PLACEMENT_3D('',#2379,#2380,#2381);
#2379 = CARTESIAN_POINT('',(0.,0.,46.004442799572));
#2380 = DIRECTION('',(0.,-0.5,0.866025403784));
#2381 = DIRECTION('',(0.,0.866025403784,0.5));
#2382 = ORIENTED_EDGE('',*,*,#2383,.T.);
#2383 = EDGE_CURVE('',#2375,#2384,#2386,.T.);
#2384 = VERTEX_POINT('',#2385);
#2385 = CARTESIAN_POINT('',(-43.,-14.56571316482,46.));
#2386 = CIRCLE('',#2387,45.4);
#2387 = AXIS2_PLACEMENT_3D('',#2388,#2389,#2390);
#2388 = CARTESIAN_POINT('',(0.,0.,46.));
#2389 = DIRECTION('',(0.,0.,1.));
#2390 = DIRECTION('',(1.,0.,0.));
#2391 = ORIENTED_EDGE('',*,*,#2392,.F.);
#2392 = EDGE_CURVE('',#2393,#2384,#2395,.T.);
#2393 = VERTEX_POINT('',#2394);
#2394 = CARTESIAN_POINT('',(-43.,-14.56571316482,43.));
#2395 = LINE('',#2396,#2397);
#2396 = CARTESIAN_POINT('',(-43.,-14.56571316482,43.));
#2397 = VECTOR('',#2398,1.);
#2398 = DIRECTION('',(0.,0.,1.));
#2399 = ORIENTED_EDGE('',*,*,#2400,.T.);
#2400 = EDGE_CURVE('',#2393,#2282,#2401,.T.);
#2401 = CIRCLE('',#2402,45.4);
#2402 = AXIS2_PLACEMENT_3D('',#2403,#2404,#2405);
#2403 = CARTESIAN_POINT('',(0.,0.,43.));
#2404 = DIRECTION('',(0.,0.,1.));
#2405 = DIRECTION('',(1.,0.,0.));
#2406 = ORIENTED_EDGE('',*,*,#2298,.T.);
#2407 = ORIENTED_EDGE('',*,*,#2235,.F.);
#2408 = FACE_BOUND('',#2409,.F.);
#2409 = EDGE_LOOP('',(#2410,#2421,#2429,#2438));
#2410 = ORIENTED_EDGE('',*,*,#2411,.F.);
#2411 = EDGE_CURVE('',#2412,#2414,#2416,.T.);
#2412 = VERTEX_POINT('',#2413);
#2413 = CARTESIAN_POINT('',(-16.42601041921,42.324297769815,46.));
#2414 = VERTEX_POINT('',#2415);
#2415 = CARTESIAN_POINT('',(-21.86385714143,39.788588199371,46.));
#2416 = CIRCLE('',#2417,45.4);
#2417 = AXIS2_PLACEMENT_3D('',#2418,#2419,#2420);
#2418 = CARTESIAN_POINT('',(0.,0.,46.));
#2419 = DIRECTION('',(0.,0.,1.));
#2420 = DIRECTION('',(1.,0.,0.));
#2421 = ORIENTED_EDGE('',*,*,#2422,.T.);
#2422 = EDGE_CURVE('',#2412,#2423,#2425,.T.);
#2423 = VERTEX_POINT('',#2424);
#2424 = CARTESIAN_POINT('',(-16.42601041921,42.324297769815,55.));
#2425 = LINE('',#2426,#2427);
#2426 = CARTESIAN_POINT('',(-16.42601041921,42.324297769815,43.));
#2427 = VECTOR('',#2428,1.);
#2428 = DIRECTION('',(0.,0.,1.));
#2429 = ORIENTED_EDGE('',*,*,#2430,.T.);
#2430 = EDGE_CURVE('',#2423,#2431,#2433,.T.);
#2431 = VERTEX_POINT('',#2432);
#2432 = CARTESIAN_POINT('',(-21.86385714143,39.788588199371,55.));
#2433 = CIRCLE('',#2434,45.4);
#2434 = AXIS2_PLACEMENT_3D('',#2435,#2436,#2437);
#2435 = CARTESIAN_POINT('',(0.,0.,55.));
#2436 = DIRECTION('',(0.,0.,1.));
#2437 = DIRECTION('',(1.,0.,0.));
#2438 = ORIENTED_EDGE('',*,*,#2439,.F.);
#2439 = EDGE_CURVE('',#2414,#2431,#2440,.T.);
#2440 = LINE('',#2441,#2442);
#2441 = CARTESIAN_POINT('',(-21.86385714143,39.788588199371,43.));
#2442 = VECTOR('',#2443,1.);
#2443 = DIRECTION('',(0.,0.,1.));
#2444 = FACE_BOUND('',#2445,.F.);
#2445 = EDGE_LOOP('',(#2446,#2457,#2465,#2474));
#2446 = ORIENTED_EDGE('',*,*,#2447,.F.);
#2447 = EDGE_CURVE('',#2448,#2450,#2452,.T.);
#2448 = VERTEX_POINT('',#2449);
#2449 = CARTESIAN_POINT('',(-26.82064202022,36.63076796387,46.));
#2450 = VERTEX_POINT('',#2451);
#2451 = CARTESIAN_POINT('',(-31.41690867894,32.77404230575,46.));
#2452 = CIRCLE('',#2453,45.4);
#2453 = AXIS2_PLACEMENT_3D('',#2454,#2455,#2456);
#2454 = CARTESIAN_POINT('',(0.,0.,46.));
#2455 = DIRECTION('',(0.,0.,1.));
#2456 = DIRECTION('',(1.,0.,0.));
#2457 = ORIENTED_EDGE('',*,*,#2458,.T.);
#2458 = EDGE_CURVE('',#2448,#2459,#2461,.T.);
#2459 = VERTEX_POINT('',#2460);
#2460 = CARTESIAN_POINT('',(-26.82064202022,36.63076796387,55.));
#2461 = LINE('',#2462,#2463);
#2462 = CARTESIAN_POINT('',(-26.82064202022,36.63076796387,43.));
#2463 = VECTOR('',#2464,1.);
#2464 = DIRECTION('',(0.,0.,1.));
#2465 = ORIENTED_EDGE('',*,*,#2466,.T.);
#2466 = EDGE_CURVE('',#2459,#2467,#2469,.T.);
#2467 = VERTEX_POINT('',#2468);
#2468 = CARTESIAN_POINT('',(-31.41690867894,32.77404230575,55.));
#2469 = CIRCLE('',#2470,45.4);
#2470 = AXIS2_PLACEMENT_3D('',#2471,#2472,#2473);
#2471 = CARTESIAN_POINT('',(0.,0.,55.));
#2472 = DIRECTION('',(0.,0.,1.));
#2473 = DIRECTION('',(1.,0.,0.));
#2474 = ORIENTED_EDGE('',*,*,#2475,.F.);
#2475 = EDGE_CURVE('',#2450,#2467,#2476,.T.);
#2476 = LINE('',#2477,#2478);
#2477 = CARTESIAN_POINT('',(-31.41690867894,32.77404230575,43.));
#2478 = VECTOR('',#2479,1.);
#2479 = DIRECTION('',(0.,0.,1.));
#2480 = FACE_BOUND('',#2481,.F.);
#2481 = EDGE_LOOP('',(#2482,#2493,#2501,#2510));
#2482 = ORIENTED_EDGE('',*,*,#2483,.F.);
#2483 = EDGE_CURVE('',#2484,#2486,#2488,.T.);
#2484 = VERTEX_POINT('',#2485);
#2485 = CARTESIAN_POINT('',(-35.38749119077,28.440911856392,46.));
#2486 = VERTEX_POINT('',#2487);
#2487 = CARTESIAN_POINT('',(-38.82894980887,23.525999590658,46.));
#2488 = CIRCLE('',#2489,45.4);
#2489 = AXIS2_PLACEMENT_3D('',#2490,#2491,#2492);
#2490 = CARTESIAN_POINT('',(0.,0.,46.));
#2491 = DIRECTION('',(0.,0.,1.));
#2492 = DIRECTION('',(1.,0.,0.));
#2493 = ORIENTED_EDGE('',*,*,#2494,.T.);
#2494 = EDGE_CURVE('',#2484,#2495,#2497,.T.);
#2495 = VERTEX_POINT('',#2496);
#2496 = CARTESIAN_POINT('',(-35.38749119077,28.440911856392,55.));
#2497 = LINE('',#2498,#2499);
#2498 = CARTESIAN_POINT('',(-35.38749119077,28.440911856392,43.));
#2499 = VECTOR('',#2500,1.);
#2500 = DIRECTION('',(0.,0.,1.));
#2501 = ORIENTED_EDGE('',*,*,#2502,.T.);
#2502 = EDGE_CURVE('',#2495,#2503,#2505,.T.);
#2503 = VERTEX_POINT('',#2504);
#2504 = CARTESIAN_POINT('',(-38.82894980887,23.525999590658,55.));
#2505 = CIRCLE('',#2506,45.4);
#2506 = AXIS2_PLACEMENT_3D('',#2507,#2508,#2509);
#2507 = CARTESIAN_POINT('',(0.,0.,55.));
#2508 = DIRECTION('',(0.,0.,1.));
#2509 = DIRECTION('',(1.,0.,0.));
#2510 = ORIENTED_EDGE('',*,*,#2511,.F.);
#2511 = EDGE_CURVE('',#2486,#2503,#2512,.T.);
#2512 = LINE('',#2513,#2514);
#2513 = CARTESIAN_POINT('',(-38.82894980887,23.525999590658,43.));
#2514 = VECTOR('',#2515,1.);
#2515 = DIRECTION('',(0.,0.,1.));
#2516 = CYLINDRICAL_SURFACE('',#2517,45.4);
#2517 = AXIS2_PLACEMENT_3D('',#2518,#2519,#2520);
#2518 = CARTESIAN_POINT('',(0.,0.,43.));
#2519 = DIRECTION('',(0.,0.,1.));
#2520 = DIRECTION('',(1.,0.,0.));
#2521 = ADVANCED_FACE('',(#2522),#2556,.F.);
#2522 = FACE_BOUND('',#2523,.F.);
#2523 = EDGE_LOOP('',(#2524,#2534,#2542,#2550));
#2524 = ORIENTED_EDGE('',*,*,#2525,.F.);
#2525 = EDGE_CURVE('',#2526,#2528,#2530,.T.);
#2526 = VERTEX_POINT('',#2527);
#2527 = CARTESIAN_POINT('',(7.999999999999,47.328638264797,0.));
#2528 = VERTEX_POINT('',#2529);
#2529 = CARTESIAN_POINT('',(8.,53.,0.));
#2530 = LINE('',#2531,#2532);
#2531 = CARTESIAN_POINT('',(8.,44.,0.));
#2532 = VECTOR('',#2533,1.);
#2533 = DIRECTION('',(1.110223024625E-16,1.,0.));
#2534 = ORIENTED_EDGE('',*,*,#2535,.T.);
#2535 = EDGE_CURVE('',#2526,#2536,#2538,.T.);
#2536 = VERTEX_POINT('',#2537);
#2537 = CARTESIAN_POINT('',(7.999999999999,47.328638264797,58.));
#2538 = LINE('',#2539,#2540);
#2539 = CARTESIAN_POINT('',(8.,47.328638264797,0.));
#2540 = VECTOR('',#2541,1.);
#2541 = DIRECTION('',(0.,0.,1.));
#2542 = ORIENTED_EDGE('',*,*,#2543,.T.);
#2543 = EDGE_CURVE('',#2536,#2544,#2546,.T.);
#2544 = VERTEX_POINT('',#2545);
#2545 = CARTESIAN_POINT('',(8.,53.,58.));
#2546 = LINE('',#2547,#2548);
#2547 = CARTESIAN_POINT('',(8.,44.,58.));
#2548 = VECTOR('',#2549,1.);
#2549 = DIRECTION('',(1.110223024625E-16,1.,0.));
#2550 = ORIENTED_EDGE('',*,*,#2551,.F.);
#2551 = EDGE_CURVE('',#2528,#2544,#2552,.T.);
#2552 = LINE('',#2553,#2554);
#2553 = CARTESIAN_POINT('',(8.,53.,0.));
#2554 = VECTOR('',#2555,1.);
#2555 = DIRECTION('',(0.,0.,1.));
#2556 = PLANE('',#2557);
#2557 = AXIS2_PLACEMENT_3D('',#2558,#2559,#2560);
#2558 = CARTESIAN_POINT('',(8.,44.,0.));
#2559 = DIRECTION('',(-1.,1.110223024625E-16,0.));
#2560 = DIRECTION('',(0.,0.,1.));
#2561 = ADVANCED_FACE('',(#2562),#2589,.T.);
#2562 = FACE_BOUND('',#2563,.T.);
#2563 = EDGE_LOOP('',(#2564,#2573,#2574,#2583));
#2564 = ORIENTED_EDGE('',*,*,#2565,.F.);
#2565 = EDGE_CURVE('',#2544,#2566,#2568,.T.);
#2566 = VERTEX_POINT('',#2567);
#2567 = CARTESIAN_POINT('',(-8.,53.,58.));
#2568 = CIRCLE('',#2569,8.);
#2569 = AXIS2_PLACEMENT_3D('',#2570,#2571,#2572);
#2570 = CARTESIAN_POINT('',(3.24531401774E-15,53.,58.));
#2571 = DIRECTION('',(0.,0.,1.));
#2572 = DIRECTION('',(1.,0.,0.));
#2573 = ORIENTED_EDGE('',*,*,#2551,.F.);
#2574 = ORIENTED_EDGE('',*,*,#2575,.T.);
#2575 = EDGE_CURVE('',#2528,#2576,#2578,.T.);
#2576 = VERTEX_POINT('',#2577);
#2577 = CARTESIAN_POINT('',(-8.,53.,0.));
#2578 = CIRCLE('',#2579,8.);
#2579 = AXIS2_PLACEMENT_3D('',#2580,#2581,#2582);
#2580 = CARTESIAN_POINT('',(3.24531401774E-15,53.,0.));
#2581 = DIRECTION('',(0.,0.,1.));
#2582 = DIRECTION('',(1.,0.,0.));
#2583 = ORIENTED_EDGE('',*,*,#2584,.T.);
#2584 = EDGE_CURVE('',#2576,#2566,#2585,.T.);
#2585 = LINE('',#2586,#2587);
#2586 = CARTESIAN_POINT('',(-8.,53.,0.));
#2587 = VECTOR('',#2588,1.);
#2588 = DIRECTION('',(0.,0.,1.));
#2589 = CYLINDRICAL_SURFACE('',#2590,8.);
#2590 = AXIS2_PLACEMENT_3D('',#2591,#2592,#2593);
#2591 = CARTESIAN_POINT('',(3.24531401774E-15,53.,0.));
#2592 = DIRECTION('',(0.,0.,1.));
#2593 = DIRECTION('',(1.,0.,0.));
#2594 = ADVANCED_FACE('',(#2595),#2620,.T.);
#2595 = FACE_BOUND('',#2596,.T.);
#2596 = EDGE_LOOP('',(#2597,#2605,#2613,#2619));
#2597 = ORIENTED_EDGE('',*,*,#2598,.F.);
#2598 = EDGE_CURVE('',#2599,#2576,#2601,.T.);
#2599 = VERTEX_POINT('',#2600);
#2600 = CARTESIAN_POINT('',(-7.999999999999,47.328638264797,0.));
#2601 = LINE('',#2602,#2603);
#2602 = CARTESIAN_POINT('',(-8.,44.,0.));
#2603 = VECTOR('',#2604,1.);
#2604 = DIRECTION('',(1.110223024625E-16,1.,0.));
#2605 = ORIENTED_EDGE('',*,*,#2606,.T.);
#2606 = EDGE_CURVE('',#2599,#2607,#2609,.T.);
#2607 = VERTEX_POINT('',#2608);
#2608 = CARTESIAN_POINT('',(-7.999999999999,47.328638264797,58.));
#2609 = LINE('',#2610,#2611);
#2610 = CARTESIAN_POINT('',(-8.,47.328638264797,0.));
#2611 = VECTOR('',#2612,1.);
#2612 = DIRECTION('',(0.,0.,1.));
#2613 = ORIENTED_EDGE('',*,*,#2614,.T.);
#2614 = EDGE_CURVE('',#2607,#2566,#2615,.T.);
#2615 = LINE('',#2616,#2617);
#2616 = CARTESIAN_POINT('',(-8.,44.,58.));
#2617 = VECTOR('',#2618,1.);
#2618 = DIRECTION('',(1.110223024625E-16,1.,0.));
#2619 = ORIENTED_EDGE('',*,*,#2584,.F.);
#2620 = PLANE('',#2621);
#2621 = AXIS2_PLACEMENT_3D('',#2622,#2623,#2624);
#2622 = CARTESIAN_POINT('',(-8.,44.,0.));
#2623 = DIRECTION('',(-1.,1.110223024625E-16,0.));
#2624 = DIRECTION('',(0.,0.,1.));
#2625 = ADVANCED_FACE('',(#2626,#2765,#2801,#2837),#2873,.T.);
#2626 = FACE_BOUND('',#2627,.T.);
#2627 = EDGE_LOOP('',(#2628,#2629,#2638,#2646,#2655,#2663,#2672,#2680,
    #2689,#2697,#2706,#2714,#2723,#2732,#2741,#2750,#2758));
#2628 = ORIENTED_EDGE('',*,*,#2606,.F.);
#2629 = ORIENTED_EDGE('',*,*,#2630,.T.);
#2630 = EDGE_CURVE('',#2599,#2631,#2633,.T.);
#2631 = VERTEX_POINT('',#2632);
#2632 = CARTESIAN_POINT('',(-39.98795005781,26.55115534536,0.));
#2633 = CIRCLE('',#2634,48.);
#2634 = AXIS2_PLACEMENT_3D('',#2635,#2636,#2637);
#2635 = CARTESIAN_POINT('',(0.,0.,0.));
#2636 = DIRECTION('',(0.,0.,1.));
#2637 = DIRECTION('',(1.,0.,0.));
#2638 = ORIENTED_EDGE('',*,*,#2639,.T.);
#2639 = EDGE_CURVE('',#2631,#2640,#2642,.T.);
#2640 = VERTEX_POINT('',#2641);
#2641 = CARTESIAN_POINT('',(-39.98795005781,26.55115534536,1.6));
#2642 = LINE('',#2643,#2644);
#2643 = CARTESIAN_POINT('',(-39.98795005781,26.55115534536,0.));
#2644 = VECTOR('',#2645,1.);
#2645 = DIRECTION('',(0.,0.,1.));
#2646 = ORIENTED_EDGE('',*,*,#2647,.T.);
#2647 = EDGE_CURVE('',#2640,#2648,#2650,.T.);
#2648 = VERTEX_POINT('',#2649);
#2649 = CARTESIAN_POINT('',(-42.98795005781,21.355002922654,1.6));
#2650 = CIRCLE('',#2651,48.);
#2651 = AXIS2_PLACEMENT_3D('',#2652,#2653,#2654);
#2652 = CARTESIAN_POINT('',(0.,0.,1.6));
#2653 = DIRECTION('',(0.,0.,1.));
#2654 = DIRECTION('',(1.,0.,0.));
#2655 = ORIENTED_EDGE('',*,*,#2656,.F.);
#2656 = EDGE_CURVE('',#2657,#2648,#2659,.T.);
#2657 = VERTEX_POINT('',#2658);
#2658 = CARTESIAN_POINT('',(-42.98795005781,21.355002922653,0.));
#2659 = LINE('',#2660,#2661);
#2660 = CARTESIAN_POINT('',(-42.98795005781,21.355002922654,0.));
#2661 = VECTOR('',#2662,1.);
#2662 = DIRECTION('',(0.,0.,1.));
#2663 = ORIENTED_EDGE('',*,*,#2664,.T.);
#2664 = EDGE_CURVE('',#2657,#2665,#2667,.T.);
#2665 = VERTEX_POINT('',#2666);
#2666 = CARTESIAN_POINT('',(-43.63484845854,20.,0.));
#2667 = CIRCLE('',#2668,48.);
#2668 = AXIS2_PLACEMENT_3D('',#2669,#2670,#2671);
#2669 = CARTESIAN_POINT('',(0.,0.,0.));
#2670 = DIRECTION('',(0.,0.,1.));
#2671 = DIRECTION('',(1.,0.,0.));
#2672 = ORIENTED_EDGE('',*,*,#2673,.T.);
#2673 = EDGE_CURVE('',#2665,#2674,#2676,.T.);
#2674 = VERTEX_POINT('',#2675);
#2675 = CARTESIAN_POINT('',(-43.63484845854,20.,46.));
#2676 = LINE('',#2677,#2678);
#2677 = CARTESIAN_POINT('',(-43.63484845854,20.,0.));
#2678 = VECTOR('',#2679,1.);
#2679 = DIRECTION('',(0.,0.,1.));
#2680 = ORIENTED_EDGE('',*,*,#2681,.T.);
#2681 = EDGE_CURVE('',#2674,#2682,#2684,.T.);
#2682 = VERTEX_POINT('',#2683);
#2683 = CARTESIAN_POINT('',(-43.99100298467,19.203948979366,46.));
#2684 = CIRCLE('',#2685,48.);
#2685 = AXIS2_PLACEMENT_3D('',#2686,#2687,#2688);
#2686 = CARTESIAN_POINT('',(0.,0.,46.));
#2687 = DIRECTION('',(0.,0.,1.));
#2688 = DIRECTION('',(1.,0.,0.));
#2689 = ORIENTED_EDGE('',*,*,#2690,.T.);
#2690 = EDGE_CURVE('',#2682,#2691,#2693,.T.);
#2691 = VERTEX_POINT('',#2692);
#2692 = CARTESIAN_POINT('',(-43.99100298467,19.203948979366,55.));
#2693 = LINE('',#2694,#2695);
#2694 = CARTESIAN_POINT('',(-43.99100298467,19.203948979366,0.));
#2695 = VECTOR('',#2696,1.);
#2696 = DIRECTION('',(0.,0.,1.));
#2697 = ORIENTED_EDGE('',*,*,#2698,.T.);
#2698 = EDGE_CURVE('',#2691,#2699,#2701,.T.);
#2699 = VERTEX_POINT('',#2700);
#2700 = CARTESIAN_POINT('',(-46.04312384463,13.565793254651,55.));
#2701 = CIRCLE('',#2702,48.);
#2702 = AXIS2_PLACEMENT_3D('',#2703,#2704,#2705);
#2703 = CARTESIAN_POINT('',(0.,0.,55.));
#2704 = DIRECTION('',(0.,0.,1.));
#2705 = DIRECTION('',(1.,0.,0.));
#2706 = ORIENTED_EDGE('',*,*,#2707,.F.);
#2707 = EDGE_CURVE('',#2708,#2699,#2710,.T.);
#2708 = VERTEX_POINT('',#2709);
#2709 = CARTESIAN_POINT('',(-46.04312384463,13.565793254651,46.));
#2710 = LINE('',#2711,#2712);
#2711 = CARTESIAN_POINT('',(-46.04312384463,13.565793254651,0.));
#2712 = VECTOR('',#2713,1.);
#2713 = DIRECTION('',(0.,0.,1.));
#2714 = ORIENTED_EDGE('',*,*,#2715,.T.);
#2715 = EDGE_CURVE('',#2708,#2716,#2718,.T.);
#2716 = VERTEX_POINT('',#2717);
#2717 = CARTESIAN_POINT('',(-47.99999938317,7.695154586754E-03,46.));
#2718 = CIRCLE('',#2719,48.);
#2719 = AXIS2_PLACEMENT_3D('',#2720,#2721,#2722);
#2720 = CARTESIAN_POINT('',(0.,0.,46.));
#2721 = DIRECTION('',(0.,0.,1.));
#2722 = DIRECTION('',(1.,0.,0.));
#2723 = ORIENTED_EDGE('',*,*,#2724,.T.);
#2724 = EDGE_CURVE('',#2716,#2725,#2727,.T.);
#2725 = VERTEX_POINT('',#2726);
#2726 = CARTESIAN_POINT('',(-48.,3.67666082758E-16,46.004442799572));
#2727 = ELLIPSE('',#2728,55.425625842204,48.);
#2728 = AXIS2_PLACEMENT_3D('',#2729,#2730,#2731);
#2729 = CARTESIAN_POINT('',(0.,0.,46.004442799572));
#2730 = DIRECTION('',(-0.,0.5,0.866025403784));
#2731 = DIRECTION('',(0.,-0.866025403784,0.5));
#2732 = ORIENTED_EDGE('',*,*,#2733,.T.);
#2733 = EDGE_CURVE('',#2725,#2734,#2736,.T.);
#2734 = VERTEX_POINT('',#2735);
#2735 = CARTESIAN_POINT('',(-47.99999938317,-7.695154586743E-03,46.));
#2736 = ELLIPSE('',#2737,55.425625842204,48.);
#2737 = AXIS2_PLACEMENT_3D('',#2738,#2739,#2740);
#2738 = CARTESIAN_POINT('',(0.,0.,46.004442799572));
#2739 = DIRECTION('',(0.,-0.5,0.866025403784));
#2740 = DIRECTION('',(0.,0.866025403784,0.5));
#2741 = ORIENTED_EDGE('',*,*,#2742,.T.);
#2742 = EDGE_CURVE('',#2734,#2743,#2745,.T.);
#2743 = VERTEX_POINT('',#2744);
#2744 = CARTESIAN_POINT('',(-44.98780306383,-16.73611590212,46.));
#2745 = CIRCLE('',#2746,48.);
#2746 = AXIS2_PLACEMENT_3D('',#2747,#2748,#2749);
#2747 = CARTESIAN_POINT('',(0.,0.,46.));
#2748 = DIRECTION('',(0.,0.,1.));
#2749 = DIRECTION('',(1.,0.,0.));
#2750 = ORIENTED_EDGE('',*,*,#2751,.T.);
#2751 = EDGE_CURVE('',#2743,#2752,#2754,.T.);
#2752 = VERTEX_POINT('',#2753);
#2753 = CARTESIAN_POINT('',(-44.98780306383,-16.73611590212,58.));
#2754 = LINE('',#2755,#2756);
#2755 = CARTESIAN_POINT('',(-44.98780306383,-16.73611590212,0.));
#2756 = VECTOR('',#2757,1.);
#2757 = DIRECTION('',(0.,0.,1.));
#2758 = ORIENTED_EDGE('',*,*,#2759,.F.);
#2759 = EDGE_CURVE('',#2607,#2752,#2760,.T.);
#2760 = CIRCLE('',#2761,48.);
#2761 = AXIS2_PLACEMENT_3D('',#2762,#2763,#2764);
#2762 = CARTESIAN_POINT('',(0.,0.,58.));
#2763 = DIRECTION('',(0.,0.,1.));
#2764 = DIRECTION('',(1.,0.,0.));
#2765 = FACE_BOUND('',#2766,.T.);
#2766 = EDGE_LOOP('',(#2767,#2778,#2786,#2795));
#2767 = ORIENTED_EDGE('',*,*,#2768,.F.);
#2768 = EDGE_CURVE('',#2769,#2771,#2773,.T.);
#2769 = VERTEX_POINT('',#2770);
#2770 = CARTESIAN_POINT('',(-17.52709397279,44.685579070533,46.));
#2771 = VERTEX_POINT('',#2772);
#2772 = CARTESIAN_POINT('',(-22.96494069501,42.149869500089,46.));
#2773 = CIRCLE('',#2774,48.);
#2774 = AXIS2_PLACEMENT_3D('',#2775,#2776,#2777);
#2775 = CARTESIAN_POINT('',(0.,0.,46.));
#2776 = DIRECTION('',(0.,0.,1.));
#2777 = DIRECTION('',(1.,0.,0.));
#2778 = ORIENTED_EDGE('',*,*,#2779,.T.);
#2779 = EDGE_CURVE('',#2769,#2780,#2782,.T.);
#2780 = VERTEX_POINT('',#2781);
#2781 = CARTESIAN_POINT('',(-17.52709397279,44.685579070533,55.));
#2782 = LINE('',#2783,#2784);
#2783 = CARTESIAN_POINT('',(-17.52709397279,44.685579070533,0.));
#2784 = VECTOR('',#2785,1.);
#2785 = DIRECTION('',(0.,0.,1.));
#2786 = ORIENTED_EDGE('',*,*,#2787,.T.);
#2787 = EDGE_CURVE('',#2780,#2788,#2790,.T.);
#2788 = VERTEX_POINT('',#2789);
#2789 = CARTESIAN_POINT('',(-22.96494069501,42.149869500089,55.));
#2790 = CIRCLE('',#2791,48.);
#2791 = AXIS2_PLACEMENT_3D('',#2792,#2793,#2794);
#2792 = CARTESIAN_POINT('',(0.,0.,55.));
#2793 = DIRECTION('',(0.,0.,1.));
#2794 = DIRECTION('',(1.,0.,0.));
#2795 = ORIENTED_EDGE('',*,*,#2796,.F.);
#2796 = EDGE_CURVE('',#2771,#2788,#2797,.T.);
#2797 = LINE('',#2798,#2799);
#2798 = CARTESIAN_POINT('',(-22.96494069501,42.149869500089,0.));
#2799 = VECTOR('',#2800,1.);
#2800 = DIRECTION('',(0.,0.,1.));
#2801 = FACE_BOUND('',#2802,.T.);
#2802 = EDGE_LOOP('',(#2803,#2814,#2822,#2831));
#2803 = ORIENTED_EDGE('',*,*,#2804,.F.);
#2804 = EDGE_CURVE('',#2805,#2807,#2809,.T.);
#2805 = VERTEX_POINT('',#2806);
#2806 = CARTESIAN_POINT('',(-28.495351633,38.62660916145,46.));
#2807 = VERTEX_POINT('',#2808);
#2808 = CARTESIAN_POINT('',(-33.09161829171,34.769883503331,46.));
#2809 = CIRCLE('',#2810,48.);
#2810 = AXIS2_PLACEMENT_3D('',#2811,#2812,#2813);
#2811 = CARTESIAN_POINT('',(0.,0.,46.));
#2812 = DIRECTION('',(0.,0.,1.));
#2813 = DIRECTION('',(1.,0.,0.));
#2814 = ORIENTED_EDGE('',*,*,#2815,.T.);
#2815 = EDGE_CURVE('',#2805,#2816,#2818,.T.);
#2816 = VERTEX_POINT('',#2817);
#2817 = CARTESIAN_POINT('',(-28.495351633,38.62660916145,55.));
#2818 = LINE('',#2819,#2820);
#2819 = CARTESIAN_POINT('',(-28.495351633,38.62660916145,0.));
#2820 = VECTOR('',#2821,1.);
#2821 = DIRECTION('',(0.,0.,1.));
#2822 = ORIENTED_EDGE('',*,*,#2823,.T.);
#2823 = EDGE_CURVE('',#2816,#2824,#2826,.T.);
#2824 = VERTEX_POINT('',#2825);
#2825 = CARTESIAN_POINT('',(-33.09161829171,34.769883503331,55.));
#2826 = CIRCLE('',#2827,48.);
#2827 = AXIS2_PLACEMENT_3D('',#2828,#2829,#2830);
#2828 = CARTESIAN_POINT('',(0.,0.,55.));
#2829 = DIRECTION('',(0.,0.,1.));
#2830 = DIRECTION('',(1.,0.,0.));
#2831 = ORIENTED_EDGE('',*,*,#2832,.F.);
#2832 = EDGE_CURVE('',#2807,#2824,#2833,.T.);
#2833 = LINE('',#2834,#2835);
#2834 = CARTESIAN_POINT('',(-33.09161829171,34.769883503331,0.));
#2835 = VECTOR('',#2836,1.);
#2836 = DIRECTION('',(0.,0.,1.));
#2837 = FACE_BOUND('',#2838,.T.);
#2838 = EDGE_LOOP('',(#2839,#2850,#2858,#2867));
#2839 = ORIENTED_EDGE('',*,*,#2840,.F.);
#2840 = EDGE_CURVE('',#2841,#2843,#2845,.T.);
#2841 = VERTEX_POINT('',#2842);
#2842 = CARTESIAN_POINT('',(-37.52169817022,29.935299671504,46.));
#2843 = VERTEX_POINT('',#2844);
#2844 = CARTESIAN_POINT('',(-40.96315678832,25.02038740577,46.));
#2845 = CIRCLE('',#2846,48.);
#2846 = AXIS2_PLACEMENT_3D('',#2847,#2848,#2849);
#2847 = CARTESIAN_POINT('',(0.,0.,46.));
#2848 = DIRECTION('',(0.,0.,1.));
#2849 = DIRECTION('',(1.,0.,0.));
#2850 = ORIENTED_EDGE('',*,*,#2851,.T.);
#2851 = EDGE_CURVE('',#2841,#2852,#2854,.T.);
#2852 = VERTEX_POINT('',#2853);
#2853 = CARTESIAN_POINT('',(-37.52169817022,29.935299671504,55.));
#2854 = LINE('',#2855,#2856);
#2855 = CARTESIAN_POINT('',(-37.52169817022,29.935299671504,0.));
#2856 = VECTOR('',#2857,1.);
#2857 = DIRECTION('',(0.,0.,1.));
#2858 = ORIENTED_EDGE('',*,*,#2859,.T.);
#2859 = EDGE_CURVE('',#2852,#2860,#2862,.T.);
#2860 = VERTEX_POINT('',#2861);
#2861 = CARTESIAN_POINT('',(-40.96315678832,25.02038740577,55.));
#2862 = CIRCLE('',#2863,48.);
#2863 = AXIS2_PLACEMENT_3D('',#2864,#2865,#2866);
#2864 = CARTESIAN_POINT('',(0.,0.,55.));
#2865 = DIRECTION('',(0.,0.,1.));
#2866 = DIRECTION('',(1.,0.,0.));
#2867 = ORIENTED_EDGE('',*,*,#2868,.F.);
#2868 = EDGE_CURVE('',#2843,#2860,#2869,.T.);
#2869 = LINE('',#2870,#2871);
#2870 = CARTESIAN_POINT('',(-40.96315678832,25.02038740577,0.));
#2871 = VECTOR('',#2872,1.);
#2872 = DIRECTION('',(0.,0.,1.));
#2873 = CYLINDRICAL_SURFACE('',#2874,48.);
#2874 = AXIS2_PLACEMENT_3D('',#2875,#2876,#2877);
#2875 = CARTESIAN_POINT('',(0.,0.,0.));
#2876 = DIRECTION('',(0.,0.,1.));
#2877 = DIRECTION('',(1.,0.,0.));
#2878 = ADVANCED_FACE('',(#2879),#2904,.F.);
#2879 = FACE_BOUND('',#2880,.F.);
#2880 = EDGE_LOOP('',(#2881,#2889,#2897,#2903));
#2881 = ORIENTED_EDGE('',*,*,#2882,.F.);
#2882 = EDGE_CURVE('',#2883,#2657,#2885,.T.);
#2883 = VERTEX_POINT('',#2884);
#2884 = CARTESIAN_POINT('',(-39.51644381054,19.350727856294,0.));
#2885 = LINE('',#2886,#2887);
#2886 = CARTESIAN_POINT('',(-36.14101615137,17.401923788647,0.));
#2887 = VECTOR('',#2888,1.);
#2888 = DIRECTION('',(-0.866025403784,0.5,0.));
#2889 = ORIENTED_EDGE('',*,*,#2890,.T.);
#2890 = EDGE_CURVE('',#2883,#2891,#2893,.T.);
#2891 = VERTEX_POINT('',#2892);
#2892 = CARTESIAN_POINT('',(-39.51644381054,19.350727856295,1.6));
#2893 = LINE('',#2894,#2895);
#2894 = CARTESIAN_POINT('',(-39.51644381054,19.350727856295,-1.));
#2895 = VECTOR('',#2896,1.);
#2896 = DIRECTION('',(0.,0.,1.));
#2897 = ORIENTED_EDGE('',*,*,#2898,.T.);
#2898 = EDGE_CURVE('',#2891,#2648,#2899,.T.);
#2899 = LINE('',#2900,#2901);
#2900 = CARTESIAN_POINT('',(-36.14101615137,17.401923788647,1.6));
#2901 = VECTOR('',#2902,1.);
#2902 = DIRECTION('',(-0.866025403784,0.5,0.));
#2903 = ORIENTED_EDGE('',*,*,#2656,.F.);
#2904 = PLANE('',#2905);
#2905 = AXIS2_PLACEMENT_3D('',#2906,#2907,#2908);
#2906 = CARTESIAN_POINT('',(-36.14101615137,17.401923788647,0.));
#2907 = DIRECTION('',(-0.5,-0.866025403784,0.));
#2908 = DIRECTION('',(0.,0.,1.));
#2909 = ADVANCED_FACE('',(#2910),#2929,.F.);
#2910 = FACE_BOUND('',#2911,.F.);
#2911 = EDGE_LOOP('',(#2912,#2913,#2922,#2928));
#2912 = ORIENTED_EDGE('',*,*,#2898,.F.);
#2913 = ORIENTED_EDGE('',*,*,#2914,.F.);
#2914 = EDGE_CURVE('',#2915,#2891,#2917,.T.);
#2915 = VERTEX_POINT('',#2916);
#2916 = CARTESIAN_POINT('',(-36.51644381054,24.546880279001,1.6));
#2917 = CIRCLE('',#2918,44.);
#2918 = AXIS2_PLACEMENT_3D('',#2919,#2920,#2921);
#2919 = CARTESIAN_POINT('',(0.,0.,1.6));
#2920 = DIRECTION('',(0.,0.,1.));
#2921 = DIRECTION('',(1.,0.,0.));
#2922 = ORIENTED_EDGE('',*,*,#2923,.T.);
#2923 = EDGE_CURVE('',#2915,#2640,#2924,.T.);
#2924 = LINE('',#2925,#2926);
#2925 = CARTESIAN_POINT('',(-33.14101615137,22.598076211353,1.6));
#2926 = VECTOR('',#2927,1.);
#2927 = DIRECTION('',(-0.866025403784,0.5,0.));
#2928 = ORIENTED_EDGE('',*,*,#2647,.T.);
#2929 = PLANE('',#2930);
#2930 = AXIS2_PLACEMENT_3D('',#2931,#2932,#2933);
#2931 = CARTESIAN_POINT('',(-33.14101615137,22.598076211353,1.6));
#2932 = DIRECTION('',(0.,0.,1.));
#2933 = DIRECTION('',(-0.866025403784,0.5,0.));
#2934 = ADVANCED_FACE('',(#2935),#2953,.T.);
#2935 = FACE_BOUND('',#2936,.T.);
#2936 = EDGE_LOOP('',(#2937,#2945,#2951,#2952));
#2937 = ORIENTED_EDGE('',*,*,#2938,.F.);
#2938 = EDGE_CURVE('',#2939,#2631,#2941,.T.);
#2939 = VERTEX_POINT('',#2940);
#2940 = CARTESIAN_POINT('',(-36.51644381054,24.546880279001,0.));
#2941 = LINE('',#2942,#2943);
#2942 = CARTESIAN_POINT('',(-33.14101615137,22.598076211353,0.));
#2943 = VECTOR('',#2944,1.);
#2944 = DIRECTION('',(-0.866025403784,0.5,0.));
#2945 = ORIENTED_EDGE('',*,*,#2946,.T.);
#2946 = EDGE_CURVE('',#2939,#2915,#2947,.T.);
#2947 = LINE('',#2948,#2949);
#2948 = CARTESIAN_POINT('',(-36.51644381054,24.546880279001,-1.));
#2949 = VECTOR('',#2950,1.);
#2950 = DIRECTION('',(0.,0.,1.));
#2951 = ORIENTED_EDGE('',*,*,#2923,.T.);
#2952 = ORIENTED_EDGE('',*,*,#2639,.F.);
#2953 = PLANE('',#2954);
#2954 = AXIS2_PLACEMENT_3D('',#2955,#2956,#2957);
#2955 = CARTESIAN_POINT('',(-33.14101615137,22.598076211353,0.));
#2956 = DIRECTION('',(-0.5,-0.866025403784,0.));
#2957 = DIRECTION('',(0.,0.,1.));
#2958 = ADVANCED_FACE('',(#2959),#2975,.F.);
#2959 = FACE_BOUND('',#2960,.F.);
#2960 = EDGE_LOOP('',(#2961,#2967,#2968,#2974));
#2961 = ORIENTED_EDGE('',*,*,#2962,.F.);
#2962 = EDGE_CURVE('',#2743,#2113,#2963,.T.);
#2963 = LINE('',#2964,#2965);
#2964 = CARTESIAN_POINT('',(-48.38268590218,-18.6961524227,46.));
#2965 = VECTOR('',#2966,1.);
#2966 = DIRECTION('',(-0.866025403784,-0.5,0.));
#2967 = ORIENTED_EDGE('',*,*,#2751,.T.);
#2968 = ORIENTED_EDGE('',*,*,#2969,.T.);
#2969 = EDGE_CURVE('',#2752,#2104,#2970,.T.);
#2970 = LINE('',#2971,#2972);
#2971 = CARTESIAN_POINT('',(-42.10511776651,-15.07179676972,58.));
#2972 = VECTOR('',#2973,1.);
#2973 = DIRECTION('',(-0.866025403784,-0.5,0.));
#2974 = ORIENTED_EDGE('',*,*,#2112,.F.);
#2975 = PLANE('',#2976);
#2976 = AXIS2_PLACEMENT_3D('',#2977,#2978,#2979);
#2977 = CARTESIAN_POINT('',(-42.10511776651,-15.07179676972,0.));
#2978 = DIRECTION('',(0.5,-0.866025403784,0.));
#2979 = DIRECTION('',(0.,0.,1.));
#2980 = ADVANCED_FACE('',(#2981),#3030,.F.);
#2981 = FACE_BOUND('',#2982,.F.);
#2982 = EDGE_LOOP('',(#2983,#2984,#2990,#2991,#2999,#3007,#3015,#3024));
#2983 = ORIENTED_EDGE('',*,*,#2374,.F.);
#2984 = ORIENTED_EDGE('',*,*,#2985,.T.);
#2985 = EDGE_CURVE('',#2366,#2725,#2986,.T.);
#2986 = LINE('',#2987,#2988);
#2987 = CARTESIAN_POINT('',(-42.9,3.67666082758E-16,46.004442799572));
#2988 = VECTOR('',#2989,1.);
#2989 = DIRECTION('',(-1.,0.,0.));
#2990 = ORIENTED_EDGE('',*,*,#2733,.T.);
#2991 = ORIENTED_EDGE('',*,*,#2992,.F.);
#2992 = EDGE_CURVE('',#2993,#2734,#2995,.T.);
#2993 = VERTEX_POINT('',#2994);
#2994 = CARTESIAN_POINT('',(-49.,-7.695154586741E-03,46.));
#2995 = LINE('',#2996,#2997);
#2996 = CARTESIAN_POINT('',(-49.45,-7.695154586731E-03,46.));
#2997 = VECTOR('',#2998,1.);
#2998 = DIRECTION('',(1.,0.,0.));
#2999 = ORIENTED_EDGE('',*,*,#3000,.T.);
#3000 = EDGE_CURVE('',#2993,#3001,#3003,.T.);
#3001 = VERTEX_POINT('',#3002);
#3002 = CARTESIAN_POINT('',(-49.,-5.2,43.002221399786));
#3003 = LINE('',#3004,#3005);
#3004 = CARTESIAN_POINT('',(-49.,3.67666082758E-16,46.004442799572));
#3005 = VECTOR('',#3006,1.);
#3006 = DIRECTION('',(0.,-0.866025403784,-0.5));
#3007 = ORIENTED_EDGE('',*,*,#3008,.F.);
#3008 = EDGE_CURVE('',#3009,#3001,#3011,.T.);
#3009 = VERTEX_POINT('',#3010);
#3010 = CARTESIAN_POINT('',(-43.6916467989,-5.2,43.002221399786));
#3011 = LINE('',#3012,#3013);
#3012 = CARTESIAN_POINT('',(-42.9,-5.2,43.002221399786));
#3013 = VECTOR('',#3014,1.);
#3014 = DIRECTION('',(-1.,0.,0.));
#3015 = ORIENTED_EDGE('',*,*,#3016,.F.);
#3016 = EDGE_CURVE('',#3017,#3009,#3019,.T.);
#3017 = VERTEX_POINT('',#3018);
#3018 = CARTESIAN_POINT('',(-43.99999932709,-7.695154586732E-03,46.));
#3019 = ELLIPSE('',#3020,50.806823688687,44.);
#3020 = AXIS2_PLACEMENT_3D('',#3021,#3022,#3023);
#3021 = CARTESIAN_POINT('',(0.,0.,46.004442799572));
#3022 = DIRECTION('',(0.,-0.5,0.866025403784));
#3023 = DIRECTION('',(0.,0.866025403784,0.5));
#3024 = ORIENTED_EDGE('',*,*,#3025,.F.);
#3025 = EDGE_CURVE('',#2375,#3017,#3026,.T.);
#3026 = LINE('',#3027,#3028);
#3027 = CARTESIAN_POINT('',(-49.45,-7.695154586731E-03,46.));
#3028 = VECTOR('',#3029,1.);
#3029 = DIRECTION('',(1.,0.,0.));
#3030 = PLANE('',#3031);
#3031 = AXIS2_PLACEMENT_3D('',#3032,#3033,#3034);
#3032 = CARTESIAN_POINT('',(-42.9,3.67666082758E-16,46.004442799572));
#3033 = DIRECTION('',(0.,-0.5,0.866025403784));
#3034 = DIRECTION('',(0.,-0.866025403784,-0.5));
#3035 = ADVANCED_FACE('',(#3036),#3080,.F.);
#3036 = FACE_BOUND('',#3037,.F.);
#3037 = EDGE_LOOP('',(#3038,#3049,#3057,#3065,#3071,#3072,#3073,#3074));
#3038 = ORIENTED_EDGE('',*,*,#3039,.F.);
#3039 = EDGE_CURVE('',#3040,#3042,#3044,.T.);
#3040 = VERTEX_POINT('',#3041);
#3041 = CARTESIAN_POINT('',(-43.6916467989,5.2,43.002221399786));
#3042 = VERTEX_POINT('',#3043);
#3043 = CARTESIAN_POINT('',(-43.99999932709,7.695154586743E-03,46.));
#3044 = ELLIPSE('',#3045,50.806823688687,44.);
#3045 = AXIS2_PLACEMENT_3D('',#3046,#3047,#3048);
#3046 = CARTESIAN_POINT('',(0.,0.,46.004442799572));
#3047 = DIRECTION('',(-0.,0.5,0.866025403784));
#3048 = DIRECTION('',(0.,-0.866025403784,0.5));
#3049 = ORIENTED_EDGE('',*,*,#3050,.T.);
#3050 = EDGE_CURVE('',#3040,#3051,#3053,.T.);
#3051 = VERTEX_POINT('',#3052);
#3052 = CARTESIAN_POINT('',(-49.,5.2,43.002221399786));
#3053 = LINE('',#3054,#3055);
#3054 = CARTESIAN_POINT('',(-42.9,5.2,43.002221399786));
#3055 = VECTOR('',#3056,1.);
#3056 = DIRECTION('',(-1.,0.,0.));
#3057 = ORIENTED_EDGE('',*,*,#3058,.T.);
#3058 = EDGE_CURVE('',#3051,#3059,#3061,.T.);
#3059 = VERTEX_POINT('',#3060);
#3060 = CARTESIAN_POINT('',(-49.,7.69515458674E-03,46.));
#3061 = LINE('',#3062,#3063);
#3062 = CARTESIAN_POINT('',(-49.,5.2,43.002221399786));
#3063 = VECTOR('',#3064,1.);
#3064 = DIRECTION('',(0.,-0.866025403784,0.5));
#3065 = ORIENTED_EDGE('',*,*,#3066,.F.);
#3066 = EDGE_CURVE('',#2716,#3059,#3067,.T.);
#3067 = LINE('',#3068,#3069);
#3068 = CARTESIAN_POINT('',(-49.45,7.695154586749E-03,46.));
#3069 = VECTOR('',#3070,1.);
#3070 = DIRECTION('',(-1.,0.,0.));
#3071 = ORIENTED_EDGE('',*,*,#2724,.T.);
#3072 = ORIENTED_EDGE('',*,*,#2985,.F.);
#3073 = ORIENTED_EDGE('',*,*,#2365,.F.);
#3074 = ORIENTED_EDGE('',*,*,#3075,.F.);
#3075 = EDGE_CURVE('',#3042,#2357,#3076,.T.);
#3076 = LINE('',#3077,#3078);
#3077 = CARTESIAN_POINT('',(-49.45,7.695154586749E-03,46.));
#3078 = VECTOR('',#3079,1.);
#3079 = DIRECTION('',(-1.,0.,0.));
#3080 = PLANE('',#3081);
#3081 = AXIS2_PLACEMENT_3D('',#3082,#3083,#3084);
#3082 = CARTESIAN_POINT('',(-42.9,5.2,43.002221399786));
#3083 = DIRECTION('',(0.,0.5,0.866025403784));
#3084 = DIRECTION('',(0.,-0.866025403784,0.5));
#3085 = ADVANCED_FACE('',(#3086),#3102,.F.);
#3086 = FACE_BOUND('',#3087,.F.);
#3087 = EDGE_LOOP('',(#3088,#3094,#3095,#3101));
#3088 = ORIENTED_EDGE('',*,*,#3089,.F.);
#3089 = EDGE_CURVE('',#2349,#2708,#3090,.T.);
#3090 = LINE('',#3091,#3092);
#3091 = CARTESIAN_POINT('',(-38.61376526141,10.861727870669,46.));
#3092 = VECTOR('',#3093,1.);
#3093 = DIRECTION('',(-0.939692620786,0.342020143326,0.));
#3094 = ORIENTED_EDGE('',*,*,#2348,.T.);
#3095 = ORIENTED_EDGE('',*,*,#3096,.T.);
#3096 = EDGE_CURVE('',#2340,#2699,#3097,.T.);
#3097 = LINE('',#3098,#3099);
#3098 = CARTESIAN_POINT('',(-38.61376526141,10.861727870669,55.));
#3099 = VECTOR('',#3100,1.);
#3100 = DIRECTION('',(-0.939692620786,0.342020143326,0.));
#3101 = ORIENTED_EDGE('',*,*,#2707,.F.);
#3102 = PLANE('',#3103);
#3103 = AXIS2_PLACEMENT_3D('',#3104,#3105,#3106);
#3104 = CARTESIAN_POINT('',(-38.61376526141,10.861727870669,46.));
#3105 = DIRECTION('',(-0.342020143326,-0.939692620786,0.));
#3106 = DIRECTION('',(0.,0.,1.));
#3107 = ADVANCED_FACE('',(#3108),#3119,.F.);
#3108 = FACE_BOUND('',#3109,.F.);
#3109 = EDGE_LOOP('',(#3110,#3111,#3112,#3118));
#3110 = ORIENTED_EDGE('',*,*,#3096,.F.);
#3111 = ORIENTED_EDGE('',*,*,#2339,.F.);
#3112 = ORIENTED_EDGE('',*,*,#3113,.T.);
#3113 = EDGE_CURVE('',#2332,#2691,#3114,.T.);
#3114 = LINE('',#3115,#3116);
#3115 = CARTESIAN_POINT('',(-36.56164440145,16.499883595384,55.));
#3116 = VECTOR('',#3117,1.);
#3117 = DIRECTION('',(-0.939692620786,0.342020143326,0.));
#3118 = ORIENTED_EDGE('',*,*,#2698,.T.);
#3119 = PLANE('',#3120);
#3120 = AXIS2_PLACEMENT_3D('',#3121,#3122,#3123);
#3121 = CARTESIAN_POINT('',(-36.56164440145,16.499883595384,55.));
#3122 = DIRECTION('',(0.,0.,1.));
#3123 = DIRECTION('',(-0.939692620786,0.342020143326,0.));
#3124 = ADVANCED_FACE('',(#3125),#3136,.T.);
#3125 = FACE_BOUND('',#3126,.T.);
#3126 = EDGE_LOOP('',(#3127,#3133,#3134,#3135));
#3127 = ORIENTED_EDGE('',*,*,#3128,.F.);
#3128 = EDGE_CURVE('',#2323,#2682,#3129,.T.);
#3129 = LINE('',#3130,#3131);
#3130 = CARTESIAN_POINT('',(-36.56164440145,16.499883595384,46.));
#3131 = VECTOR('',#3132,1.);
#3132 = DIRECTION('',(-0.939692620786,0.342020143326,0.));
#3133 = ORIENTED_EDGE('',*,*,#2331,.T.);
#3134 = ORIENTED_EDGE('',*,*,#3113,.T.);
#3135 = ORIENTED_EDGE('',*,*,#2690,.F.);
#3136 = PLANE('',#3137);
#3137 = AXIS2_PLACEMENT_3D('',#3138,#3139,#3140);
#3138 = CARTESIAN_POINT('',(-36.56164440145,16.499883595384,46.));
#3139 = DIRECTION('',(-0.342020143326,-0.939692620786,0.));
#3140 = DIRECTION('',(0.,0.,1.));
#3141 = ADVANCED_FACE('',(#3142),#3167,.T.);
#3142 = FACE_BOUND('',#3143,.T.);
#3143 = EDGE_LOOP('',(#3144,#3152,#3160,#3166));
#3144 = ORIENTED_EDGE('',*,*,#3145,.F.);
#3145 = EDGE_CURVE('',#3146,#2665,#3148,.T.);
#3146 = VERTEX_POINT('',#3147);
#3147 = CARTESIAN_POINT('',(-56.,20.,0.));
#3148 = LINE('',#3149,#3150);
#3149 = CARTESIAN_POINT('',(-56.,20.,0.));
#3150 = VECTOR('',#3151,1.);
#3151 = DIRECTION('',(1.,0.,0.));
#3152 = ORIENTED_EDGE('',*,*,#3153,.T.);
#3153 = EDGE_CURVE('',#3146,#3154,#3156,.T.);
#3154 = VERTEX_POINT('',#3155);
#3155 = CARTESIAN_POINT('',(-56.,20.,46.));
#3156 = LINE('',#3157,#3158);
#3157 = CARTESIAN_POINT('',(-56.,20.,0.));
#3158 = VECTOR('',#3159,1.);
#3159 = DIRECTION('',(0.,0.,1.));
#3160 = ORIENTED_EDGE('',*,*,#3161,.T.);
#3161 = EDGE_CURVE('',#3154,#2674,#3162,.T.);
#3162 = LINE('',#3163,#3164);
#3163 = CARTESIAN_POINT('',(-56.,20.,46.));
#3164 = VECTOR('',#3165,1.);
#3165 = DIRECTION('',(1.,0.,0.));
#3166 = ORIENTED_EDGE('',*,*,#2673,.F.);
#3167 = PLANE('',#3168);
#3168 = AXIS2_PLACEMENT_3D('',#3169,#3170,#3171);
#3169 = CARTESIAN_POINT('',(-56.,20.,0.));
#3170 = DIRECTION('',(0.,1.,0.));
#3171 = DIRECTION('',(0.,0.,1.));
#3172 = ADVANCED_FACE('',(#3173),#3189,.T.);
#3173 = FACE_BOUND('',#3174,.T.);
#3174 = EDGE_LOOP('',(#3175,#3181,#3182,#3188));
#3175 = ORIENTED_EDGE('',*,*,#3176,.F.);
#3176 = EDGE_CURVE('',#2414,#2771,#3177,.T.);
#3177 = LINE('',#3178,#3179);
#3178 = CARTESIAN_POINT('',(-19.62365383073,34.984456696244,46.));
#3179 = VECTOR('',#3180,1.);
#3180 = DIRECTION('',(-0.422618261741,0.906307787037,0.));
#3181 = ORIENTED_EDGE('',*,*,#2411,.F.);
#3182 = ORIENTED_EDGE('',*,*,#3183,.T.);
#3183 = EDGE_CURVE('',#2412,#2769,#3184,.T.);
#3184 = LINE('',#3185,#3186);
#3185 = CARTESIAN_POINT('',(-14.18580710851,37.520166266688,46.));
#3186 = VECTOR('',#3187,1.);
#3187 = DIRECTION('',(-0.422618261741,0.906307787037,0.));
#3188 = ORIENTED_EDGE('',*,*,#2768,.T.);
#3189 = PLANE('',#3190);
#3190 = AXIS2_PLACEMENT_3D('',#3191,#3192,#3193);
#3191 = CARTESIAN_POINT('',(-14.18580710851,37.520166266688,46.));
#3192 = DIRECTION('',(0.,0.,1.));
#3193 = DIRECTION('',(-0.422618261741,0.906307787037,0.));
#3194 = ADVANCED_FACE('',(#3195),#3206,.T.);
#3195 = FACE_BOUND('',#3196,.T.);
#3196 = EDGE_LOOP('',(#3197,#3198,#3199,#3205));
#3197 = ORIENTED_EDGE('',*,*,#3183,.F.);
#3198 = ORIENTED_EDGE('',*,*,#2422,.T.);
#3199 = ORIENTED_EDGE('',*,*,#3200,.T.);
#3200 = EDGE_CURVE('',#2423,#2780,#3201,.T.);
#3201 = LINE('',#3202,#3203);
#3202 = CARTESIAN_POINT('',(-14.18580710851,37.520166266688,55.));
#3203 = VECTOR('',#3204,1.);
#3204 = DIRECTION('',(-0.422618261741,0.906307787037,0.));
#3205 = ORIENTED_EDGE('',*,*,#2779,.F.);
#3206 = PLANE('',#3207);
#3207 = AXIS2_PLACEMENT_3D('',#3208,#3209,#3210);
#3208 = CARTESIAN_POINT('',(-14.18580710851,37.520166266688,46.));
#3209 = DIRECTION('',(-0.906307787037,-0.422618261741,0.));
#3210 = DIRECTION('',(0.,0.,1.));
#3211 = ADVANCED_FACE('',(#3212),#3223,.F.);
#3212 = FACE_BOUND('',#3213,.F.);
#3213 = EDGE_LOOP('',(#3214,#3215,#3216,#3222));
#3214 = ORIENTED_EDGE('',*,*,#3176,.F.);
#3215 = ORIENTED_EDGE('',*,*,#2439,.T.);
#3216 = ORIENTED_EDGE('',*,*,#3217,.T.);
#3217 = EDGE_CURVE('',#2431,#2788,#3218,.T.);
#3218 = LINE('',#3219,#3220);
#3219 = CARTESIAN_POINT('',(-19.62365383073,34.984456696244,55.));
#3220 = VECTOR('',#3221,1.);
#3221 = DIRECTION('',(-0.422618261741,0.906307787037,0.));
#3222 = ORIENTED_EDGE('',*,*,#2796,.F.);
#3223 = PLANE('',#3224);
#3224 = AXIS2_PLACEMENT_3D('',#3225,#3226,#3227);
#3225 = CARTESIAN_POINT('',(-19.62365383073,34.984456696244,46.));
#3226 = DIRECTION('',(-0.906307787037,-0.422618261741,0.));
#3227 = DIRECTION('',(0.,0.,1.));
#3228 = ADVANCED_FACE('',(#3229),#3235,.F.);
#3229 = FACE_BOUND('',#3230,.F.);
#3230 = EDGE_LOOP('',(#3231,#3232,#3233,#3234));
#3231 = ORIENTED_EDGE('',*,*,#3217,.F.);
#3232 = ORIENTED_EDGE('',*,*,#2430,.F.);
#3233 = ORIENTED_EDGE('',*,*,#3200,.T.);
#3234 = ORIENTED_EDGE('',*,*,#2787,.T.);
#3235 = PLANE('',#3236);
#3236 = AXIS2_PLACEMENT_3D('',#3237,#3238,#3239);
#3237 = CARTESIAN_POINT('',(-14.18580710851,37.520166266688,55.));
#3238 = DIRECTION('',(0.,0.,1.));
#3239 = DIRECTION('',(-0.422618261741,0.906307787037,0.));
#3240 = ADVANCED_FACE('',(#3241),#3257,.T.);
#3241 = FACE_BOUND('',#3242,.T.);
#3242 = EDGE_LOOP('',(#3243,#3249,#3250,#3256));
#3243 = ORIENTED_EDGE('',*,*,#3244,.F.);
#3244 = EDGE_CURVE('',#2450,#2807,#3245,.T.);
#3245 = LINE('',#3246,#3247);
#3246 = CARTESIAN_POINT('',(-28.00963771681,28.7134148957,46.));
#3247 = VECTOR('',#3248,1.);
#3248 = DIRECTION('',(-0.642787609687,0.766044443119,0.));
#3249 = ORIENTED_EDGE('',*,*,#2447,.F.);
#3250 = ORIENTED_EDGE('',*,*,#3251,.T.);
#3251 = EDGE_CURVE('',#2448,#2805,#3252,.T.);
#3252 = LINE('',#3253,#3254);
#3253 = CARTESIAN_POINT('',(-23.4133710581,32.570140553819,46.));
#3254 = VECTOR('',#3255,1.);
#3255 = DIRECTION('',(-0.642787609687,0.766044443119,0.));
#3256 = ORIENTED_EDGE('',*,*,#2804,.T.);
#3257 = PLANE('',#3258);
#3258 = AXIS2_PLACEMENT_3D('',#3259,#3260,#3261);
#3259 = CARTESIAN_POINT('',(-23.4133710581,32.570140553819,46.));
#3260 = DIRECTION('',(0.,0.,1.));
#3261 = DIRECTION('',(-0.642787609687,0.766044443119,0.));
#3262 = ADVANCED_FACE('',(#3263),#3274,.T.);
#3263 = FACE_BOUND('',#3264,.T.);
#3264 = EDGE_LOOP('',(#3265,#3266,#3267,#3273));
#3265 = ORIENTED_EDGE('',*,*,#3251,.F.);
#3266 = ORIENTED_EDGE('',*,*,#2458,.T.);
#3267 = ORIENTED_EDGE('',*,*,#3268,.T.);
#3268 = EDGE_CURVE('',#2459,#2816,#3269,.T.);
#3269 = LINE('',#3270,#3271);
#3270 = CARTESIAN_POINT('',(-23.4133710581,32.570140553819,55.));
#3271 = VECTOR('',#3272,1.);
#3272 = DIRECTION('',(-0.642787609687,0.766044443119,0.));
#3273 = ORIENTED_EDGE('',*,*,#2815,.F.);
#3274 = PLANE('',#3275);
#3275 = AXIS2_PLACEMENT_3D('',#3276,#3277,#3278);
#3276 = CARTESIAN_POINT('',(-23.4133710581,32.570140553819,46.));
#3277 = DIRECTION('',(-0.766044443119,-0.642787609687,0.));
#3278 = DIRECTION('',(0.,0.,1.));
#3279 = ADVANCED_FACE('',(#3280),#3291,.F.);
#3280 = FACE_BOUND('',#3281,.F.);
#3281 = EDGE_LOOP('',(#3282,#3283,#3284,#3290));
#3282 = ORIENTED_EDGE('',*,*,#3244,.F.);
#3283 = ORIENTED_EDGE('',*,*,#2475,.T.);
#3284 = ORIENTED_EDGE('',*,*,#3285,.T.);
#3285 = EDGE_CURVE('',#2467,#2824,#3286,.T.);
#3286 = LINE('',#3287,#3288);
#3287 = CARTESIAN_POINT('',(-28.00963771681,28.7134148957,55.));
#3288 = VECTOR('',#3289,1.);
#3289 = DIRECTION('',(-0.642787609687,0.766044443119,0.));
#3290 = ORIENTED_EDGE('',*,*,#2832,.F.);
#3291 = PLANE('',#3292);
#3292 = AXIS2_PLACEMENT_3D('',#3293,#3294,#3295);
#3293 = CARTESIAN_POINT('',(-28.00963771681,28.7134148957,46.));
#3294 = DIRECTION('',(-0.766044443119,-0.642787609687,0.));
#3295 = DIRECTION('',(0.,0.,1.));
#3296 = ADVANCED_FACE('',(#3297),#3303,.F.);
#3297 = FACE_BOUND('',#3298,.F.);
#3298 = EDGE_LOOP('',(#3299,#3300,#3301,#3302));
#3299 = ORIENTED_EDGE('',*,*,#3285,.F.);
#3300 = ORIENTED_EDGE('',*,*,#2466,.F.);
#3301 = ORIENTED_EDGE('',*,*,#3268,.T.);
#3302 = ORIENTED_EDGE('',*,*,#2823,.T.);
#3303 = PLANE('',#3304);
#3304 = AXIS2_PLACEMENT_3D('',#3305,#3306,#3307);
#3305 = CARTESIAN_POINT('',(-23.4133710581,32.570140553819,55.));
#3306 = DIRECTION('',(0.,0.,1.));
#3307 = DIRECTION('',(-0.642787609687,0.766044443119,0.));
#3308 = ADVANCED_FACE('',(#3309),#3325,.T.);
#3309 = FACE_BOUND('',#3310,.T.);
#3310 = EDGE_LOOP('',(#3311,#3317,#3318,#3324));
#3311 = ORIENTED_EDGE('',*,*,#3312,.F.);
#3312 = EDGE_CURVE('',#2486,#2843,#3313,.T.);
#3313 = LINE('',#3314,#3315);
#3314 = CARTESIAN_POINT('',(-34.48681108061,20.485601321175,46.));
#3315 = VECTOR('',#3316,1.);
#3316 = DIRECTION('',(-0.819152044289,0.573576436351,0.));
#3317 = ORIENTED_EDGE('',*,*,#2483,.F.);
#3318 = ORIENTED_EDGE('',*,*,#3319,.T.);
#3319 = EDGE_CURVE('',#2484,#2841,#3320,.T.);
#3320 = LINE('',#3321,#3322);
#3321 = CARTESIAN_POINT('',(-31.0453524625,25.400513586909,46.));
#3322 = VECTOR('',#3323,1.);
#3323 = DIRECTION('',(-0.819152044289,0.573576436351,0.));
#3324 = ORIENTED_EDGE('',*,*,#2840,.T.);
#3325 = PLANE('',#3326);
#3326 = AXIS2_PLACEMENT_3D('',#3327,#3328,#3329);
#3327 = CARTESIAN_POINT('',(-31.0453524625,25.400513586909,46.));
#3328 = DIRECTION('',(0.,0.,1.));
#3329 = DIRECTION('',(-0.819152044289,0.573576436351,0.));
#3330 = ADVANCED_FACE('',(#3331),#3342,.T.);
#3331 = FACE_BOUND('',#3332,.T.);
#3332 = EDGE_LOOP('',(#3333,#3334,#3335,#3341));
#3333 = ORIENTED_EDGE('',*,*,#3319,.F.);
#3334 = ORIENTED_EDGE('',*,*,#2494,.T.);
#3335 = ORIENTED_EDGE('',*,*,#3336,.T.);
#3336 = EDGE_CURVE('',#2495,#2852,#3337,.T.);
#3337 = LINE('',#3338,#3339);
#3338 = CARTESIAN_POINT('',(-31.0453524625,25.400513586909,55.));
#3339 = VECTOR('',#3340,1.);
#3340 = DIRECTION('',(-0.819152044289,0.573576436351,0.));
#3341 = ORIENTED_EDGE('',*,*,#2851,.F.);
#3342 = PLANE('',#3343);
#3343 = AXIS2_PLACEMENT_3D('',#3344,#3345,#3346);
#3344 = CARTESIAN_POINT('',(-31.0453524625,25.400513586909,46.));
#3345 = DIRECTION('',(-0.573576436351,-0.819152044289,0.));
#3346 = DIRECTION('',(0.,0.,1.));
#3347 = ADVANCED_FACE('',(#3348),#3359,.F.);
#3348 = FACE_BOUND('',#3349,.F.);
#3349 = EDGE_LOOP('',(#3350,#3351,#3352,#3358));
#3350 = ORIENTED_EDGE('',*,*,#3312,.F.);
#3351 = ORIENTED_EDGE('',*,*,#2511,.T.);
#3352 = ORIENTED_EDGE('',*,*,#3353,.T.);
#3353 = EDGE_CURVE('',#2503,#2860,#3354,.T.);
#3354 = LINE('',#3355,#3356);
#3355 = CARTESIAN_POINT('',(-34.48681108061,20.485601321175,55.));
#3356 = VECTOR('',#3357,1.);
#3357 = DIRECTION('',(-0.819152044289,0.573576436351,0.));
#3358 = ORIENTED_EDGE('',*,*,#2868,.F.);
#3359 = PLANE('',#3360);
#3360 = AXIS2_PLACEMENT_3D('',#3361,#3362,#3363);
#3361 = CARTESIAN_POINT('',(-34.48681108061,20.485601321175,46.));
#3362 = DIRECTION('',(-0.573576436351,-0.819152044289,0.));
#3363 = DIRECTION('',(0.,0.,1.));
#3364 = ADVANCED_FACE('',(#3365),#3371,.F.);
#3365 = FACE_BOUND('',#3366,.F.);
#3366 = EDGE_LOOP('',(#3367,#3368,#3369,#3370));
#3367 = ORIENTED_EDGE('',*,*,#3353,.F.);
#3368 = ORIENTED_EDGE('',*,*,#2502,.F.);
#3369 = ORIENTED_EDGE('',*,*,#3336,.T.);
#3370 = ORIENTED_EDGE('',*,*,#2859,.T.);
#3371 = PLANE('',#3372);
#3372 = AXIS2_PLACEMENT_3D('',#3373,#3374,#3375);
#3373 = CARTESIAN_POINT('',(-31.0453524625,25.400513586909,55.));
#3374 = DIRECTION('',(0.,0.,1.));
#3375 = DIRECTION('',(-0.819152044289,0.573576436351,0.));
#3376 = ADVANCED_FACE('',(#3377),#3402,.T.);
#3377 = FACE_BOUND('',#3378,.T.);
#3378 = EDGE_LOOP('',(#3379,#3387,#3388,#3389,#3395));
#3379 = ORIENTED_EDGE('',*,*,#3380,.F.);
#3380 = EDGE_CURVE('',#2393,#3381,#3383,.T.);
#3381 = VERTEX_POINT('',#3382);
#3382 = CARTESIAN_POINT('',(-43.,-9.327379053089,43.));
#3383 = LINE('',#3384,#3385);
#3384 = CARTESIAN_POINT('',(-43.,-10.,43.));
#3385 = VECTOR('',#3386,1.);
#3386 = DIRECTION('',(0.,1.,0.));
#3387 = ORIENTED_EDGE('',*,*,#2400,.T.);
#3388 = ORIENTED_EDGE('',*,*,#2281,.T.);
#3389 = ORIENTED_EDGE('',*,*,#3390,.T.);
#3390 = EDGE_CURVE('',#2284,#776,#3391,.T.);
#3391 = LINE('',#3392,#3393);
#3392 = CARTESIAN_POINT('',(-40.10511776651,-18.53589838486,43.));
#3393 = VECTOR('',#3394,1.);
#3394 = DIRECTION('',(0.5,-0.866025403784,0.));
#3395 = ORIENTED_EDGE('',*,*,#3396,.F.);
#3396 = EDGE_CURVE('',#3381,#776,#3397,.T.);
#3397 = CIRCLE('',#3398,44.);
#3398 = AXIS2_PLACEMENT_3D('',#3399,#3400,#3401);
#3399 = CARTESIAN_POINT('',(0.,0.,43.));
#3400 = DIRECTION('',(0.,0.,1.));
#3401 = DIRECTION('',(1.,0.,0.));
#3402 = PLANE('',#3403);
#3403 = AXIS2_PLACEMENT_3D('',#3404,#3405,#3406);
#3404 = CARTESIAN_POINT('',(0.,0.,43.));
#3405 = DIRECTION('',(0.,0.,1.));
#3406 = DIRECTION('',(1.,0.,0.));
#3407 = ADVANCED_FACE('',(#3408),#3426,.T.);
#3408 = FACE_BOUND('',#3409,.T.);
#3409 = EDGE_LOOP('',(#3410,#3418,#3424,#3425));
#3410 = ORIENTED_EDGE('',*,*,#3411,.F.);
#3411 = EDGE_CURVE('',#3412,#2315,#3414,.T.);
#3412 = VERTEX_POINT('',#3413);
#3413 = CARTESIAN_POINT('',(-43.,9.327379053089,46.));
#3414 = LINE('',#3415,#3416);
#3415 = CARTESIAN_POINT('',(-43.,-20.,46.));
#3416 = VECTOR('',#3417,1.);
#3417 = DIRECTION('',(0.,1.,0.));
#3418 = ORIENTED_EDGE('',*,*,#3419,.F.);
#3419 = EDGE_CURVE('',#2173,#3412,#3420,.T.);
#3420 = LINE('',#3421,#3422);
#3421 = CARTESIAN_POINT('',(-43.,9.327379053089,-1.));
#3422 = VECTOR('',#3423,1.);
#3423 = DIRECTION('',(0.,0.,1.));
#3424 = ORIENTED_EDGE('',*,*,#2172,.T.);
#3425 = ORIENTED_EDGE('',*,*,#2314,.T.);
#3426 = PLANE('',#3427);
#3427 = AXIS2_PLACEMENT_3D('',#3428,#3429,#3430);
#3428 = CARTESIAN_POINT('',(-43.,-20.,0.));
#3429 = DIRECTION('',(1.,0.,0.));
#3430 = DIRECTION('',(0.,0.,1.));
#3431 = ADVANCED_FACE('',(#3432),#3457,.F.);
#3432 = FACE_BOUND('',#3433,.F.);
#3433 = EDGE_LOOP('',(#3434,#3442,#3450,#3456));
#3434 = ORIENTED_EDGE('',*,*,#3435,.F.);
#3435 = EDGE_CURVE('',#3436,#3040,#3438,.T.);
#3436 = VERTEX_POINT('',#3437);
#3437 = CARTESIAN_POINT('',(-43.6916467989,5.2,36.997778600214));
#3438 = LINE('',#3439,#3440);
#3439 = CARTESIAN_POINT('',(-43.6916467989,5.2,-1.));
#3440 = VECTOR('',#3441,1.);
#3441 = DIRECTION('',(0.,0.,1.));
#3442 = ORIENTED_EDGE('',*,*,#3443,.T.);
#3443 = EDGE_CURVE('',#3436,#3444,#3446,.T.);
#3444 = VERTEX_POINT('',#3445);
#3445 = CARTESIAN_POINT('',(-49.,5.2,36.997778600214));
#3446 = LINE('',#3447,#3448);
#3447 = CARTESIAN_POINT('',(-42.9,5.2,36.997778600214));
#3448 = VECTOR('',#3449,1.);
#3449 = DIRECTION('',(-1.,0.,0.));
#3450 = ORIENTED_EDGE('',*,*,#3451,.T.);
#3451 = EDGE_CURVE('',#3444,#3051,#3452,.T.);
#3452 = LINE('',#3453,#3454);
#3453 = CARTESIAN_POINT('',(-49.,5.2,36.997778600214));
#3454 = VECTOR('',#3455,1.);
#3455 = DIRECTION('',(0.,2.958404132898E-16,1.));
#3456 = ORIENTED_EDGE('',*,*,#3050,.F.);
#3457 = PLANE('',#3458);
#3458 = AXIS2_PLACEMENT_3D('',#3459,#3460,#3461);
#3459 = CARTESIAN_POINT('',(-42.9,5.2,36.997778600214));
#3460 = DIRECTION('',(0.,1.,-2.958404132898E-16));
#3461 = DIRECTION('',(0.,2.958404132898E-16,1.));
#3462 = ADVANCED_FACE('',(#3463),#3489,.F.);
#3463 = FACE_BOUND('',#3464,.F.);
#3464 = EDGE_LOOP('',(#3465,#3474,#3482,#3488));
#3465 = ORIENTED_EDGE('',*,*,#3466,.F.);
#3466 = EDGE_CURVE('',#3467,#3436,#3469,.T.);
#3467 = VERTEX_POINT('',#3468);
#3468 = CARTESIAN_POINT('',(-44.,-1.102998248274E-15,33.995557200428));
#3469 = ELLIPSE('',#3470,50.806823688687,44.);
#3470 = AXIS2_PLACEMENT_3D('',#3471,#3472,#3473);
#3471 = CARTESIAN_POINT('',(0.,0.,33.995557200428));
#3472 = DIRECTION('',(0.,0.5,-0.866025403784));
#3473 = DIRECTION('',(0.,0.866025403784,0.5));
#3474 = ORIENTED_EDGE('',*,*,#3475,.T.);
#3475 = EDGE_CURVE('',#3467,#3476,#3478,.T.);
#3476 = VERTEX_POINT('',#3477);
#3477 = CARTESIAN_POINT('',(-49.,-1.102998248274E-15,33.995557200428));
#3478 = LINE('',#3479,#3480);
#3479 = CARTESIAN_POINT('',(-42.9,-1.102998248274E-15,33.995557200428));
#3480 = VECTOR('',#3481,1.);
#3481 = DIRECTION('',(-1.,0.,0.));
#3482 = ORIENTED_EDGE('',*,*,#3483,.T.);
#3483 = EDGE_CURVE('',#3476,#3444,#3484,.T.);
#3484 = LINE('',#3485,#3486);
#3485 = CARTESIAN_POINT('',(-49.,-1.102998248274E-15,33.995557200428));
#3486 = VECTOR('',#3487,1.);
#3487 = DIRECTION('',(0.,0.866025403784,0.5));
#3488 = ORIENTED_EDGE('',*,*,#3443,.F.);
#3489 = PLANE('',#3490);
#3490 = AXIS2_PLACEMENT_3D('',#3491,#3492,#3493);
#3491 = CARTESIAN_POINT('',(-42.9,-1.102998248274E-15,33.995557200428));
#3492 = DIRECTION('',(0.,0.5,-0.866025403784));
#3493 = DIRECTION('',(0.,0.866025403784,0.5));
#3494 = ADVANCED_FACE('',(#3495),#3521,.F.);
#3495 = FACE_BOUND('',#3496,.F.);
#3496 = EDGE_LOOP('',(#3497,#3506,#3514,#3520));
#3497 = ORIENTED_EDGE('',*,*,#3498,.F.);
#3498 = EDGE_CURVE('',#3499,#3467,#3501,.T.);
#3499 = VERTEX_POINT('',#3500);
#3500 = CARTESIAN_POINT('',(-43.6916467989,-5.2,36.997778600214));
#3501 = ELLIPSE('',#3502,50.806823688687,44.);
#3502 = AXIS2_PLACEMENT_3D('',#3503,#3504,#3505);
#3503 = CARTESIAN_POINT('',(0.,0.,33.995557200428));
#3504 = DIRECTION('',(-0.,-0.5,-0.866025403784));
#3505 = DIRECTION('',(0.,-0.866025403784,0.5));
#3506 = ORIENTED_EDGE('',*,*,#3507,.T.);
#3507 = EDGE_CURVE('',#3499,#3508,#3510,.T.);
#3508 = VERTEX_POINT('',#3509);
#3509 = CARTESIAN_POINT('',(-49.,-5.2,36.997778600214));
#3510 = LINE('',#3511,#3512);
#3511 = CARTESIAN_POINT('',(-42.9,-5.2,36.997778600214));
#3512 = VECTOR('',#3513,1.);
#3513 = DIRECTION('',(-1.,0.,0.));
#3514 = ORIENTED_EDGE('',*,*,#3515,.T.);
#3515 = EDGE_CURVE('',#3508,#3476,#3516,.T.);
#3516 = LINE('',#3517,#3518);
#3517 = CARTESIAN_POINT('',(-49.,-5.2,36.997778600214));
#3518 = VECTOR('',#3519,1.);
#3519 = DIRECTION('',(0.,0.866025403784,-0.5));
#3520 = ORIENTED_EDGE('',*,*,#3475,.F.);
#3521 = PLANE('',#3522);
#3522 = AXIS2_PLACEMENT_3D('',#3523,#3524,#3525);
#3523 = CARTESIAN_POINT('',(-42.9,-5.2,36.997778600214));
#3524 = DIRECTION('',(-0.,-0.5,-0.866025403784));
#3525 = DIRECTION('',(0.,0.866025403784,-0.5));
#3526 = ADVANCED_FACE('',(#3527),#3543,.F.);
#3527 = FACE_BOUND('',#3528,.F.);
#3528 = EDGE_LOOP('',(#3529,#3535,#3536,#3542));
#3529 = ORIENTED_EDGE('',*,*,#3530,.T.);
#3530 = EDGE_CURVE('',#3499,#3009,#3531,.T.);
#3531 = LINE('',#3532,#3533);
#3532 = CARTESIAN_POINT('',(-43.6916467989,-5.2,-1.));
#3533 = VECTOR('',#3534,1.);
#3534 = DIRECTION('',(0.,0.,1.));
#3535 = ORIENTED_EDGE('',*,*,#3008,.T.);
#3536 = ORIENTED_EDGE('',*,*,#3537,.T.);
#3537 = EDGE_CURVE('',#3001,#3508,#3538,.T.);
#3538 = LINE('',#3539,#3540);
#3539 = CARTESIAN_POINT('',(-49.,-5.2,43.002221399786));
#3540 = VECTOR('',#3541,1.);
#3541 = DIRECTION('',(0.,0.,-1.));
#3542 = ORIENTED_EDGE('',*,*,#3507,.F.);
#3543 = PLANE('',#3544);
#3544 = AXIS2_PLACEMENT_3D('',#3545,#3546,#3547);
#3545 = CARTESIAN_POINT('',(-42.9,-5.2,43.002221399786));
#3546 = DIRECTION('',(-0.,-1.,-0.));
#3547 = DIRECTION('',(0.,0.,-1.));
#3548 = ADVANCED_FACE('',(#3549),#3568,.T.);
#3549 = FACE_BOUND('',#3550,.T.);
#3550 = EDGE_LOOP('',(#3551,#3552,#3553,#3561));
#3551 = ORIENTED_EDGE('',*,*,#3025,.F.);
#3552 = ORIENTED_EDGE('',*,*,#2383,.T.);
#3553 = ORIENTED_EDGE('',*,*,#3554,.T.);
#3554 = EDGE_CURVE('',#2384,#3555,#3557,.T.);
#3555 = VERTEX_POINT('',#3556);
#3556 = CARTESIAN_POINT('',(-43.,-9.327379053089,46.));
#3557 = LINE('',#3558,#3559);
#3558 = CARTESIAN_POINT('',(-43.,-20.,46.));
#3559 = VECTOR('',#3560,1.);
#3560 = DIRECTION('',(0.,1.,0.));
#3561 = ORIENTED_EDGE('',*,*,#3562,.F.);
#3562 = EDGE_CURVE('',#3017,#3555,#3563,.T.);
#3563 = CIRCLE('',#3564,44.);
#3564 = AXIS2_PLACEMENT_3D('',#3565,#3566,#3567);
#3565 = CARTESIAN_POINT('',(0.,0.,46.));
#3566 = DIRECTION('',(0.,0.,1.));
#3567 = DIRECTION('',(1.,0.,0.));
#3568 = PLANE('',#3569);
#3569 = AXIS2_PLACEMENT_3D('',#3570,#3571,#3572);
#3570 = CARTESIAN_POINT('',(-56.,-20.,46.));
#3571 = DIRECTION('',(0.,0.,1.));
#3572 = DIRECTION('',(1.,0.,0.));
#3573 = ADVANCED_FACE('',(#3574),#3585,.T.);
#3574 = FACE_BOUND('',#3575,.T.);
#3575 = EDGE_LOOP('',(#3576,#3577,#3578,#3579));
#3576 = ORIENTED_EDGE('',*,*,#3554,.F.);
#3577 = ORIENTED_EDGE('',*,*,#2392,.F.);
#3578 = ORIENTED_EDGE('',*,*,#3380,.T.);
#3579 = ORIENTED_EDGE('',*,*,#3580,.T.);
#3580 = EDGE_CURVE('',#3381,#3555,#3581,.T.);
#3581 = LINE('',#3582,#3583);
#3582 = CARTESIAN_POINT('',(-43.,-9.327379053089,-1.));
#3583 = VECTOR('',#3584,1.);
#3584 = DIRECTION('',(0.,0.,1.));
#3585 = PLANE('',#3586);
#3586 = AXIS2_PLACEMENT_3D('',#3587,#3588,#3589);
#3587 = CARTESIAN_POINT('',(-43.,-20.,0.));
#3588 = DIRECTION('',(1.,0.,0.));
#3589 = DIRECTION('',(0.,0.,1.));
#3590 = ADVANCED_FACE('',(#3591,#3605),#3616,.T.);
#3591 = FACE_BOUND('',#3592,.T.);
#3592 = EDGE_LOOP('',(#3593,#3599,#3600,#3601,#3602,#3603,#3604));
#3593 = ORIENTED_EDGE('',*,*,#3594,.F.);
#3594 = EDGE_CURVE('',#2993,#3059,#3595,.T.);
#3595 = LINE('',#3596,#3597);
#3596 = CARTESIAN_POINT('',(-49.,-10.,46.));
#3597 = VECTOR('',#3598,1.);
#3598 = DIRECTION('',(0.,1.,0.));
#3599 = ORIENTED_EDGE('',*,*,#3000,.T.);
#3600 = ORIENTED_EDGE('',*,*,#3537,.T.);
#3601 = ORIENTED_EDGE('',*,*,#3515,.T.);
#3602 = ORIENTED_EDGE('',*,*,#3483,.T.);
#3603 = ORIENTED_EDGE('',*,*,#3451,.T.);
#3604 = ORIENTED_EDGE('',*,*,#3058,.T.);
#3605 = FACE_BOUND('',#3606,.T.);
#3606 = EDGE_LOOP('',(#3607));
#3607 = ORIENTED_EDGE('',*,*,#3608,.F.);
#3608 = EDGE_CURVE('',#3609,#3609,#3611,.T.);
#3609 = VERTEX_POINT('',#3610);
#3610 = CARTESIAN_POINT('',(-49.,7.960204194458E-16,43.25));
#3611 = CIRCLE('',#3612,3.25);
#3612 = AXIS2_PLACEMENT_3D('',#3613,#3614,#3615);
#3613 = CARTESIAN_POINT('',(-49.,0.,40.));
#3614 = DIRECTION('',(1.,0.,-0.));
#3615 = DIRECTION('',(0.,0.,1.));
#3616 = PLANE('',#3617);
#3617 = AXIS2_PLACEMENT_3D('',#3618,#3619,#3620);
#3618 = CARTESIAN_POINT('',(-49.,3.953706761675E-16,40.));
#3619 = DIRECTION('',(1.,0.,0.));
#3620 = DIRECTION('',(0.,0.,1.));
#3621 = ADVANCED_FACE('',(#3622),#3647,.F.);
#3622 = FACE_BOUND('',#3623,.F.);
#3623 = EDGE_LOOP('',(#3624,#3632,#3640,#3646));
#3624 = ORIENTED_EDGE('',*,*,#3625,.F.);
#3625 = EDGE_CURVE('',#3626,#2130,#3628,.T.);
#3626 = VERTEX_POINT('',#3627);
#3627 = CARTESIAN_POINT('',(-56.,-20.,0.));
#3628 = LINE('',#3629,#3630);
#3629 = CARTESIAN_POINT('',(-56.,-20.,0.));
#3630 = VECTOR('',#3631,1.);
#3631 = DIRECTION('',(1.,0.,0.));
#3632 = ORIENTED_EDGE('',*,*,#3633,.T.);
#3633 = EDGE_CURVE('',#3626,#3634,#3636,.T.);
#3634 = VERTEX_POINT('',#3635);
#3635 = CARTESIAN_POINT('',(-56.,-20.,46.));
#3636 = LINE('',#3637,#3638);
#3637 = CARTESIAN_POINT('',(-56.,-20.,0.));
#3638 = VECTOR('',#3639,1.);
#3639 = DIRECTION('',(0.,0.,1.));
#3640 = ORIENTED_EDGE('',*,*,#3641,.T.);
#3641 = EDGE_CURVE('',#3634,#2121,#3642,.T.);
#3642 = LINE('',#3643,#3644);
#3643 = CARTESIAN_POINT('',(-56.,-20.,46.));
#3644 = VECTOR('',#3645,1.);
#3645 = DIRECTION('',(1.,0.,0.));
#3646 = ORIENTED_EDGE('',*,*,#2129,.F.);
#3647 = PLANE('',#3648);
#3648 = AXIS2_PLACEMENT_3D('',#3649,#3650,#3651);
#3649 = CARTESIAN_POINT('',(-56.,-20.,0.));
#3650 = DIRECTION('',(0.,1.,0.));
#3651 = DIRECTION('',(0.,0.,1.));
#3652 = ADVANCED_FACE('',(#3653,#3669,#3672),#3683,.F.);
#3653 = FACE_BOUND('',#3654,.F.);
#3654 = EDGE_LOOP('',(#3655,#3656,#3662,#3663));
#3655 = ORIENTED_EDGE('',*,*,#3633,.F.);
#3656 = ORIENTED_EDGE('',*,*,#3657,.T.);
#3657 = EDGE_CURVE('',#3626,#3146,#3658,.T.);
#3658 = LINE('',#3659,#3660);
#3659 = CARTESIAN_POINT('',(-56.,-20.,0.));
#3660 = VECTOR('',#3661,1.);
#3661 = DIRECTION('',(0.,1.,0.));
#3662 = ORIENTED_EDGE('',*,*,#3153,.T.);
#3663 = ORIENTED_EDGE('',*,*,#3664,.F.);
#3664 = EDGE_CURVE('',#3634,#3154,#3665,.T.);
#3665 = LINE('',#3666,#3667);
#3666 = CARTESIAN_POINT('',(-56.,-20.,46.));
#3667 = VECTOR('',#3668,1.);
#3668 = DIRECTION('',(0.,1.,0.));
#3669 = FACE_BOUND('',#3670,.F.);
#3670 = EDGE_LOOP('',(#3671));
#3671 = ORIENTED_EDGE('',*,*,#749,.F.);
#3672 = FACE_BOUND('',#3673,.F.);
#3673 = EDGE_LOOP('',(#3674));
#3674 = ORIENTED_EDGE('',*,*,#3675,.F.);
#3675 = EDGE_CURVE('',#3676,#3676,#3678,.T.);
#3676 = VERTEX_POINT('',#3677);
#3677 = CARTESIAN_POINT('',(-56.,7.960204194458E-16,43.25));
#3678 = CIRCLE('',#3679,3.25);
#3679 = AXIS2_PLACEMENT_3D('',#3680,#3681,#3682);
#3680 = CARTESIAN_POINT('',(-56.,0.,40.));
#3681 = DIRECTION('',(1.,0.,-0.));
#3682 = DIRECTION('',(0.,0.,1.));
#3683 = PLANE('',#3684);
#3684 = AXIS2_PLACEMENT_3D('',#3685,#3686,#3687);
#3685 = CARTESIAN_POINT('',(-56.,-20.,0.));
#3686 = DIRECTION('',(1.,0.,0.));
#3687 = DIRECTION('',(0.,0.,1.));
#3688 = ADVANCED_FACE('',(#3689),#3700,.F.);
#3689 = FACE_BOUND('',#3690,.F.);
#3690 = EDGE_LOOP('',(#3691,#3692,#3698,#3699));
#3691 = ORIENTED_EDGE('',*,*,#3608,.F.);
#3692 = ORIENTED_EDGE('',*,*,#3693,.F.);
#3693 = EDGE_CURVE('',#3676,#3609,#3694,.T.);
#3694 = LINE('',#3695,#3696);
#3695 = CARTESIAN_POINT('',(-68.,7.960204194458E-16,43.25));
#3696 = VECTOR('',#3697,1.);
#3697 = DIRECTION('',(1.,0.,0.));
#3698 = ORIENTED_EDGE('',*,*,#3675,.T.);
#3699 = ORIENTED_EDGE('',*,*,#3693,.T.);
#3700 = CYLINDRICAL_SURFACE('',#3701,3.25);
#3701 = AXIS2_PLACEMENT_3D('',#3702,#3703,#3704);
#3702 = CARTESIAN_POINT('',(-68.,0.,40.));
#3703 = DIRECTION('',(1.,0.,0.));
#3704 = DIRECTION('',(0.,0.,1.));
#3705 = ADVANCED_FACE('',(#3706,#3759,#3797,#3817,#3846),#3875,.T.);
#3706 = FACE_BOUND('',#3707,.T.);
#3707 = EDGE_LOOP('',(#3708,#3717,#3718,#3719,#3720,#3721,#3722,#3723,
    #3724,#3725,#3726,#3735,#3744,#3752));
#3708 = ORIENTED_EDGE('',*,*,#3709,.T.);
#3709 = EDGE_CURVE('',#3710,#2536,#3712,.T.);
#3710 = VERTEX_POINT('',#3711);
#3711 = CARTESIAN_POINT('',(48.,-1.175660927181E-14,58.));
#3712 = CIRCLE('',#3713,48.);
#3713 = AXIS2_PLACEMENT_3D('',#3714,#3715,#3716);
#3714 = CARTESIAN_POINT('',(0.,0.,58.));
#3715 = DIRECTION('',(0.,0.,1.));
#3716 = DIRECTION('',(1.,0.,0.));
#3717 = ORIENTED_EDGE('',*,*,#2543,.T.);
#3718 = ORIENTED_EDGE('',*,*,#2565,.T.);
#3719 = ORIENTED_EDGE('',*,*,#2614,.F.);
#3720 = ORIENTED_EDGE('',*,*,#2759,.T.);
#3721 = ORIENTED_EDGE('',*,*,#2969,.T.);
#3722 = ORIENTED_EDGE('',*,*,#2103,.T.);
#3723 = ORIENTED_EDGE('',*,*,#1656,.F.);
#3724 = ORIENTED_EDGE('',*,*,#1245,.T.);
#3725 = ORIENTED_EDGE('',*,*,#1145,.T.);
#3726 = ORIENTED_EDGE('',*,*,#3727,.T.);
#3727 = EDGE_CURVE('',#1146,#3728,#3730,.T.);
#3728 = VERTEX_POINT('',#3729);
#3729 = CARTESIAN_POINT('',(53.899346400575,-26.5,58.));
#3730 = CIRCLE('',#3731,8.);
#3731 = AXIS2_PLACEMENT_3D('',#3732,#3733,#3734);
#3732 = CARTESIAN_POINT('',(45.899346400575,-26.5,58.));
#3733 = DIRECTION('',(0.,0.,1.));
#3734 = DIRECTION('',(1.,0.,0.));
#3735 = ORIENTED_EDGE('',*,*,#3736,.T.);
#3736 = EDGE_CURVE('',#3728,#3737,#3739,.T.);
#3737 = VERTEX_POINT('',#3738);
#3738 = CARTESIAN_POINT('',(49.899346400575,-19.57179676972,58.));
#3739 = CIRCLE('',#3740,8.);
#3740 = AXIS2_PLACEMENT_3D('',#3741,#3742,#3743);
#3741 = CARTESIAN_POINT('',(45.899346400575,-26.5,58.));
#3742 = DIRECTION('',(0.,0.,1.));
#3743 = DIRECTION('',(1.,0.,0.));
#3744 = ORIENTED_EDGE('',*,*,#3745,.F.);
#3745 = EDGE_CURVE('',#3746,#3737,#3748,.T.);
#3746 = VERTEX_POINT('',#3747);
#3747 = CARTESIAN_POINT('',(44.987803063839,-16.73611590212,58.));
#3748 = LINE('',#3749,#3750);
#3749 = CARTESIAN_POINT('',(42.105117766515,-15.07179676972,58.));
#3750 = VECTOR('',#3751,1.);
#3751 = DIRECTION('',(0.866025403784,-0.5,0.));
#3752 = ORIENTED_EDGE('',*,*,#3753,.T.);
#3753 = EDGE_CURVE('',#3746,#3710,#3754,.T.);
#3754 = CIRCLE('',#3755,48.);
#3755 = AXIS2_PLACEMENT_3D('',#3756,#3757,#3758);
#3756 = CARTESIAN_POINT('',(0.,0.,58.));
#3757 = DIRECTION('',(0.,0.,1.));
#3758 = DIRECTION('',(1.,0.,0.));
#3759 = FACE_BOUND('',#3760,.T.);
#3760 = EDGE_LOOP('',(#3761,#3772,#3781,#3790));
#3761 = ORIENTED_EDGE('',*,*,#3762,.F.);
#3762 = EDGE_CURVE('',#3763,#3765,#3767,.T.);
#3763 = VERTEX_POINT('',#3764);
#3764 = CARTESIAN_POINT('',(38.105117687837,-22.00000013627,58.));
#3765 = VERTEX_POINT('',#3766);
#3766 = CARTESIAN_POINT('',(44.,-1.07768918325E-14,58.));
#3767 = CIRCLE('',#3768,44.);
#3768 = AXIS2_PLACEMENT_3D('',#3769,#3770,#3771);
#3769 = CARTESIAN_POINT('',(0.,0.,58.));
#3770 = DIRECTION('',(0.,0.,1.));
#3771 = DIRECTION('',(1.,0.,0.));
#3772 = ORIENTED_EDGE('',*,*,#3773,.F.);
#3773 = EDGE_CURVE('',#3774,#3763,#3776,.T.);
#3774 = VERTEX_POINT('',#3775);
#3775 = CARTESIAN_POINT('',(-38.10511792407,-21.99999972709,58.));
#3776 = CIRCLE('',#3777,44.);
#3777 = AXIS2_PLACEMENT_3D('',#3778,#3779,#3780);
#3778 = CARTESIAN_POINT('',(0.,0.,58.));
#3779 = DIRECTION('',(0.,0.,1.));
#3780 = DIRECTION('',(1.,0.,0.));
#3781 = ORIENTED_EDGE('',*,*,#3782,.F.);
#3782 = EDGE_CURVE('',#3783,#3774,#3785,.T.);
#3783 = VERTEX_POINT('',#3784);
#3784 = CARTESIAN_POINT('',(-3.074858845152E-12,44.,58.));
#3785 = CIRCLE('',#3786,44.);
#3786 = AXIS2_PLACEMENT_3D('',#3787,#3788,#3789);
#3787 = CARTESIAN_POINT('',(0.,0.,58.));
#3788 = DIRECTION('',(0.,0.,1.));
#3789 = DIRECTION('',(1.,0.,0.));
#3790 = ORIENTED_EDGE('',*,*,#3791,.F.);
#3791 = EDGE_CURVE('',#3765,#3783,#3792,.T.);
#3792 = CIRCLE('',#3793,44.);
#3793 = AXIS2_PLACEMENT_3D('',#3794,#3795,#3796);
#3794 = CARTESIAN_POINT('',(0.,0.,58.));
#3795 = DIRECTION('',(0.,0.,1.));
#3796 = DIRECTION('',(1.,0.,0.));
#3797 = FACE_BOUND('',#3798,.T.);
#3798 = EDGE_LOOP('',(#3799,#3810));
#3799 = ORIENTED_EDGE('',*,*,#3800,.F.);
#3800 = EDGE_CURVE('',#3801,#3803,#3805,.T.);
#3801 = VERTEX_POINT('',#3802);
#3802 = CARTESIAN_POINT('',(-2.2,53.,58.));
#3803 = VERTEX_POINT('',#3804);
#3804 = CARTESIAN_POINT('',(2.2,53.,58.));
#3805 = CIRCLE('',#3806,2.2);
#3806 = AXIS2_PLACEMENT_3D('',#3807,#3808,#3809);
#3807 = CARTESIAN_POINT('',(3.24531401774E-15,53.,58.));
#3808 = DIRECTION('',(0.,0.,1.));
#3809 = DIRECTION('',(1.,0.,0.));
#3810 = ORIENTED_EDGE('',*,*,#3811,.F.);
#3811 = EDGE_CURVE('',#3803,#3801,#3812,.T.);
#3812 = CIRCLE('',#3813,2.2);
#3813 = AXIS2_PLACEMENT_3D('',#3814,#3815,#3816);
#3814 = CARTESIAN_POINT('',(3.24531401774E-15,53.,58.));
#3815 = DIRECTION('',(0.,0.,1.));
#3816 = DIRECTION('',(1.,0.,0.));
#3817 = FACE_BOUND('',#3818,.T.);
#3818 = EDGE_LOOP('',(#3819,#3830,#3839));
#3819 = ORIENTED_EDGE('',*,*,#3820,.F.);
#3820 = EDGE_CURVE('',#3821,#3823,#3825,.T.);
#3821 = VERTEX_POINT('',#3822);
#3822 = CARTESIAN_POINT('',(46.999346400575,-24.59474411167,58.));
#3823 = VERTEX_POINT('',#3824);
#3824 = CARTESIAN_POINT('',(44.799346400575,-28.40525588832,58.));
#3825 = CIRCLE('',#3826,2.2);
#3826 = AXIS2_PLACEMENT_3D('',#3827,#3828,#3829);
#3827 = CARTESIAN_POINT('',(45.899346400575,-26.5,58.));
#3828 = DIRECTION('',(0.,0.,1.));
#3829 = DIRECTION('',(1.,0.,0.));
#3830 = ORIENTED_EDGE('',*,*,#3831,.F.);
#3831 = EDGE_CURVE('',#3832,#3821,#3834,.T.);
#3832 = VERTEX_POINT('',#3833);
#3833 = CARTESIAN_POINT('',(48.099346400575,-26.5,58.));
#3834 = CIRCLE('',#3835,2.2);
#3835 = AXIS2_PLACEMENT_3D('',#3836,#3837,#3838);
#3836 = CARTESIAN_POINT('',(45.899346400575,-26.5,58.));
#3837 = DIRECTION('',(0.,0.,1.));
#3838 = DIRECTION('',(1.,0.,0.));
#3839 = ORIENTED_EDGE('',*,*,#3840,.F.);
#3840 = EDGE_CURVE('',#3823,#3832,#3841,.T.);
#3841 = CIRCLE('',#3842,2.2);
#3842 = AXIS2_PLACEMENT_3D('',#3843,#3844,#3845);
#3843 = CARTESIAN_POINT('',(45.899346400575,-26.5,58.));
#3844 = DIRECTION('',(0.,0.,1.));
#3845 = DIRECTION('',(1.,0.,0.));
#3846 = FACE_BOUND('',#3847,.T.);
#3847 = EDGE_LOOP('',(#3848,#3859,#3868));
#3848 = ORIENTED_EDGE('',*,*,#3849,.F.);
#3849 = EDGE_CURVE('',#3850,#3852,#3854,.T.);
#3850 = VERTEX_POINT('',#3851);
#3851 = CARTESIAN_POINT('',(-44.79934640057,-28.40525588832,58.));
#3852 = VERTEX_POINT('',#3853);
#3853 = CARTESIAN_POINT('',(-43.69934640057,-26.5,58.));
#3854 = CIRCLE('',#3855,2.2);
#3855 = AXIS2_PLACEMENT_3D('',#3856,#3857,#3858);
#3856 = CARTESIAN_POINT('',(-45.89934640057,-26.5,58.));
#3857 = DIRECTION('',(0.,0.,1.));
#3858 = DIRECTION('',(1.,0.,0.));
#3859 = ORIENTED_EDGE('',*,*,#3860,.F.);
#3860 = EDGE_CURVE('',#3861,#3850,#3863,.T.);
#3861 = VERTEX_POINT('',#3862);
#3862 = CARTESIAN_POINT('',(-46.99934640057,-24.59474411167,58.));
#3863 = CIRCLE('',#3864,2.2);
#3864 = AXIS2_PLACEMENT_3D('',#3865,#3866,#3867);
#3865 = CARTESIAN_POINT('',(-45.89934640057,-26.5,58.));
#3866 = DIRECTION('',(0.,0.,1.));
#3867 = DIRECTION('',(1.,0.,0.));
#3868 = ORIENTED_EDGE('',*,*,#3869,.F.);
#3869 = EDGE_CURVE('',#3852,#3861,#3870,.T.);
#3870 = CIRCLE('',#3871,2.2);
#3871 = AXIS2_PLACEMENT_3D('',#3872,#3873,#3874);
#3872 = CARTESIAN_POINT('',(-45.89934640057,-26.5,58.));
#3873 = DIRECTION('',(0.,0.,1.));
#3874 = DIRECTION('',(1.,0.,0.));
#3875 = PLANE('',#3876);
#3876 = AXIS2_PLACEMENT_3D('',#3877,#3878,#3879);
#3877 = CARTESIAN_POINT('',(0.316966355636,1.592831867408E-03,58.));
#3878 = DIRECTION('',(0.,0.,1.));
#3879 = DIRECTION('',(1.,0.,0.));
#3880 = ADVANCED_FACE('',(#3881),#3897,.T.);
#3881 = FACE_BOUND('',#3882,.T.);
#3882 = EDGE_LOOP('',(#3883,#3884,#3890,#3891));
#3883 = ORIENTED_EDGE('',*,*,#368,.F.);
#3884 = ORIENTED_EDGE('',*,*,#3885,.T.);
#3885 = EDGE_CURVE('',#360,#3746,#3886,.T.);
#3886 = LINE('',#3887,#3888);
#3887 = CARTESIAN_POINT('',(44.987803063838,-16.73611590212,0.));
#3888 = VECTOR('',#3889,1.);
#3889 = DIRECTION('',(0.,0.,1.));
#3890 = ORIENTED_EDGE('',*,*,#3745,.T.);
#3891 = ORIENTED_EDGE('',*,*,#3892,.F.);
#3892 = EDGE_CURVE('',#369,#3737,#3893,.T.);
#3893 = LINE('',#3894,#3895);
#3894 = CARTESIAN_POINT('',(49.899346400575,-19.57179676972,0.));
#3895 = VECTOR('',#3896,1.);
#3896 = DIRECTION('',(0.,0.,1.));
#3897 = PLANE('',#3898);
#3898 = AXIS2_PLACEMENT_3D('',#3899,#3900,#3901);
#3899 = CARTESIAN_POINT('',(42.105117766515,-15.07179676972,0.));
#3900 = DIRECTION('',(0.5,0.866025403784,0.));
#3901 = DIRECTION('',(0.,0.,1.));
#3902 = ADVANCED_FACE('',(#3903),#3932,.F.);
#3903 = FACE_BOUND('',#3904,.F.);
#3904 = EDGE_LOOP('',(#3905,#3906,#3914,#3923,#3930,#3931));
#3905 = ORIENTED_EDGE('',*,*,#3811,.F.);
#3906 = ORIENTED_EDGE('',*,*,#3907,.F.);
#3907 = EDGE_CURVE('',#3908,#3803,#3910,.T.);
#3908 = VERTEX_POINT('',#3909);
#3909 = CARTESIAN_POINT('',(2.2,53.,0.));
#3910 = LINE('',#3911,#3912);
#3911 = CARTESIAN_POINT('',(2.2,53.,-2.));
#3912 = VECTOR('',#3913,1.);
#3913 = DIRECTION('',(0.,0.,1.));
#3914 = ORIENTED_EDGE('',*,*,#3915,.T.);
#3915 = EDGE_CURVE('',#3908,#3916,#3918,.T.);
#3916 = VERTEX_POINT('',#3917);
#3917 = CARTESIAN_POINT('',(-2.2,53.,0.));
#3918 = CIRCLE('',#3919,2.2);
#3919 = AXIS2_PLACEMENT_3D('',#3920,#3921,#3922);
#3920 = CARTESIAN_POINT('',(3.24531401774E-15,53.,0.));
#3921 = DIRECTION('',(0.,0.,1.));
#3922 = DIRECTION('',(1.,0.,0.));
#3923 = ORIENTED_EDGE('',*,*,#3924,.T.);
#3924 = EDGE_CURVE('',#3916,#3908,#3925,.T.);
#3925 = CIRCLE('',#3926,2.2);
#3926 = AXIS2_PLACEMENT_3D('',#3927,#3928,#3929);
#3927 = CARTESIAN_POINT('',(3.24531401774E-15,53.,0.));
#3928 = DIRECTION('',(0.,0.,1.));
#3929 = DIRECTION('',(1.,0.,0.));
#3930 = ORIENTED_EDGE('',*,*,#3907,.T.);
#3931 = ORIENTED_EDGE('',*,*,#3800,.F.);
#3932 = CYLINDRICAL_SURFACE('',#3933,2.2);
#3933 = AXIS2_PLACEMENT_3D('',#3934,#3935,#3936);
#3934 = CARTESIAN_POINT('',(3.24531401774E-15,53.,-2.));
#3935 = DIRECTION('',(0.,0.,1.));
#3936 = DIRECTION('',(1.,0.,0.));
#3937 = ADVANCED_FACE('',(#3938),#3953,.F.);
#3938 = FACE_BOUND('',#3939,.F.);
#3939 = EDGE_LOOP('',(#3940,#3941,#3947,#3948,#3949,#3950,#3951,#3952));
#3940 = ORIENTED_EDGE('',*,*,#3831,.F.);
#3941 = ORIENTED_EDGE('',*,*,#3942,.F.);
#3942 = EDGE_CURVE('',#502,#3832,#3943,.T.);
#3943 = LINE('',#3944,#3945);
#3944 = CARTESIAN_POINT('',(48.099346400575,-26.5,-2.));
#3945 = VECTOR('',#3946,1.);
#3946 = DIRECTION('',(0.,0.,1.));
#3947 = ORIENTED_EDGE('',*,*,#510,.T.);
#3948 = ORIENTED_EDGE('',*,*,#490,.T.);
#3949 = ORIENTED_EDGE('',*,*,#501,.T.);
#3950 = ORIENTED_EDGE('',*,*,#3942,.T.);
#3951 = ORIENTED_EDGE('',*,*,#3840,.F.);
#3952 = ORIENTED_EDGE('',*,*,#3820,.F.);
#3953 = CYLINDRICAL_SURFACE('',#3954,2.2);
#3954 = AXIS2_PLACEMENT_3D('',#3955,#3956,#3957);
#3955 = CARTESIAN_POINT('',(45.899346400575,-26.5,-2.));
#3956 = DIRECTION('',(0.,0.,1.));
#3957 = DIRECTION('',(1.,0.,0.));
#3958 = ADVANCED_FACE('',(#3959),#3998,.F.);
#3959 = FACE_BOUND('',#3960,.F.);
#3960 = EDGE_LOOP('',(#3961,#3962,#3970,#3979,#3988,#3995,#3996,#3997));
#3961 = ORIENTED_EDGE('',*,*,#3869,.F.);
#3962 = ORIENTED_EDGE('',*,*,#3963,.F.);
#3963 = EDGE_CURVE('',#3964,#3852,#3966,.T.);
#3964 = VERTEX_POINT('',#3965);
#3965 = CARTESIAN_POINT('',(-43.69934640057,-26.5,0.));
#3966 = LINE('',#3967,#3968);
#3967 = CARTESIAN_POINT('',(-43.69934640057,-26.5,-2.));
#3968 = VECTOR('',#3969,1.);
#3969 = DIRECTION('',(0.,0.,1.));
#3970 = ORIENTED_EDGE('',*,*,#3971,.T.);
#3971 = EDGE_CURVE('',#3964,#3972,#3974,.T.);
#3972 = VERTEX_POINT('',#3973);
#3973 = CARTESIAN_POINT('',(-46.99934640057,-24.59474411167,0.));
#3974 = CIRCLE('',#3975,2.2);
#3975 = AXIS2_PLACEMENT_3D('',#3976,#3977,#3978);
#3976 = CARTESIAN_POINT('',(-45.89934640057,-26.5,0.));
#3977 = DIRECTION('',(0.,0.,1.));
#3978 = DIRECTION('',(1.,0.,0.));
#3979 = ORIENTED_EDGE('',*,*,#3980,.T.);
#3980 = EDGE_CURVE('',#3972,#3981,#3983,.T.);
#3981 = VERTEX_POINT('',#3982);
#3982 = CARTESIAN_POINT('',(-44.79934640057,-28.40525588832,0.));
#3983 = CIRCLE('',#3984,2.2);
#3984 = AXIS2_PLACEMENT_3D('',#3985,#3986,#3987);
#3985 = CARTESIAN_POINT('',(-45.89934640057,-26.5,0.));
#3986 = DIRECTION('',(0.,0.,1.));
#3987 = DIRECTION('',(1.,0.,0.));
#3988 = ORIENTED_EDGE('',*,*,#3989,.T.);
#3989 = EDGE_CURVE('',#3981,#3964,#3990,.T.);
#3990 = CIRCLE('',#3991,2.2);
#3991 = AXIS2_PLACEMENT_3D('',#3992,#3993,#3994);
#3992 = CARTESIAN_POINT('',(-45.89934640057,-26.5,0.));
#3993 = DIRECTION('',(0.,0.,1.));
#3994 = DIRECTION('',(1.,0.,0.));
#3995 = ORIENTED_EDGE('',*,*,#3963,.T.);
#3996 = ORIENTED_EDGE('',*,*,#3849,.F.);
#3997 = ORIENTED_EDGE('',*,*,#3860,.F.);
#3998 = CYLINDRICAL_SURFACE('',#3999,2.2);
#3999 = AXIS2_PLACEMENT_3D('',#4000,#4001,#4002);
#4000 = CARTESIAN_POINT('',(-45.89934640057,-26.5,-2.));
#4001 = DIRECTION('',(0.,0.,1.));
#4002 = DIRECTION('',(1.,0.,0.));
#4003 = ADVANCED_FACE('',(#4004),#4038,.F.);
#4004 = FACE_BOUND('',#4005,.F.);
#4005 = EDGE_LOOP('',(#4006,#4016,#4024,#4032));
#4006 = ORIENTED_EDGE('',*,*,#4007,.F.);
#4007 = EDGE_CURVE('',#4008,#4010,#4012,.T.);
#4008 = VERTEX_POINT('',#4009);
#4009 = CARTESIAN_POINT('',(36.516443810541,24.546880279001,0.));
#4010 = VERTEX_POINT('',#4011);
#4011 = CARTESIAN_POINT('',(39.987950057818,26.55115534536,0.));
#4012 = LINE('',#4013,#4014);
#4013 = CARTESIAN_POINT('',(33.141016151378,22.598076211353,0.));
#4014 = VECTOR('',#4015,1.);
#4015 = DIRECTION('',(0.866025403784,0.5,0.));
#4016 = ORIENTED_EDGE('',*,*,#4017,.T.);
#4017 = EDGE_CURVE('',#4008,#4018,#4020,.T.);
#4018 = VERTEX_POINT('',#4019);
#4019 = CARTESIAN_POINT('',(36.516443810541,24.546880279001,1.6));
#4020 = LINE('',#4021,#4022);
#4021 = CARTESIAN_POINT('',(36.516443810541,24.546880279001,-1.));
#4022 = VECTOR('',#4023,1.);
#4023 = DIRECTION('',(0.,0.,1.));
#4024 = ORIENTED_EDGE('',*,*,#4025,.T.);
#4025 = EDGE_CURVE('',#4018,#4026,#4028,.T.);
#4026 = VERTEX_POINT('',#4027);
#4027 = CARTESIAN_POINT('',(39.987950057818,26.55115534536,1.6));
#4028 = LINE('',#4029,#4030);
#4029 = CARTESIAN_POINT('',(33.141016151378,22.598076211353,1.6));
#4030 = VECTOR('',#4031,1.);
#4031 = DIRECTION('',(0.866025403784,0.5,0.));
#4032 = ORIENTED_EDGE('',*,*,#4033,.F.);
#4033 = EDGE_CURVE('',#4010,#4026,#4034,.T.);
#4034 = LINE('',#4035,#4036);
#4035 = CARTESIAN_POINT('',(39.987950057818,26.55115534536,0.));
#4036 = VECTOR('',#4037,1.);
#4037 = DIRECTION('',(0.,0.,1.));
#4038 = PLANE('',#4039);
#4039 = AXIS2_PLACEMENT_3D('',#4040,#4041,#4042);
#4040 = CARTESIAN_POINT('',(33.141016151378,22.598076211353,0.));
#4041 = DIRECTION('',(-0.5,0.866025403784,0.));
#4042 = DIRECTION('',(0.,0.,1.));
#4043 = ADVANCED_FACE('',(#4044),#4071,.F.);
#4044 = FACE_BOUND('',#4045,.F.);
#4045 = EDGE_LOOP('',(#4046,#4047,#4056,#4064));
#4046 = ORIENTED_EDGE('',*,*,#4025,.F.);
#4047 = ORIENTED_EDGE('',*,*,#4048,.F.);
#4048 = EDGE_CURVE('',#4049,#4018,#4051,.T.);
#4049 = VERTEX_POINT('',#4050);
#4050 = CARTESIAN_POINT('',(39.516443810541,19.350727856295,1.6));
#4051 = CIRCLE('',#4052,44.);
#4052 = AXIS2_PLACEMENT_3D('',#4053,#4054,#4055);
#4053 = CARTESIAN_POINT('',(0.,0.,1.6));
#4054 = DIRECTION('',(0.,0.,1.));
#4055 = DIRECTION('',(1.,0.,0.));
#4056 = ORIENTED_EDGE('',*,*,#4057,.T.);
#4057 = EDGE_CURVE('',#4049,#4058,#4060,.T.);
#4058 = VERTEX_POINT('',#4059);
#4059 = CARTESIAN_POINT('',(42.987950057818,21.355002922654,1.6));
#4060 = LINE('',#4061,#4062);
#4061 = CARTESIAN_POINT('',(36.141016151378,17.401923788647,1.6));
#4062 = VECTOR('',#4063,1.);
#4063 = DIRECTION('',(0.866025403784,0.5,0.));
#4064 = ORIENTED_EDGE('',*,*,#4065,.T.);
#4065 = EDGE_CURVE('',#4058,#4026,#4066,.T.);
#4066 = CIRCLE('',#4067,48.);
#4067 = AXIS2_PLACEMENT_3D('',#4068,#4069,#4070);
#4068 = CARTESIAN_POINT('',(0.,0.,1.6));
#4069 = DIRECTION('',(0.,0.,1.));
#4070 = DIRECTION('',(1.,0.,0.));
#4071 = PLANE('',#4072);
#4072 = AXIS2_PLACEMENT_3D('',#4073,#4074,#4075);
#4073 = CARTESIAN_POINT('',(36.141016151378,17.401923788647,1.6));
#4074 = DIRECTION('',(0.,0.,1.));
#4075 = DIRECTION('',(0.866025403784,0.5,0.));
#4076 = ADVANCED_FACE('',(#4077),#4093,.T.);
#4077 = FACE_BOUND('',#4078,.T.);
#4078 = EDGE_LOOP('',(#4079,#4080,#4086,#4087));
#4079 = ORIENTED_EDGE('',*,*,#482,.F.);
#4080 = ORIENTED_EDGE('',*,*,#4081,.T.);
#4081 = EDGE_CURVE('',#474,#4049,#4082,.T.);
#4082 = LINE('',#4083,#4084);
#4083 = CARTESIAN_POINT('',(39.516443810541,19.350727856295,-1.));
#4084 = VECTOR('',#4085,1.);
#4085 = DIRECTION('',(0.,0.,1.));
#4086 = ORIENTED_EDGE('',*,*,#4057,.T.);
#4087 = ORIENTED_EDGE('',*,*,#4088,.F.);
#4088 = EDGE_CURVE('',#329,#4058,#4089,.T.);
#4089 = LINE('',#4090,#4091);
#4090 = CARTESIAN_POINT('',(42.987950057818,21.355002922654,0.));
#4091 = VECTOR('',#4092,1.);
#4092 = DIRECTION('',(0.,0.,1.));
#4093 = PLANE('',#4094);
#4094 = AXIS2_PLACEMENT_3D('',#4095,#4096,#4097);
#4095 = CARTESIAN_POINT('',(36.141016151378,17.401923788647,0.));
#4096 = DIRECTION('',(-0.5,0.866025403784,0.));
#4097 = DIRECTION('',(0.,0.,1.));
#4098 = ADVANCED_FACE('',(#4099,#4130),#4134,.T.);
#4099 = FACE_BOUND('',#4100,.T.);
#4100 = EDGE_LOOP('',(#4101,#4108,#4109,#4118,#4125,#4126,#4127,#4128,
    #4129));
#4101 = ORIENTED_EDGE('',*,*,#4102,.F.);
#4102 = EDGE_CURVE('',#4010,#2526,#4103,.T.);
#4103 = CIRCLE('',#4104,48.);
#4104 = AXIS2_PLACEMENT_3D('',#4105,#4106,#4107);
#4105 = CARTESIAN_POINT('',(0.,0.,0.));
#4106 = DIRECTION('',(0.,0.,1.));
#4107 = DIRECTION('',(1.,0.,0.));
#4108 = ORIENTED_EDGE('',*,*,#4007,.F.);
#4109 = ORIENTED_EDGE('',*,*,#4110,.T.);
#4110 = EDGE_CURVE('',#4008,#4111,#4113,.T.);
#4111 = VERTEX_POINT('',#4112);
#4112 = CARTESIAN_POINT('',(-3.074858845152E-12,44.,0.));
#4113 = CIRCLE('',#4114,44.);
#4114 = AXIS2_PLACEMENT_3D('',#4115,#4116,#4117);
#4115 = CARTESIAN_POINT('',(0.,0.,0.));
#4116 = DIRECTION('',(0.,0.,1.));
#4117 = DIRECTION('',(1.,0.,0.));
#4118 = ORIENTED_EDGE('',*,*,#4119,.T.);
#4119 = EDGE_CURVE('',#4111,#2939,#4120,.T.);
#4120 = CIRCLE('',#4121,44.);
#4121 = AXIS2_PLACEMENT_3D('',#4122,#4123,#4124);
#4122 = CARTESIAN_POINT('',(0.,0.,0.));
#4123 = DIRECTION('',(0.,0.,1.));
#4124 = DIRECTION('',(1.,0.,0.));
#4125 = ORIENTED_EDGE('',*,*,#2938,.T.);
#4126 = ORIENTED_EDGE('',*,*,#2630,.F.);
#4127 = ORIENTED_EDGE('',*,*,#2598,.T.);
#4128 = ORIENTED_EDGE('',*,*,#2575,.F.);
#4129 = ORIENTED_EDGE('',*,*,#2525,.F.);
#4130 = FACE_BOUND('',#4131,.T.);
#4131 = EDGE_LOOP('',(#4132,#4133));
#4132 = ORIENTED_EDGE('',*,*,#3924,.T.);
#4133 = ORIENTED_EDGE('',*,*,#3915,.T.);
#4134 = PLANE('',#4135);
#4135 = AXIS2_PLACEMENT_3D('',#4136,#4137,#4138);
#4136 = CARTESIAN_POINT('',(-1.089786694741E-13,40.368443240733,0.));
#4137 = DIRECTION('',(-0.,-0.,-1.));
#4138 = DIRECTION('',(-1.,0.,0.));
#4139 = ADVANCED_FACE('',(#4140,#4185),#4190,.T.);
#4140 = FACE_BOUND('',#4141,.T.);
#4141 = EDGE_LOOP('',(#4142,#4143,#4144,#4145,#4146,#4147,#4148,#4149,
    #4150,#4151,#4160,#4169,#4178));
#4142 = ORIENTED_EDGE('',*,*,#1623,.T.);
#4143 = ORIENTED_EDGE('',*,*,#1177,.F.);
#4144 = ORIENTED_EDGE('',*,*,#1647,.T.);
#4145 = ORIENTED_EDGE('',*,*,#2137,.F.);
#4146 = ORIENTED_EDGE('',*,*,#3625,.F.);
#4147 = ORIENTED_EDGE('',*,*,#3657,.T.);
#4148 = ORIENTED_EDGE('',*,*,#3145,.T.);
#4149 = ORIENTED_EDGE('',*,*,#2664,.F.);
#4150 = ORIENTED_EDGE('',*,*,#2882,.F.);
#4151 = ORIENTED_EDGE('',*,*,#4152,.T.);
#4152 = EDGE_CURVE('',#2883,#4153,#4155,.T.);
#4153 = VERTEX_POINT('',#4154);
#4154 = CARTESIAN_POINT('',(-43.,9.327379053092,0.));
#4155 = CIRCLE('',#4156,44.);
#4156 = AXIS2_PLACEMENT_3D('',#4157,#4158,#4159);
#4157 = CARTESIAN_POINT('',(0.,0.,0.));
#4158 = DIRECTION('',(0.,0.,1.));
#4159 = DIRECTION('',(1.,0.,0.));
#4160 = ORIENTED_EDGE('',*,*,#4161,.T.);
#4161 = EDGE_CURVE('',#4153,#4162,#4164,.T.);
#4162 = VERTEX_POINT('',#4163);
#4163 = CARTESIAN_POINT('',(-43.,-9.327379053086,0.));
#4164 = CIRCLE('',#4165,44.);
#4165 = AXIS2_PLACEMENT_3D('',#4166,#4167,#4168);
#4166 = CARTESIAN_POINT('',(0.,0.,0.));
#4167 = DIRECTION('',(0.,0.,1.));
#4168 = DIRECTION('',(1.,0.,0.));
#4169 = ORIENTED_EDGE('',*,*,#4170,.T.);
#4170 = EDGE_CURVE('',#4162,#4171,#4173,.T.);
#4171 = VERTEX_POINT('',#4172);
#4172 = CARTESIAN_POINT('',(-38.10511792407,-21.99999972709,0.));
#4173 = CIRCLE('',#4174,44.);
#4174 = AXIS2_PLACEMENT_3D('',#4175,#4176,#4177);
#4175 = CARTESIAN_POINT('',(0.,0.,0.));
#4176 = DIRECTION('',(0.,0.,1.));
#4177 = DIRECTION('',(1.,0.,0.));
#4178 = ORIENTED_EDGE('',*,*,#4179,.T.);
#4179 = EDGE_CURVE('',#4171,#1624,#4180,.T.);
#4180 = CIRCLE('',#4181,44.);
#4181 = AXIS2_PLACEMENT_3D('',#4182,#4183,#4184);
#4182 = CARTESIAN_POINT('',(0.,0.,0.));
#4183 = DIRECTION('',(0.,0.,1.));
#4184 = DIRECTION('',(1.,0.,0.));
#4185 = FACE_BOUND('',#4186,.T.);
#4186 = EDGE_LOOP('',(#4187,#4188,#4189));
#4187 = ORIENTED_EDGE('',*,*,#3989,.T.);
#4188 = ORIENTED_EDGE('',*,*,#3971,.T.);
#4189 = ORIENTED_EDGE('',*,*,#3980,.T.);
#4190 = PLANE('',#4191);
#4191 = AXIS2_PLACEMENT_3D('',#4192,#4193,#4194);
#4192 = CARTESIAN_POINT('',(-44.79289196033,-11.06422612834,0.));
#4193 = DIRECTION('',(-0.,-0.,-1.));
#4194 = DIRECTION('',(-1.,0.,0.));
#4195 = ADVANCED_FACE('',(#4196),#4222,.T.);
#4196 = FACE_BOUND('',#4197,.T.);
#4197 = EDGE_LOOP('',(#4198,#4199,#4200,#4201,#4202,#4203,#4204,#4205,
    #4206,#4207,#4208,#4209,#4210,#4211,#4218,#4219,#4220,#4221));
#4198 = ORIENTED_EDGE('',*,*,#3161,.F.);
#4199 = ORIENTED_EDGE('',*,*,#3664,.F.);
#4200 = ORIENTED_EDGE('',*,*,#3641,.T.);
#4201 = ORIENTED_EDGE('',*,*,#2120,.F.);
#4202 = ORIENTED_EDGE('',*,*,#2962,.F.);
#4203 = ORIENTED_EDGE('',*,*,#2742,.F.);
#4204 = ORIENTED_EDGE('',*,*,#2992,.F.);
#4205 = ORIENTED_EDGE('',*,*,#3594,.T.);
#4206 = ORIENTED_EDGE('',*,*,#3066,.F.);
#4207 = ORIENTED_EDGE('',*,*,#2715,.F.);
#4208 = ORIENTED_EDGE('',*,*,#3089,.F.);
#4209 = ORIENTED_EDGE('',*,*,#2356,.T.);
#4210 = ORIENTED_EDGE('',*,*,#3075,.F.);
#4211 = ORIENTED_EDGE('',*,*,#4212,.F.);
#4212 = EDGE_CURVE('',#3412,#3042,#4213,.T.);
#4213 = CIRCLE('',#4214,44.);
#4214 = AXIS2_PLACEMENT_3D('',#4215,#4216,#4217);
#4215 = CARTESIAN_POINT('',(0.,0.,46.));
#4216 = DIRECTION('',(0.,0.,1.));
#4217 = DIRECTION('',(1.,0.,0.));
#4218 = ORIENTED_EDGE('',*,*,#3411,.T.);
#4219 = ORIENTED_EDGE('',*,*,#2322,.F.);
#4220 = ORIENTED_EDGE('',*,*,#3128,.T.);
#4221 = ORIENTED_EDGE('',*,*,#2681,.F.);
#4222 = PLANE('',#4223);
#4223 = AXIS2_PLACEMENT_3D('',#4224,#4225,#4226);
#4224 = CARTESIAN_POINT('',(-49.33343048966,2.382726087436,46.));
#4225 = DIRECTION('',(0.,0.,1.));
#4226 = DIRECTION('',(1.,0.,0.));
#4227 = ADVANCED_FACE('',(#4228),#4291,.T.);
#4228 = FACE_BOUND('',#4229,.T.);
#4229 = EDGE_LOOP('',(#4230,#4231,#4240,#4248,#4257,#4265,#4274,#4282,
    #4289,#4290));
#4230 = ORIENTED_EDGE('',*,*,#218,.T.);
#4231 = ORIENTED_EDGE('',*,*,#4232,.T.);
#4232 = EDGE_CURVE('',#211,#4233,#4235,.T.);
#4233 = VERTEX_POINT('',#4234);
#4234 = CARTESIAN_POINT('',(47.362010092478,-7.800000000001,47.6));
#4235 = CIRCLE('',#4236,48.);
#4236 = AXIS2_PLACEMENT_3D('',#4237,#4238,#4239);
#4237 = CARTESIAN_POINT('',(0.,0.,47.6));
#4238 = DIRECTION('',(0.,0.,1.));
#4239 = DIRECTION('',(1.,0.,0.));
#4240 = ORIENTED_EDGE('',*,*,#4241,.F.);
#4241 = EDGE_CURVE('',#4242,#4233,#4244,.T.);
#4242 = VERTEX_POINT('',#4243);
#4243 = CARTESIAN_POINT('',(44.724937115663,-7.8,47.6));
#4244 = LINE('',#4245,#4246);
#4245 = CARTESIAN_POINT('',(38.,-7.8,47.6));
#4246 = VECTOR('',#4247,1.);
#4247 = DIRECTION('',(1.,0.,0.));
#4248 = ORIENTED_EDGE('',*,*,#4249,.T.);
#4249 = EDGE_CURVE('',#4242,#4250,#4252,.T.);
#4250 = VERTEX_POINT('',#4251);
#4251 = CARTESIAN_POINT('',(45.,-6.013318551349,47.6));
#4252 = CIRCLE('',#4253,45.4);
#4253 = AXIS2_PLACEMENT_3D('',#4254,#4255,#4256);
#4254 = CARTESIAN_POINT('',(0.,0.,47.6));
#4255 = DIRECTION('',(0.,0.,1.));
#4256 = DIRECTION('',(1.,0.,0.));
#4257 = ORIENTED_EDGE('',*,*,#4258,.T.);
#4258 = EDGE_CURVE('',#4250,#4259,#4261,.T.);
#4259 = VERTEX_POINT('',#4260);
#4260 = CARTESIAN_POINT('',(45.,6.013318551349,47.6));
#4261 = LINE('',#4262,#4263);
#4262 = CARTESIAN_POINT('',(45.,-13.,47.6));
#4263 = VECTOR('',#4264,1.);
#4264 = DIRECTION('',(0.,1.,0.));
#4265 = ORIENTED_EDGE('',*,*,#4266,.T.);
#4266 = EDGE_CURVE('',#4259,#4267,#4269,.T.);
#4267 = VERTEX_POINT('',#4268);
#4268 = CARTESIAN_POINT('',(44.724937115663,7.8,47.6));
#4269 = CIRCLE('',#4270,45.4);
#4270 = AXIS2_PLACEMENT_3D('',#4271,#4272,#4273);
#4271 = CARTESIAN_POINT('',(0.,0.,47.6));
#4272 = DIRECTION('',(0.,0.,1.));
#4273 = DIRECTION('',(1.,0.,0.));
#4274 = ORIENTED_EDGE('',*,*,#4275,.T.);
#4275 = EDGE_CURVE('',#4267,#4276,#4278,.T.);
#4276 = VERTEX_POINT('',#4277);
#4277 = CARTESIAN_POINT('',(47.362010092478,7.800000000001,47.6));
#4278 = LINE('',#4279,#4280);
#4279 = CARTESIAN_POINT('',(38.,7.8,47.6));
#4280 = VECTOR('',#4281,1.);
#4281 = DIRECTION('',(1.,0.,0.));
#4282 = ORIENTED_EDGE('',*,*,#4283,.T.);
#4283 = EDGE_CURVE('',#4276,#101,#4284,.T.);
#4284 = CIRCLE('',#4285,48.);
#4285 = AXIS2_PLACEMENT_3D('',#4286,#4287,#4288);
#4286 = CARTESIAN_POINT('',(0.,0.,47.6));
#4287 = DIRECTION('',(0.,0.,1.));
#4288 = DIRECTION('',(1.,0.,0.));
#4289 = ORIENTED_EDGE('',*,*,#108,.F.);
#4290 = ORIENTED_EDGE('',*,*,#249,.F.);
#4291 = PLANE('',#4292);
#4292 = AXIS2_PLACEMENT_3D('',#4293,#4294,#4295);
#4293 = CARTESIAN_POINT('',(46.740315248227,-1.007761775206E-14,47.6));
#4294 = DIRECTION('',(-0.,-0.,-1.));
#4295 = DIRECTION('',(-1.,0.,0.));
#4296 = ADVANCED_FACE('',(#4297),#4369,.T.);
#4297 = FACE_BOUND('',#4298,.T.);
#4298 = EDGE_LOOP('',(#4299,#4309,#4318,#4327,#4336,#4345,#4353,#4362));
#4299 = ORIENTED_EDGE('',*,*,#4300,.F.);
#4300 = EDGE_CURVE('',#4301,#4303,#4305,.T.);
#4301 = VERTEX_POINT('',#4302);
#4302 = CARTESIAN_POINT('',(43.303117670671,7.8,3.6));
#4303 = VERTEX_POINT('',#4304);
#4304 = CARTESIAN_POINT('',(47.362010092478,7.8,3.6));
#4305 = LINE('',#4306,#4307);
#4306 = CARTESIAN_POINT('',(38.,7.8,3.6));
#4307 = VECTOR('',#4308,1.);
#4308 = DIRECTION('',(1.,0.,0.));
#4309 = ORIENTED_EDGE('',*,*,#4310,.F.);
#4310 = EDGE_CURVE('',#4311,#4301,#4313,.T.);
#4311 = VERTEX_POINT('',#4312);
#4312 = CARTESIAN_POINT('',(43.486894577562,6.7,3.6));
#4313 = CIRCLE('',#4314,44.);
#4314 = AXIS2_PLACEMENT_3D('',#4315,#4316,#4317);
#4315 = CARTESIAN_POINT('',(0.,0.,3.6));
#4316 = DIRECTION('',(0.,0.,1.));
#4317 = DIRECTION('',(1.,0.,0.));
#4318 = ORIENTED_EDGE('',*,*,#4319,.F.);
#4319 = EDGE_CURVE('',#4320,#4311,#4322,.T.);
#4320 = VERTEX_POINT('',#4321);
#4321 = CARTESIAN_POINT('',(44.,-1.07768918325E-14,3.6));
#4322 = CIRCLE('',#4323,44.);
#4323 = AXIS2_PLACEMENT_3D('',#4324,#4325,#4326);
#4324 = CARTESIAN_POINT('',(0.,0.,3.6));
#4325 = DIRECTION('',(0.,0.,1.));
#4326 = DIRECTION('',(1.,0.,0.));
#4327 = ORIENTED_EDGE('',*,*,#4328,.F.);
#4328 = EDGE_CURVE('',#4329,#4320,#4331,.T.);
#4329 = VERTEX_POINT('',#4330);
#4330 = CARTESIAN_POINT('',(43.486894577562,-6.7,3.6));
#4331 = CIRCLE('',#4332,44.);
#4332 = AXIS2_PLACEMENT_3D('',#4333,#4334,#4335);
#4333 = CARTESIAN_POINT('',(0.,0.,3.6));
#4334 = DIRECTION('',(0.,0.,1.));
#4335 = DIRECTION('',(1.,0.,0.));
#4336 = ORIENTED_EDGE('',*,*,#4337,.F.);
#4337 = EDGE_CURVE('',#4338,#4329,#4340,.T.);
#4338 = VERTEX_POINT('',#4339);
#4339 = CARTESIAN_POINT('',(43.303117670671,-7.8,3.6));
#4340 = CIRCLE('',#4341,44.);
#4341 = AXIS2_PLACEMENT_3D('',#4342,#4343,#4344);
#4342 = CARTESIAN_POINT('',(0.,0.,3.6));
#4343 = DIRECTION('',(0.,0.,1.));
#4344 = DIRECTION('',(1.,0.,0.));
#4345 = ORIENTED_EDGE('',*,*,#4346,.T.);
#4346 = EDGE_CURVE('',#4338,#4347,#4349,.T.);
#4347 = VERTEX_POINT('',#4348);
#4348 = CARTESIAN_POINT('',(47.362010092478,-7.8,3.6));
#4349 = LINE('',#4350,#4351);
#4350 = CARTESIAN_POINT('',(38.,-7.8,3.6));
#4351 = VECTOR('',#4352,1.);
#4352 = DIRECTION('',(1.,0.,0.));
#4353 = ORIENTED_EDGE('',*,*,#4354,.T.);
#4354 = EDGE_CURVE('',#4347,#4355,#4357,.T.);
#4355 = VERTEX_POINT('',#4356);
#4356 = CARTESIAN_POINT('',(48.,-1.175660927181E-14,3.6));
#4357 = CIRCLE('',#4358,48.);
#4358 = AXIS2_PLACEMENT_3D('',#4359,#4360,#4361);
#4359 = CARTESIAN_POINT('',(0.,0.,3.6));
#4360 = DIRECTION('',(0.,0.,1.));
#4361 = DIRECTION('',(1.,0.,0.));
#4362 = ORIENTED_EDGE('',*,*,#4363,.T.);
#4363 = EDGE_CURVE('',#4355,#4303,#4364,.T.);
#4364 = CIRCLE('',#4365,48.);
#4365 = AXIS2_PLACEMENT_3D('',#4366,#4367,#4368);
#4366 = CARTESIAN_POINT('',(0.,0.,3.6));
#4367 = DIRECTION('',(0.,0.,1.));
#4368 = DIRECTION('',(1.,0.,0.));
#4369 = PLANE('',#4370);
#4370 = AXIS2_PLACEMENT_3D('',#4371,#4372,#4373);
#4371 = CARTESIAN_POINT('',(38.,-7.8,3.6));
#4372 = DIRECTION('',(0.,0.,1.));
#4373 = DIRECTION('',(1.,0.,0.));
#4374 = ADVANCED_FACE('',(#4375),#4407,.F.);
#4375 = FACE_BOUND('',#4376,.F.);
#4376 = EDGE_LOOP('',(#4377,#4378,#4386,#4394,#4400,#4401));
#4377 = ORIENTED_EDGE('',*,*,#4300,.F.);
#4378 = ORIENTED_EDGE('',*,*,#4379,.T.);
#4379 = EDGE_CURVE('',#4301,#4380,#4382,.T.);
#4380 = VERTEX_POINT('',#4381);
#4381 = CARTESIAN_POINT('',(43.303117670671,7.8,43.));
#4382 = LINE('',#4383,#4384);
#4383 = CARTESIAN_POINT('',(43.303117670671,7.8,-1.));
#4384 = VECTOR('',#4385,1.);
#4385 = DIRECTION('',(0.,0.,1.));
#4386 = ORIENTED_EDGE('',*,*,#4387,.F.);
#4387 = EDGE_CURVE('',#4388,#4380,#4390,.T.);
#4388 = VERTEX_POINT('',#4389);
#4389 = CARTESIAN_POINT('',(44.724937115663,7.8,43.));
#4390 = LINE('',#4391,#4392);
#4391 = CARTESIAN_POINT('',(19.,7.8,43.));
#4392 = VECTOR('',#4393,1.);
#4393 = DIRECTION('',(-1.,0.,0.));
#4394 = ORIENTED_EDGE('',*,*,#4395,.T.);
#4395 = EDGE_CURVE('',#4388,#4267,#4396,.T.);
#4396 = LINE('',#4397,#4398);
#4397 = CARTESIAN_POINT('',(44.724937115663,7.8,43.));
#4398 = VECTOR('',#4399,1.);
#4399 = DIRECTION('',(0.,0.,1.));
#4400 = ORIENTED_EDGE('',*,*,#4275,.T.);
#4401 = ORIENTED_EDGE('',*,*,#4402,.F.);
#4402 = EDGE_CURVE('',#4303,#4276,#4403,.T.);
#4403 = LINE('',#4404,#4405);
#4404 = CARTESIAN_POINT('',(47.362010092478,7.8,0.));
#4405 = VECTOR('',#4406,1.);
#4406 = DIRECTION('',(0.,0.,1.));
#4407 = PLANE('',#4408);
#4408 = AXIS2_PLACEMENT_3D('',#4409,#4410,#4411);
#4409 = CARTESIAN_POINT('',(38.,7.8,3.6));
#4410 = DIRECTION('',(0.,1.,0.));
#4411 = DIRECTION('',(0.,0.,1.));
#4412 = ADVANCED_FACE('',(#4413),#4487,.F.);
#4413 = FACE_BOUND('',#4414,.F.);
#4414 = EDGE_LOOP('',(#4415,#4425,#4434,#4442,#4448,#4457,#4464,#4472,
    #4480));
#4415 = ORIENTED_EDGE('',*,*,#4416,.T.);
#4416 = EDGE_CURVE('',#4417,#4419,#4421,.T.);
#4417 = VERTEX_POINT('',#4418);
#4418 = CARTESIAN_POINT('',(45.,-6.013318551349,57.));
#4419 = VERTEX_POINT('',#4420);
#4420 = CARTESIAN_POINT('',(45.,6.013318551349,57.));
#4421 = LINE('',#4422,#4423);
#4422 = CARTESIAN_POINT('',(45.,-6.5,57.));
#4423 = VECTOR('',#4424,1.);
#4424 = DIRECTION('',(0.,1.,0.));
#4425 = ORIENTED_EDGE('',*,*,#4426,.T.);
#4426 = EDGE_CURVE('',#4419,#4427,#4429,.T.);
#4427 = VERTEX_POINT('',#4428);
#4428 = CARTESIAN_POINT('',(8.,44.689596104686,57.));
#4429 = CIRCLE('',#4430,45.4);
#4430 = AXIS2_PLACEMENT_3D('',#4431,#4432,#4433);
#4431 = CARTESIAN_POINT('',(0.,0.,57.));
#4432 = DIRECTION('',(0.,0.,1.));
#4433 = DIRECTION('',(1.,0.,0.));
#4434 = ORIENTED_EDGE('',*,*,#4435,.T.);
#4435 = EDGE_CURVE('',#4427,#4436,#4438,.T.);
#4436 = VERTEX_POINT('',#4437);
#4437 = CARTESIAN_POINT('',(8.,44.,57.));
#4438 = LINE('',#4439,#4440);
#4439 = CARTESIAN_POINT('',(8.,22.,57.));
#4440 = VECTOR('',#4441,1.);
#4441 = DIRECTION('',(-1.110223024625E-16,-1.,0.));
#4442 = ORIENTED_EDGE('',*,*,#4443,.T.);
#4443 = EDGE_CURVE('',#4436,#2259,#4444,.T.);
#4444 = LINE('',#4445,#4446);
#4445 = CARTESIAN_POINT('',(4.,44.,57.));
#4446 = VECTOR('',#4447,1.);
#4447 = DIRECTION('',(-1.,1.110223024625E-16,0.));
#4448 = ORIENTED_EDGE('',*,*,#4449,.F.);
#4449 = EDGE_CURVE('',#4450,#2259,#4452,.T.);
#4450 = VERTEX_POINT('',#4451);
#4451 = CARTESIAN_POINT('',(44.,-1.07768918325E-14,57.));
#4452 = CIRCLE('',#4453,44.);
#4453 = AXIS2_PLACEMENT_3D('',#4454,#4455,#4456);
#4454 = CARTESIAN_POINT('',(0.,0.,57.));
#4455 = DIRECTION('',(0.,0.,1.));
#4456 = DIRECTION('',(1.,0.,0.));
#4457 = ORIENTED_EDGE('',*,*,#4458,.F.);
#4458 = EDGE_CURVE('',#855,#4450,#4459,.T.);
#4459 = CIRCLE('',#4460,44.);
#4460 = AXIS2_PLACEMENT_3D('',#4461,#4462,#4463);
#4461 = CARTESIAN_POINT('',(0.,0.,57.));
#4462 = DIRECTION('',(0.,0.,1.));
#4463 = DIRECTION('',(1.,0.,0.));
#4464 = ORIENTED_EDGE('',*,*,#4465,.T.);
#4465 = EDGE_CURVE('',#855,#4466,#4468,.T.);
#4466 = VERTEX_POINT('',#4467);
#4467 = CARTESIAN_POINT('',(42.105117766515,-15.07179676972,57.));
#4468 = LINE('',#4469,#4470);
#4469 = CARTESIAN_POINT('',(36.105117766515,-25.46410161513,57.));
#4470 = VECTOR('',#4471,1.);
#4471 = DIRECTION('',(0.5,0.866025403784,0.));
#4472 = ORIENTED_EDGE('',*,*,#4473,.F.);
#4473 = EDGE_CURVE('',#4474,#4466,#4476,.T.);
#4474 = VERTEX_POINT('',#4475);
#4475 = CARTESIAN_POINT('',(42.702325511524,-15.41659482206,57.));
#4476 = LINE('',#4477,#4478);
#4477 = CARTESIAN_POINT('',(23.052558883258,-4.071796769725,57.));
#4478 = VECTOR('',#4479,1.);
#4479 = DIRECTION('',(-0.866025403784,0.5,0.));
#4480 = ORIENTED_EDGE('',*,*,#4481,.T.);
#4481 = EDGE_CURVE('',#4474,#4417,#4482,.T.);
#4482 = CIRCLE('',#4483,45.4);
#4483 = AXIS2_PLACEMENT_3D('',#4484,#4485,#4486);
#4484 = CARTESIAN_POINT('',(0.,0.,57.));
#4485 = DIRECTION('',(0.,0.,1.));
#4486 = DIRECTION('',(1.,0.,0.));
#4487 = PLANE('',#4488);
#4488 = AXIS2_PLACEMENT_3D('',#4489,#4490,#4491);
#4489 = CARTESIAN_POINT('',(0.,0.,57.));
#4490 = DIRECTION('',(0.,0.,1.));
#4491 = DIRECTION('',(1.,0.,0.));
#4492 = ADVANCED_FACE('',(#4493,#4519,#4555),#4591,.F.);
#4493 = FACE_BOUND('',#4494,.F.);
#4494 = EDGE_LOOP('',(#4495,#4496,#4502,#4503,#4504,#4513));
#4495 = ORIENTED_EDGE('',*,*,#4426,.F.);
#4496 = ORIENTED_EDGE('',*,*,#4497,.F.);
#4497 = EDGE_CURVE('',#4259,#4419,#4498,.T.);
#4498 = LINE('',#4499,#4500);
#4499 = CARTESIAN_POINT('',(45.,6.013318551349,43.));
#4500 = VECTOR('',#4501,1.);
#4501 = DIRECTION('',(0.,0.,1.));
#4502 = ORIENTED_EDGE('',*,*,#4266,.T.);
#4503 = ORIENTED_EDGE('',*,*,#4395,.F.);
#4504 = ORIENTED_EDGE('',*,*,#4505,.T.);
#4505 = EDGE_CURVE('',#4388,#4506,#4508,.T.);
#4506 = VERTEX_POINT('',#4507);
#4507 = CARTESIAN_POINT('',(8.,44.689596104686,43.));
#4508 = CIRCLE('',#4509,45.4);
#4509 = AXIS2_PLACEMENT_3D('',#4510,#4511,#4512);
#4510 = CARTESIAN_POINT('',(0.,0.,43.));
#4511 = DIRECTION('',(0.,0.,1.));
#4512 = DIRECTION('',(1.,0.,0.));
#4513 = ORIENTED_EDGE('',*,*,#4514,.T.);
#4514 = EDGE_CURVE('',#4506,#4427,#4515,.T.);
#4515 = LINE('',#4516,#4517);
#4516 = CARTESIAN_POINT('',(8.,44.689596104686,43.));
#4517 = VECTOR('',#4518,1.);
#4518 = DIRECTION('',(0.,0.,1.));
#4519 = FACE_BOUND('',#4520,.F.);
#4520 = EDGE_LOOP('',(#4521,#4532,#4540,#4549));
#4521 = ORIENTED_EDGE('',*,*,#4522,.F.);
#4522 = EDGE_CURVE('',#4523,#4525,#4527,.T.);
#4523 = VERTEX_POINT('',#4524);
#4524 = CARTESIAN_POINT('',(34.153803856394,29.911163169275,46.));
#4525 = VERTEX_POINT('',#4526);
#4526 = CARTESIAN_POINT('',(29.911163169275,34.153803856394,46.));
#4527 = CIRCLE('',#4528,45.4);
#4528 = AXIS2_PLACEMENT_3D('',#4529,#4530,#4531);
#4529 = CARTESIAN_POINT('',(0.,0.,46.));
#4530 = DIRECTION('',(0.,0.,1.));
#4531 = DIRECTION('',(1.,0.,0.));
#4532 = ORIENTED_EDGE('',*,*,#4533,.T.);
#4533 = EDGE_CURVE('',#4523,#4534,#4536,.T.);
#4534 = VERTEX_POINT('',#4535);
#4535 = CARTESIAN_POINT('',(34.153803856394,29.911163169275,55.));
#4536 = LINE('',#4537,#4538);
#4537 = CARTESIAN_POINT('',(34.153803856394,29.911163169275,43.));
#4538 = VECTOR('',#4539,1.);
#4539 = DIRECTION('',(0.,0.,1.));
#4540 = ORIENTED_EDGE('',*,*,#4541,.T.);
#4541 = EDGE_CURVE('',#4534,#4542,#4544,.T.);
#4542 = VERTEX_POINT('',#4543);
#4543 = CARTESIAN_POINT('',(29.911163169275,34.153803856394,55.));
#4544 = CIRCLE('',#4545,45.4);
#4545 = AXIS2_PLACEMENT_3D('',#4546,#4547,#4548);
#4546 = CARTESIAN_POINT('',(0.,0.,55.));
#4547 = DIRECTION('',(0.,0.,1.));
#4548 = DIRECTION('',(1.,0.,0.));
#4549 = ORIENTED_EDGE('',*,*,#4550,.F.);
#4550 = EDGE_CURVE('',#4525,#4542,#4551,.T.);
#4551 = LINE('',#4552,#4553);
#4552 = CARTESIAN_POINT('',(29.911163169275,34.153803856394,43.));
#4553 = VECTOR('',#4554,1.);
#4554 = DIRECTION('',(0.,0.,1.));
#4555 = FACE_BOUND('',#4556,.F.);
#4556 = EDGE_LOOP('',(#4557,#4568,#4576,#4585));
#4557 = ORIENTED_EDGE('',*,*,#4558,.F.);
#4558 = EDGE_CURVE('',#4559,#4561,#4563,.T.);
#4559 = VERTEX_POINT('',#4560);
#4560 = CARTESIAN_POINT('',(25.248462521525,37.731619900279,46.));
#4561 = VERTEX_POINT('',#4562);
#4562 = CARTESIAN_POINT('',(20.052310098818,40.731619900279,46.));
#4563 = CIRCLE('',#4564,45.4);
#4564 = AXIS2_PLACEMENT_3D('',#4565,#4566,#4567);
#4565 = CARTESIAN_POINT('',(0.,0.,46.));
#4566 = DIRECTION('',(0.,0.,1.));
#4567 = DIRECTION('',(1.,0.,0.));
#4568 = ORIENTED_EDGE('',*,*,#4569,.T.);
#4569 = EDGE_CURVE('',#4559,#4570,#4572,.T.);
#4570 = VERTEX_POINT('',#4571);
#4571 = CARTESIAN_POINT('',(25.248462521525,37.731619900279,55.));
#4572 = LINE('',#4573,#4574);
#4573 = CARTESIAN_POINT('',(25.248462521525,37.731619900279,43.));
#4574 = VECTOR('',#4575,1.);
#4575 = DIRECTION('',(0.,0.,1.));
#4576 = ORIENTED_EDGE('',*,*,#4577,.T.);
#4577 = EDGE_CURVE('',#4570,#4578,#4580,.T.);
#4578 = VERTEX_POINT('',#4579);
#4579 = CARTESIAN_POINT('',(20.052310098818,40.731619900279,55.));
#4580 = CIRCLE('',#4581,45.4);
#4581 = AXIS2_PLACEMENT_3D('',#4582,#4583,#4584);
#4582 = CARTESIAN_POINT('',(0.,0.,55.));
#4583 = DIRECTION('',(0.,0.,1.));
#4584 = DIRECTION('',(1.,0.,0.));
#4585 = ORIENTED_EDGE('',*,*,#4586,.F.);
#4586 = EDGE_CURVE('',#4561,#4578,#4587,.T.);
#4587 = LINE('',#4588,#4589);
#4588 = CARTESIAN_POINT('',(20.052310098818,40.731619900279,43.));
#4589 = VECTOR('',#4590,1.);
#4590 = DIRECTION('',(0.,0.,1.));
#4591 = CYLINDRICAL_SURFACE('',#4592,45.4);
#4592 = AXIS2_PLACEMENT_3D('',#4593,#4594,#4595);
#4593 = CARTESIAN_POINT('',(0.,0.,43.));
#4594 = DIRECTION('',(0.,0.,1.));
#4595 = DIRECTION('',(1.,0.,0.));
#4596 = ADVANCED_FACE('',(#4597),#4623,.T.);
#4597 = FACE_BOUND('',#4598,.T.);
#4598 = EDGE_LOOP('',(#4599,#4607,#4608,#4616));
#4599 = ORIENTED_EDGE('',*,*,#4600,.F.);
#4600 = EDGE_CURVE('',#4525,#4601,#4603,.T.);
#4601 = VERTEX_POINT('',#4602);
#4602 = CARTESIAN_POINT('',(31.753449028349,35.996089715468,46.));
#4603 = LINE('',#4604,#4605);
#4604 = CARTESIAN_POINT('',(26.162950903902,30.405591591022,46.));
#4605 = VECTOR('',#4606,1.);
#4606 = DIRECTION('',(0.707106781187,0.707106781187,0.));
#4607 = ORIENTED_EDGE('',*,*,#4522,.F.);
#4608 = ORIENTED_EDGE('',*,*,#4609,.T.);
#4609 = EDGE_CURVE('',#4523,#4610,#4612,.T.);
#4610 = VERTEX_POINT('',#4611);
#4611 = CARTESIAN_POINT('',(35.996089715468,31.753449028349,46.));
#4612 = LINE('',#4613,#4614);
#4613 = CARTESIAN_POINT('',(30.405591591022,26.162950903902,46.));
#4614 = VECTOR('',#4615,1.);
#4615 = DIRECTION('',(0.707106781187,0.707106781187,0.));
#4616 = ORIENTED_EDGE('',*,*,#4617,.T.);
#4617 = EDGE_CURVE('',#4610,#4601,#4618,.T.);
#4618 = CIRCLE('',#4619,48.);
#4619 = AXIS2_PLACEMENT_3D('',#4620,#4621,#4622);
#4620 = CARTESIAN_POINT('',(0.,0.,46.));
#4621 = DIRECTION('',(0.,0.,1.));
#4622 = DIRECTION('',(1.,0.,0.));
#4623 = PLANE('',#4624);
#4624 = AXIS2_PLACEMENT_3D('',#4625,#4626,#4627);
#4625 = CARTESIAN_POINT('',(30.405591591022,26.162950903902,46.));
#4626 = DIRECTION('',(0.,0.,1.));
#4627 = DIRECTION('',(0.707106781187,0.707106781187,0.));
#4628 = ADVANCED_FACE('',(#4629),#4647,.T.);
#4629 = FACE_BOUND('',#4630,.T.);
#4630 = EDGE_LOOP('',(#4631,#4632,#4633,#4641));
#4631 = ORIENTED_EDGE('',*,*,#4609,.F.);
#4632 = ORIENTED_EDGE('',*,*,#4533,.T.);
#4633 = ORIENTED_EDGE('',*,*,#4634,.T.);
#4634 = EDGE_CURVE('',#4534,#4635,#4637,.T.);
#4635 = VERTEX_POINT('',#4636);
#4636 = CARTESIAN_POINT('',(35.996089715468,31.753449028349,55.));
#4637 = LINE('',#4638,#4639);
#4638 = CARTESIAN_POINT('',(30.405591591022,26.162950903902,55.));
#4639 = VECTOR('',#4640,1.);
#4640 = DIRECTION('',(0.707106781187,0.707106781187,0.));
#4641 = ORIENTED_EDGE('',*,*,#4642,.F.);
#4642 = EDGE_CURVE('',#4610,#4635,#4643,.T.);
#4643 = LINE('',#4644,#4645);
#4644 = CARTESIAN_POINT('',(35.996089715468,31.753449028349,0.));
#4645 = VECTOR('',#4646,1.);
#4646 = DIRECTION('',(0.,0.,1.));
#4647 = PLANE('',#4648);
#4648 = AXIS2_PLACEMENT_3D('',#4649,#4650,#4651);
#4649 = CARTESIAN_POINT('',(30.405591591022,26.162950903902,46.));
#4650 = DIRECTION('',(-0.707106781187,0.707106781187,0.));
#4651 = DIRECTION('',(0.,0.,1.));
#4652 = ADVANCED_FACE('',(#4653),#4671,.F.);
#4653 = FACE_BOUND('',#4654,.F.);
#4654 = EDGE_LOOP('',(#4655,#4656,#4657,#4665));
#4655 = ORIENTED_EDGE('',*,*,#4600,.F.);
#4656 = ORIENTED_EDGE('',*,*,#4550,.T.);
#4657 = ORIENTED_EDGE('',*,*,#4658,.T.);
#4658 = EDGE_CURVE('',#4542,#4659,#4661,.T.);
#4659 = VERTEX_POINT('',#4660);
#4660 = CARTESIAN_POINT('',(31.753449028349,35.996089715468,55.));
#4661 = LINE('',#4662,#4663);
#4662 = CARTESIAN_POINT('',(26.162950903902,30.405591591022,55.));
#4663 = VECTOR('',#4664,1.);
#4664 = DIRECTION('',(0.707106781187,0.707106781187,0.));
#4665 = ORIENTED_EDGE('',*,*,#4666,.F.);
#4666 = EDGE_CURVE('',#4601,#4659,#4667,.T.);
#4667 = LINE('',#4668,#4669);
#4668 = CARTESIAN_POINT('',(31.753449028349,35.996089715468,0.));
#4669 = VECTOR('',#4670,1.);
#4670 = DIRECTION('',(0.,0.,1.));
#4671 = PLANE('',#4672);
#4672 = AXIS2_PLACEMENT_3D('',#4673,#4674,#4675);
#4673 = CARTESIAN_POINT('',(26.162950903902,30.405591591022,46.));
#4674 = DIRECTION('',(-0.707106781187,0.707106781187,0.));
#4675 = DIRECTION('',(0.,0.,1.));
#4676 = ADVANCED_FACE('',(#4677),#4689,.F.);
#4677 = FACE_BOUND('',#4678,.F.);
#4678 = EDGE_LOOP('',(#4679,#4680,#4681,#4682));
#4679 = ORIENTED_EDGE('',*,*,#4658,.F.);
#4680 = ORIENTED_EDGE('',*,*,#4541,.F.);
#4681 = ORIENTED_EDGE('',*,*,#4634,.T.);
#4682 = ORIENTED_EDGE('',*,*,#4683,.T.);
#4683 = EDGE_CURVE('',#4635,#4659,#4684,.T.);
#4684 = CIRCLE('',#4685,48.);
#4685 = AXIS2_PLACEMENT_3D('',#4686,#4687,#4688);
#4686 = CARTESIAN_POINT('',(0.,0.,55.));
#4687 = DIRECTION('',(0.,0.,1.));
#4688 = DIRECTION('',(1.,0.,0.));
#4689 = PLANE('',#4690);
#4690 = AXIS2_PLACEMENT_3D('',#4691,#4692,#4693);
#4691 = CARTESIAN_POINT('',(30.405591591022,26.162950903902,55.));
#4692 = DIRECTION('',(0.,0.,1.));
#4693 = DIRECTION('',(0.707106781187,0.707106781187,0.));
#4694 = ADVANCED_FACE('',(#4695),#4721,.T.);
#4695 = FACE_BOUND('',#4696,.T.);
#4696 = EDGE_LOOP('',(#4697,#4705,#4706,#4714));
#4697 = ORIENTED_EDGE('',*,*,#4698,.F.);
#4698 = EDGE_CURVE('',#4561,#4699,#4701,.T.);
#4699 = VERTEX_POINT('',#4700);
#4700 = CARTESIAN_POINT('',(21.355002922654,42.987950057818,46.));
#4701 = LINE('',#4702,#4703);
#4702 = CARTESIAN_POINT('',(17.401923788647,36.141016151378,46.));
#4703 = VECTOR('',#4704,1.);
#4704 = DIRECTION('',(0.5,0.866025403784,0.));
#4705 = ORIENTED_EDGE('',*,*,#4558,.F.);
#4706 = ORIENTED_EDGE('',*,*,#4707,.T.);
#4707 = EDGE_CURVE('',#4559,#4708,#4710,.T.);
#4708 = VERTEX_POINT('',#4709);
#4709 = CARTESIAN_POINT('',(26.55115534536,39.987950057818,46.));
#4710 = LINE('',#4711,#4712);
#4711 = CARTESIAN_POINT('',(22.598076211353,33.141016151378,46.));
#4712 = VECTOR('',#4713,1.);
#4713 = DIRECTION('',(0.5,0.866025403784,0.));
#4714 = ORIENTED_EDGE('',*,*,#4715,.T.);
#4715 = EDGE_CURVE('',#4708,#4699,#4716,.T.);
#4716 = CIRCLE('',#4717,48.);
#4717 = AXIS2_PLACEMENT_3D('',#4718,#4719,#4720);
#4718 = CARTESIAN_POINT('',(0.,0.,46.));
#4719 = DIRECTION('',(0.,0.,1.));
#4720 = DIRECTION('',(1.,0.,0.));
#4721 = PLANE('',#4722);
#4722 = AXIS2_PLACEMENT_3D('',#4723,#4724,#4725);
#4723 = CARTESIAN_POINT('',(22.598076211353,33.141016151378,46.));
#4724 = DIRECTION('',(0.,0.,1.));
#4725 = DIRECTION('',(0.5,0.866025403784,0.));
#4726 = ADVANCED_FACE('',(#4727),#4745,.T.);
#4727 = FACE_BOUND('',#4728,.T.);
#4728 = EDGE_LOOP('',(#4729,#4730,#4731,#4739));
#4729 = ORIENTED_EDGE('',*,*,#4707,.F.);
#4730 = ORIENTED_EDGE('',*,*,#4569,.T.);
#4731 = ORIENTED_EDGE('',*,*,#4732,.T.);
#4732 = EDGE_CURVE('',#4570,#4733,#4735,.T.);
#4733 = VERTEX_POINT('',#4734);
#4734 = CARTESIAN_POINT('',(26.55115534536,39.987950057818,55.));
#4735 = LINE('',#4736,#4737);
#4736 = CARTESIAN_POINT('',(22.598076211353,33.141016151378,55.));
#4737 = VECTOR('',#4738,1.);
#4738 = DIRECTION('',(0.5,0.866025403784,0.));
#4739 = ORIENTED_EDGE('',*,*,#4740,.F.);
#4740 = EDGE_CURVE('',#4708,#4733,#4741,.T.);
#4741 = LINE('',#4742,#4743);
#4742 = CARTESIAN_POINT('',(26.55115534536,39.987950057818,0.));
#4743 = VECTOR('',#4744,1.);
#4744 = DIRECTION('',(0.,0.,1.));
#4745 = PLANE('',#4746);
#4746 = AXIS2_PLACEMENT_3D('',#4747,#4748,#4749);
#4747 = CARTESIAN_POINT('',(22.598076211353,33.141016151378,46.));
#4748 = DIRECTION('',(-0.866025403784,0.5,0.));
#4749 = DIRECTION('',(0.,0.,1.));
#4750 = ADVANCED_FACE('',(#4751),#4769,.F.);
#4751 = FACE_BOUND('',#4752,.F.);
#4752 = EDGE_LOOP('',(#4753,#4754,#4755,#4763));
#4753 = ORIENTED_EDGE('',*,*,#4698,.F.);
#4754 = ORIENTED_EDGE('',*,*,#4586,.T.);
#4755 = ORIENTED_EDGE('',*,*,#4756,.T.);
#4756 = EDGE_CURVE('',#4578,#4757,#4759,.T.);
#4757 = VERTEX_POINT('',#4758);
#4758 = CARTESIAN_POINT('',(21.355002922654,42.987950057818,55.));
#4759 = LINE('',#4760,#4761);
#4760 = CARTESIAN_POINT('',(17.401923788647,36.141016151378,55.));
#4761 = VECTOR('',#4762,1.);
#4762 = DIRECTION('',(0.5,0.866025403784,0.));
#4763 = ORIENTED_EDGE('',*,*,#4764,.F.);
#4764 = EDGE_CURVE('',#4699,#4757,#4765,.T.);
#4765 = LINE('',#4766,#4767);
#4766 = CARTESIAN_POINT('',(21.355002922654,42.987950057818,0.));
#4767 = VECTOR('',#4768,1.);
#4768 = DIRECTION('',(0.,0.,1.));
#4769 = PLANE('',#4770);
#4770 = AXIS2_PLACEMENT_3D('',#4771,#4772,#4773);
#4771 = CARTESIAN_POINT('',(17.401923788647,36.141016151378,46.));
#4772 = DIRECTION('',(-0.866025403784,0.5,0.));
#4773 = DIRECTION('',(0.,0.,1.));
#4774 = ADVANCED_FACE('',(#4775),#4787,.F.);
#4775 = FACE_BOUND('',#4776,.F.);
#4776 = EDGE_LOOP('',(#4777,#4778,#4779,#4780));
#4777 = ORIENTED_EDGE('',*,*,#4756,.F.);
#4778 = ORIENTED_EDGE('',*,*,#4577,.F.);
#4779 = ORIENTED_EDGE('',*,*,#4732,.T.);
#4780 = ORIENTED_EDGE('',*,*,#4781,.T.);
#4781 = EDGE_CURVE('',#4733,#4757,#4782,.T.);
#4782 = CIRCLE('',#4783,48.);
#4783 = AXIS2_PLACEMENT_3D('',#4784,#4785,#4786);
#4784 = CARTESIAN_POINT('',(0.,0.,55.));
#4785 = DIRECTION('',(0.,0.,1.));
#4786 = DIRECTION('',(1.,0.,0.));
#4787 = PLANE('',#4788);
#4788 = AXIS2_PLACEMENT_3D('',#4789,#4790,#4791);
#4789 = CARTESIAN_POINT('',(22.598076211353,33.141016151378,55.));
#4790 = DIRECTION('',(0.,0.,1.));
#4791 = DIRECTION('',(0.5,0.866025403784,0.));
#4792 = ADVANCED_FACE('',(#4793),#4825,.T.);
#4793 = FACE_BOUND('',#4794,.T.);
#4794 = EDGE_LOOP('',(#4795,#4796,#4804,#4812,#4818,#4819));
#4795 = ORIENTED_EDGE('',*,*,#4346,.F.);
#4796 = ORIENTED_EDGE('',*,*,#4797,.T.);
#4797 = EDGE_CURVE('',#4338,#4798,#4800,.T.);
#4798 = VERTEX_POINT('',#4799);
#4799 = CARTESIAN_POINT('',(43.303117670671,-7.8,43.));
#4800 = LINE('',#4801,#4802);
#4801 = CARTESIAN_POINT('',(43.303117670671,-7.8,-2.));
#4802 = VECTOR('',#4803,1.);
#4803 = DIRECTION('',(0.,0.,1.));
#4804 = ORIENTED_EDGE('',*,*,#4805,.F.);
#4805 = EDGE_CURVE('',#4806,#4798,#4808,.T.);
#4806 = VERTEX_POINT('',#4807);
#4807 = CARTESIAN_POINT('',(44.724937115663,-7.8,43.));
#4808 = LINE('',#4809,#4810);
#4809 = CARTESIAN_POINT('',(19.,-7.8,43.));
#4810 = VECTOR('',#4811,1.);
#4811 = DIRECTION('',(-1.,0.,0.));
#4812 = ORIENTED_EDGE('',*,*,#4813,.T.);
#4813 = EDGE_CURVE('',#4806,#4242,#4814,.T.);
#4814 = LINE('',#4815,#4816);
#4815 = CARTESIAN_POINT('',(44.724937115663,-7.8,43.));
#4816 = VECTOR('',#4817,1.);
#4817 = DIRECTION('',(0.,0.,1.));
#4818 = ORIENTED_EDGE('',*,*,#4241,.T.);
#4819 = ORIENTED_EDGE('',*,*,#4820,.F.);
#4820 = EDGE_CURVE('',#4347,#4233,#4821,.T.);
#4821 = LINE('',#4822,#4823);
#4822 = CARTESIAN_POINT('',(47.362010092478,-7.8,0.));
#4823 = VECTOR('',#4824,1.);
#4824 = DIRECTION('',(0.,0.,1.));
#4825 = PLANE('',#4826);
#4826 = AXIS2_PLACEMENT_3D('',#4827,#4828,#4829);
#4827 = CARTESIAN_POINT('',(38.,-7.8,3.6));
#4828 = DIRECTION('',(0.,1.,0.));
#4829 = DIRECTION('',(0.,0.,1.));
#4830 = ADVANCED_FACE('',(#4831),#4864,.T.);
#4831 = FACE_BOUND('',#4832,.T.);
#4832 = EDGE_LOOP('',(#4833,#4842,#4843,#4850,#4858));
#4833 = ORIENTED_EDGE('',*,*,#4834,.T.);
#4834 = EDGE_CURVE('',#4835,#4806,#4837,.T.);
#4835 = VERTEX_POINT('',#4836);
#4836 = CARTESIAN_POINT('',(42.702325511524,-15.41659482206,43.));
#4837 = CIRCLE('',#4838,45.4);
#4838 = AXIS2_PLACEMENT_3D('',#4839,#4840,#4841);
#4839 = CARTESIAN_POINT('',(0.,0.,43.));
#4840 = DIRECTION('',(0.,0.,1.));
#4841 = DIRECTION('',(1.,0.,0.));
#4842 = ORIENTED_EDGE('',*,*,#4805,.T.);
#4843 = ORIENTED_EDGE('',*,*,#4844,.F.);
#4844 = EDGE_CURVE('',#768,#4798,#4845,.T.);
#4845 = CIRCLE('',#4846,44.);
#4846 = AXIS2_PLACEMENT_3D('',#4847,#4848,#4849);
#4847 = CARTESIAN_POINT('',(0.,0.,43.));
#4848 = DIRECTION('',(0.,0.,1.));
#4849 = DIRECTION('',(1.,0.,0.));
#4850 = ORIENTED_EDGE('',*,*,#4851,.T.);
#4851 = EDGE_CURVE('',#768,#4852,#4854,.T.);
#4852 = VERTEX_POINT('',#4853);
#4853 = CARTESIAN_POINT('',(42.105117766515,-15.07179676972,43.));
#4854 = LINE('',#4855,#4856);
#4855 = CARTESIAN_POINT('',(36.105117766515,-25.46410161513,43.));
#4856 = VECTOR('',#4857,1.);
#4857 = DIRECTION('',(0.5,0.866025403784,0.));
#4858 = ORIENTED_EDGE('',*,*,#4859,.F.);
#4859 = EDGE_CURVE('',#4835,#4852,#4860,.T.);
#4860 = LINE('',#4861,#4862);
#4861 = CARTESIAN_POINT('',(23.052558883258,-4.071796769725,43.));
#4862 = VECTOR('',#4863,1.);
#4863 = DIRECTION('',(-0.866025403784,0.5,0.));
#4864 = PLANE('',#4865);
#4865 = AXIS2_PLACEMENT_3D('',#4866,#4867,#4868);
#4866 = CARTESIAN_POINT('',(0.,0.,43.));
#4867 = DIRECTION('',(0.,0.,1.));
#4868 = DIRECTION('',(1.,0.,0.));
#4869 = ADVANCED_FACE('',(#4870),#4895,.T.);
#4870 = FACE_BOUND('',#4871,.T.);
#4871 = EDGE_LOOP('',(#4872,#4873,#4874,#4882,#4888));
#4872 = ORIENTED_EDGE('',*,*,#4387,.F.);
#4873 = ORIENTED_EDGE('',*,*,#4505,.T.);
#4874 = ORIENTED_EDGE('',*,*,#4875,.T.);
#4875 = EDGE_CURVE('',#4506,#4876,#4878,.T.);
#4876 = VERTEX_POINT('',#4877);
#4877 = CARTESIAN_POINT('',(8.,44.,43.));
#4878 = LINE('',#4879,#4880);
#4879 = CARTESIAN_POINT('',(8.,22.,43.));
#4880 = VECTOR('',#4881,1.);
#4881 = DIRECTION('',(-1.110223024625E-16,-1.,0.));
#4882 = ORIENTED_EDGE('',*,*,#4883,.T.);
#4883 = EDGE_CURVE('',#4876,#2181,#4884,.T.);
#4884 = LINE('',#4885,#4886);
#4885 = CARTESIAN_POINT('',(4.,44.,43.));
#4886 = VECTOR('',#4887,1.);
#4887 = DIRECTION('',(-1.,1.110223024625E-16,0.));
#4888 = ORIENTED_EDGE('',*,*,#4889,.F.);
#4889 = EDGE_CURVE('',#4380,#2181,#4890,.T.);
#4890 = CIRCLE('',#4891,44.);
#4891 = AXIS2_PLACEMENT_3D('',#4892,#4893,#4894);
#4892 = CARTESIAN_POINT('',(0.,0.,43.));
#4893 = DIRECTION('',(0.,0.,1.));
#4894 = DIRECTION('',(1.,0.,0.));
#4895 = PLANE('',#4896);
#4896 = AXIS2_PLACEMENT_3D('',#4897,#4898,#4899);
#4897 = CARTESIAN_POINT('',(0.,0.,43.));
#4898 = DIRECTION('',(0.,0.,1.));
#4899 = DIRECTION('',(1.,0.,0.));
#4900 = ADVANCED_FACE('',(#4901),#4912,.F.);
#4901 = FACE_BOUND('',#4902,.F.);
#4902 = EDGE_LOOP('',(#4903,#4909,#4910,#4911));
#4903 = ORIENTED_EDGE('',*,*,#4904,.F.);
#4904 = EDGE_CURVE('',#4250,#4417,#4905,.T.);
#4905 = LINE('',#4906,#4907);
#4906 = CARTESIAN_POINT('',(45.,-6.013318551349,43.));
#4907 = VECTOR('',#4908,1.);
#4908 = DIRECTION('',(0.,0.,1.));
#4909 = ORIENTED_EDGE('',*,*,#4258,.T.);
#4910 = ORIENTED_EDGE('',*,*,#4497,.T.);
#4911 = ORIENTED_EDGE('',*,*,#4416,.F.);
#4912 = PLANE('',#4913);
#4913 = AXIS2_PLACEMENT_3D('',#4914,#4915,#4916);
#4914 = CARTESIAN_POINT('',(45.,-13.,47.6));
#4915 = DIRECTION('',(1.,0.,0.));
#4916 = DIRECTION('',(0.,0.,1.));
#4917 = ADVANCED_FACE('',(#4918),#4931,.F.);
#4918 = FACE_BOUND('',#4919,.F.);
#4919 = EDGE_LOOP('',(#4920,#4926,#4927,#4928,#4929,#4930));
#4920 = ORIENTED_EDGE('',*,*,#4921,.F.);
#4921 = EDGE_CURVE('',#4835,#4474,#4922,.T.);
#4922 = LINE('',#4923,#4924);
#4923 = CARTESIAN_POINT('',(42.702325511524,-15.41659482206,43.));
#4924 = VECTOR('',#4925,1.);
#4925 = DIRECTION('',(0.,0.,1.));
#4926 = ORIENTED_EDGE('',*,*,#4834,.T.);
#4927 = ORIENTED_EDGE('',*,*,#4813,.T.);
#4928 = ORIENTED_EDGE('',*,*,#4249,.T.);
#4929 = ORIENTED_EDGE('',*,*,#4904,.T.);
#4930 = ORIENTED_EDGE('',*,*,#4481,.F.);
#4931 = CYLINDRICAL_SURFACE('',#4932,45.4);
#4932 = AXIS2_PLACEMENT_3D('',#4933,#4934,#4935);
#4933 = CARTESIAN_POINT('',(0.,0.,43.));
#4934 = DIRECTION('',(0.,0.,1.));
#4935 = DIRECTION('',(1.,0.,0.));
#4936 = ADVANCED_FACE('',(#4937),#4948,.T.);
#4937 = FACE_BOUND('',#4938,.T.);
#4938 = EDGE_LOOP('',(#4939,#4940,#4946,#4947));
#4939 = ORIENTED_EDGE('',*,*,#4859,.T.);
#4940 = ORIENTED_EDGE('',*,*,#4941,.T.);
#4941 = EDGE_CURVE('',#4852,#4466,#4942,.T.);
#4942 = LINE('',#4943,#4944);
#4943 = CARTESIAN_POINT('',(42.105117766515,-15.07179676972,0.));
#4944 = VECTOR('',#4945,1.);
#4945 = DIRECTION('',(0.,0.,1.));
#4946 = ORIENTED_EDGE('',*,*,#4473,.F.);
#4947 = ORIENTED_EDGE('',*,*,#4921,.F.);
#4948 = PLANE('',#4949);
#4949 = AXIS2_PLACEMENT_3D('',#4950,#4951,#4952);
#4950 = CARTESIAN_POINT('',(42.105117766515,-15.07179676972,0.));
#4951 = DIRECTION('',(0.5,0.866025403784,0.));
#4952 = DIRECTION('',(0.,0.,1.));
#4953 = ADVANCED_FACE('',(#4954),#4965,.F.);
#4954 = FACE_BOUND('',#4955,.F.);
#4955 = EDGE_LOOP('',(#4956,#4957,#4963,#4964));
#4956 = ORIENTED_EDGE('',*,*,#4875,.T.);
#4957 = ORIENTED_EDGE('',*,*,#4958,.T.);
#4958 = EDGE_CURVE('',#4876,#4436,#4959,.T.);
#4959 = LINE('',#4960,#4961);
#4960 = CARTESIAN_POINT('',(8.,44.,0.));
#4961 = VECTOR('',#4962,1.);
#4962 = DIRECTION('',(0.,0.,1.));
#4963 = ORIENTED_EDGE('',*,*,#4435,.F.);
#4964 = ORIENTED_EDGE('',*,*,#4514,.F.);
#4965 = PLANE('',#4966);
#4966 = AXIS2_PLACEMENT_3D('',#4967,#4968,#4969);
#4967 = CARTESIAN_POINT('',(8.,44.,0.));
#4968 = DIRECTION('',(-1.,1.110223024625E-16,0.));
#4969 = DIRECTION('',(0.,0.,1.));
#4970 = ADVANCED_FACE('',(#4971),#4979,.F.);
#4971 = FACE_BOUND('',#4972,.T.);
#4972 = EDGE_LOOP('',(#4973,#4974,#4975,#4976,#4977,#4978));
#4973 = ORIENTED_EDGE('',*,*,#4465,.T.);
#4974 = ORIENTED_EDGE('',*,*,#4941,.F.);
#4975 = ORIENTED_EDGE('',*,*,#4851,.F.);
#4976 = ORIENTED_EDGE('',*,*,#765,.F.);
#4977 = ORIENTED_EDGE('',*,*,#824,.T.);
#4978 = ORIENTED_EDGE('',*,*,#854,.T.);
#4979 = PLANE('',#4980);
#4980 = AXIS2_PLACEMENT_3D('',#4981,#4982,#4983);
#4981 = CARTESIAN_POINT('',(34.105117766515,-28.92820323027,0.));
#4982 = DIRECTION('',(0.866025403784,-0.5,0.));
#4983 = DIRECTION('',(0.,0.,1.));
#4984 = ADVANCED_FACE('',(#4985),#4993,.F.);
#4985 = FACE_BOUND('',#4986,.T.);
#4986 = EDGE_LOOP('',(#4987,#4988,#4989,#4990,#4991,#4992));
#4987 = ORIENTED_EDGE('',*,*,#4958,.T.);
#4988 = ORIENTED_EDGE('',*,*,#4443,.T.);
#4989 = ORIENTED_EDGE('',*,*,#2267,.T.);
#4990 = ORIENTED_EDGE('',*,*,#2204,.F.);
#4991 = ORIENTED_EDGE('',*,*,#2189,.F.);
#4992 = ORIENTED_EDGE('',*,*,#4883,.F.);
#4993 = PLANE('',#4994);
#4994 = AXIS2_PLACEMENT_3D('',#4995,#4996,#4997);
#4995 = CARTESIAN_POINT('',(8.,44.,0.));
#4996 = DIRECTION('',(1.110223024625E-16,1.,0.));
#4997 = DIRECTION('',(0.,0.,1.));
#4998 = ADVANCED_FACE('',(#4999),#5007,.F.);
#4999 = FACE_BOUND('',#5000,.T.);
#5000 = EDGE_LOOP('',(#5001,#5002,#5003,#5004,#5005,#5006));
#5001 = ORIENTED_EDGE('',*,*,#871,.T.);
#5002 = ORIENTED_EDGE('',*,*,#2087,.F.);
#5003 = ORIENTED_EDGE('',*,*,#784,.F.);
#5004 = ORIENTED_EDGE('',*,*,#3390,.F.);
#5005 = ORIENTED_EDGE('',*,*,#2291,.T.);
#5006 = ORIENTED_EDGE('',*,*,#2252,.T.);
#5007 = PLANE('',#5008);
#5008 = AXIS2_PLACEMENT_3D('',#5009,#5010,#5011);
#5009 = CARTESIAN_POINT('',(-42.10511776651,-15.07179676972,0.));
#5010 = DIRECTION('',(-0.866025403784,-0.5,0.));
#5011 = DIRECTION('',(0.,0.,1.));
#5012 = ADVANCED_FACE('',(#5013,#5033,#5039),#5045,.T.);
#5013 = FACE_BOUND('',#5014,.T.);
#5014 = EDGE_LOOP('',(#5015,#5016,#5017,#5018,#5019,#5020,#5021,#5022,
    #5023,#5024,#5025,#5026,#5027,#5028,#5029,#5030,#5031,#5032));
#5015 = ORIENTED_EDGE('',*,*,#284,.T.);
#5016 = ORIENTED_EDGE('',*,*,#275,.T.);
#5017 = ORIENTED_EDGE('',*,*,#266,.T.);
#5018 = ORIENTED_EDGE('',*,*,#31,.F.);
#5019 = ORIENTED_EDGE('',*,*,#328,.T.);
#5020 = ORIENTED_EDGE('',*,*,#4088,.T.);
#5021 = ORIENTED_EDGE('',*,*,#4065,.T.);
#5022 = ORIENTED_EDGE('',*,*,#4033,.F.);
#5023 = ORIENTED_EDGE('',*,*,#4102,.T.);
#5024 = ORIENTED_EDGE('',*,*,#2535,.T.);
#5025 = ORIENTED_EDGE('',*,*,#3709,.F.);
#5026 = ORIENTED_EDGE('',*,*,#3753,.F.);
#5027 = ORIENTED_EDGE('',*,*,#3885,.F.);
#5028 = ORIENTED_EDGE('',*,*,#359,.T.);
#5029 = ORIENTED_EDGE('',*,*,#141,.T.);
#5030 = ORIENTED_EDGE('',*,*,#311,.T.);
#5031 = ORIENTED_EDGE('',*,*,#302,.T.);
#5032 = ORIENTED_EDGE('',*,*,#293,.T.);
#5033 = FACE_BOUND('',#5034,.T.);
#5034 = EDGE_LOOP('',(#5035,#5036,#5037,#5038));
#5035 = ORIENTED_EDGE('',*,*,#4683,.T.);
#5036 = ORIENTED_EDGE('',*,*,#4666,.F.);
#5037 = ORIENTED_EDGE('',*,*,#4617,.F.);
#5038 = ORIENTED_EDGE('',*,*,#4642,.T.);
#5039 = FACE_BOUND('',#5040,.T.);
#5040 = EDGE_LOOP('',(#5041,#5042,#5043,#5044));
#5041 = ORIENTED_EDGE('',*,*,#4781,.T.);
#5042 = ORIENTED_EDGE('',*,*,#4764,.F.);
#5043 = ORIENTED_EDGE('',*,*,#4715,.F.);
#5044 = ORIENTED_EDGE('',*,*,#4740,.T.);
#5045 = CYLINDRICAL_SURFACE('',#5046,48.);
#5046 = AXIS2_PLACEMENT_3D('',#5047,#5048,#5049);
#5047 = CARTESIAN_POINT('',(0.,0.,0.));
#5048 = DIRECTION('',(0.,0.,1.));
#5049 = DIRECTION('',(1.,0.,0.));
#5050 = ADVANCED_FACE('',(#5051),#5063,.T.);
#5051 = FACE_BOUND('',#5052,.T.);
#5052 = EDGE_LOOP('',(#5053,#5054,#5055,#5056,#5057,#5058,#5059,#5060,
    #5061,#5062));
#5053 = ORIENTED_EDGE('',*,*,#349,.T.);
#5054 = ORIENTED_EDGE('',*,*,#340,.T.);
#5055 = ORIENTED_EDGE('',*,*,#100,.T.);
#5056 = ORIENTED_EDGE('',*,*,#4283,.F.);
#5057 = ORIENTED_EDGE('',*,*,#4402,.F.);
#5058 = ORIENTED_EDGE('',*,*,#4363,.F.);
#5059 = ORIENTED_EDGE('',*,*,#4354,.F.);
#5060 = ORIENTED_EDGE('',*,*,#4820,.T.);
#5061 = ORIENTED_EDGE('',*,*,#4232,.F.);
#5062 = ORIENTED_EDGE('',*,*,#210,.F.);
#5063 = CYLINDRICAL_SURFACE('',#5064,48.);
#5064 = AXIS2_PLACEMENT_3D('',#5065,#5066,#5067);
#5065 = CARTESIAN_POINT('',(0.,0.,0.));
#5066 = DIRECTION('',(0.,0.,1.));
#5067 = DIRECTION('',(1.,0.,0.));
#5068 = ADVANCED_FACE('',(#5069),#5077,.T.);
#5069 = FACE_BOUND('',#5070,.T.);
#5070 = EDGE_LOOP('',(#5071,#5072,#5073,#5074,#5075,#5076));
#5071 = ORIENTED_EDGE('',*,*,#3727,.F.);
#5072 = ORIENTED_EDGE('',*,*,#1153,.F.);
#5073 = ORIENTED_EDGE('',*,*,#385,.T.);
#5074 = ORIENTED_EDGE('',*,*,#376,.T.);
#5075 = ORIENTED_EDGE('',*,*,#3892,.T.);
#5076 = ORIENTED_EDGE('',*,*,#3736,.F.);
#5077 = CYLINDRICAL_SURFACE('',#5078,8.);
#5078 = AXIS2_PLACEMENT_3D('',#5079,#5080,#5081);
#5079 = CARTESIAN_POINT('',(45.899346400575,-26.5,0.));
#5080 = DIRECTION('',(0.,0.,1.));
#5081 = DIRECTION('',(1.,0.,0.));
#5082 = ADVANCED_FACE('',(#5083),#5099,.F.);
#5083 = FACE_BOUND('',#5084,.F.);
#5084 = EDGE_LOOP('',(#5085,#5086,#5087,#5088,#5093,#5094,#5095,#5096,
    #5097,#5098));
#5085 = ORIENTED_EDGE('',*,*,#2258,.T.);
#5086 = ORIENTED_EDGE('',*,*,#862,.T.);
#5087 = ORIENTED_EDGE('',*,*,#4458,.T.);
#5088 = ORIENTED_EDGE('',*,*,#5089,.T.);
#5089 = EDGE_CURVE('',#4450,#3765,#5090,.T.);
#5090 = B_SPLINE_CURVE_WITH_KNOTS('',1,(#5091,#5092),.UNSPECIFIED.,.F.,
  .F.,(2,2),(58.,59.),.PIECEWISE_BEZIER_KNOTS.);
#5091 = CARTESIAN_POINT('',(44.,0.,57.));
#5092 = CARTESIAN_POINT('',(44.,0.,58.));
#5093 = ORIENTED_EDGE('',*,*,#3762,.F.);
#5094 = ORIENTED_EDGE('',*,*,#3773,.F.);
#5095 = ORIENTED_EDGE('',*,*,#3782,.F.);
#5096 = ORIENTED_EDGE('',*,*,#3791,.F.);
#5097 = ORIENTED_EDGE('',*,*,#5089,.F.);
#5098 = ORIENTED_EDGE('',*,*,#4449,.T.);
#5099 = CYLINDRICAL_SURFACE('',#5100,44.);
#5100 = AXIS2_PLACEMENT_3D('',#5101,#5102,#5103);
#5101 = CARTESIAN_POINT('',(0.,0.,-1.));
#5102 = DIRECTION('',(0.,0.,1.));
#5103 = DIRECTION('',(1.,0.,0.));
#5104 = ADVANCED_FACE('',(#5105,#5160),#5168,.F.);
#5105 = FACE_BOUND('',#5106,.F.);
#5106 = EDGE_LOOP('',(#5107,#5108,#5109,#5110,#5111,#5112,#5113,#5114,
    #5115,#5116,#5117,#5118,#5119,#5120,#5121,#5122,#5123,#5124,#5125,
    #5126,#5131,#5132,#5133,#5134,#5135,#5136,#5137,#5138,#5139,#5140,
    #5141,#5142,#5143,#5144,#5145,#5146,#5147,#5148,#5149,#5150,#5151,
    #5152,#5153,#5154,#5155,#5156,#5157,#5158,#5159));
#5107 = ORIENTED_EDGE('',*,*,#4797,.T.);
#5108 = ORIENTED_EDGE('',*,*,#4844,.F.);
#5109 = ORIENTED_EDGE('',*,*,#775,.F.);
#5110 = ORIENTED_EDGE('',*,*,#3396,.F.);
#5111 = ORIENTED_EDGE('',*,*,#3580,.T.);
#5112 = ORIENTED_EDGE('',*,*,#3562,.F.);
#5113 = ORIENTED_EDGE('',*,*,#3016,.T.);
#5114 = ORIENTED_EDGE('',*,*,#3530,.F.);
#5115 = ORIENTED_EDGE('',*,*,#3498,.T.);
#5116 = ORIENTED_EDGE('',*,*,#3466,.T.);
#5117 = ORIENTED_EDGE('',*,*,#3435,.T.);
#5118 = ORIENTED_EDGE('',*,*,#3039,.T.);
#5119 = ORIENTED_EDGE('',*,*,#4212,.F.);
#5120 = ORIENTED_EDGE('',*,*,#3419,.F.);
#5121 = ORIENTED_EDGE('',*,*,#2180,.F.);
#5122 = ORIENTED_EDGE('',*,*,#4889,.F.);
#5123 = ORIENTED_EDGE('',*,*,#4379,.F.);
#5124 = ORIENTED_EDGE('',*,*,#4310,.F.);
#5125 = ORIENTED_EDGE('',*,*,#4319,.F.);
#5126 = ORIENTED_EDGE('',*,*,#5127,.F.);
#5127 = EDGE_CURVE('',#447,#4320,#5128,.T.);
#5128 = B_SPLINE_CURVE_WITH_KNOTS('',1,(#5129,#5130),.UNSPECIFIED.,.F.,
  .F.,(2,2),(1.,4.6),.PIECEWISE_BEZIER_KNOTS.);
#5129 = CARTESIAN_POINT('',(44.,-1.07768918325E-14,0.));
#5130 = CARTESIAN_POINT('',(44.,-1.07768918325E-14,3.6));
#5131 = ORIENTED_EDGE('',*,*,#455,.T.);
#5132 = ORIENTED_EDGE('',*,*,#464,.T.);
#5133 = ORIENTED_EDGE('',*,*,#473,.T.);
#5134 = ORIENTED_EDGE('',*,*,#4081,.T.);
#5135 = ORIENTED_EDGE('',*,*,#4048,.T.);
#5136 = ORIENTED_EDGE('',*,*,#4017,.F.);
#5137 = ORIENTED_EDGE('',*,*,#4110,.T.);
#5138 = ORIENTED_EDGE('',*,*,#4119,.T.);
#5139 = ORIENTED_EDGE('',*,*,#2946,.T.);
#5140 = ORIENTED_EDGE('',*,*,#2914,.T.);
#5141 = ORIENTED_EDGE('',*,*,#2890,.F.);
#5142 = ORIENTED_EDGE('',*,*,#4152,.T.);
#5143 = ORIENTED_EDGE('',*,*,#4161,.T.);
#5144 = ORIENTED_EDGE('',*,*,#4170,.T.);
#5145 = ORIENTED_EDGE('',*,*,#4179,.T.);
#5146 = ORIENTED_EDGE('',*,*,#1631,.T.);
#5147 = ORIENTED_EDGE('',*,*,#1599,.T.);
#5148 = ORIENTED_EDGE('',*,*,#1575,.F.);
#5149 = ORIENTED_EDGE('',*,*,#1551,.T.);
#5150 = ORIENTED_EDGE('',*,*,#1533,.T.);
#5151 = ORIENTED_EDGE('',*,*,#1501,.T.);
#5152 = ORIENTED_EDGE('',*,*,#1477,.F.);
#5153 = ORIENTED_EDGE('',*,*,#419,.T.);
#5154 = ORIENTED_EDGE('',*,*,#428,.T.);
#5155 = ORIENTED_EDGE('',*,*,#437,.T.);
#5156 = ORIENTED_EDGE('',*,*,#446,.T.);
#5157 = ORIENTED_EDGE('',*,*,#5127,.T.);
#5158 = ORIENTED_EDGE('',*,*,#4328,.F.);
#5159 = ORIENTED_EDGE('',*,*,#4337,.F.);
#5160 = FACE_BOUND('',#5161,.F.);
#5161 = EDGE_LOOP('',(#5162,#5163,#5164,#5165,#5166,#5167));
#5162 = ORIENTED_EDGE('',*,*,#692,.T.);
#5163 = ORIENTED_EDGE('',*,*,#629,.T.);
#5164 = ORIENTED_EDGE('',*,*,#566,.T.);
#5165 = ORIENTED_EDGE('',*,*,#525,.T.);
#5166 = ORIENTED_EDGE('',*,*,#597,.T.);
#5167 = ORIENTED_EDGE('',*,*,#661,.F.);
#5168 = CYLINDRICAL_SURFACE('',#5169,44.);
#5169 = AXIS2_PLACEMENT_3D('',#5170,#5171,#5172);
#5170 = CARTESIAN_POINT('',(0.,0.,-1.));
#5171 = DIRECTION('',(0.,0.,1.));
#5172 = DIRECTION('',(1.,0.,0.));
#5173 = ( GEOMETRIC_REPRESENTATION_CONTEXT(3) 
GLOBAL_UNCERTAINTY_ASSIGNED_CONTEXT((#5177)) 
GLOBAL_UNIT_ASSIGNED_CONTEXT((#5174,#5175,#5176)) REPRESENTATION_CONTEXT
('Context #1','3D Context with UNIT and UNCERTAINTY') );
#5174 = ( LENGTH_UNIT() NAMED_UNIT(*) SI_UNIT(.MILLI.,.METRE.) );
#5175 = ( NAMED_UNIT(*) PLANE_ANGLE_UNIT() SI_UNIT($,.RADIAN.) );
#5176 = ( NAMED_UNIT(*) SI_UNIT($,.STERADIAN.) SOLID_ANGLE_UNIT() );
#5177 = UNCERTAINTY_MEASURE_WITH_UNIT(LENGTH_MEASURE(2.E-07),#5174,
  'distance_accuracy_value','confusion accuracy');
#5178 = PRODUCT_RELATED_PRODUCT_CATEGORY('part',$,(#7));
ENDSEC;
END-ISO-10303-21;
