ISO-10303-21;
HEADER;
FILE_DESCRIPTION(('FreeCAD Model'),'2;1');
FILE_NAME('Open CASCADE Shape Model','2026-08-27T04:41:05',('FreeCAD'),(
    'FreeCAD'),'Open CASCADE STEP processor 7.8','FreeCAD','Unknown');
FILE_SCHEMA(('AUTOMOTIVE_DESIGN { 1 0 10303 214 1 1 1 1 }'));
ENDSEC;
DATA;
#1 = APPLICATION_PROTOCOL_DEFINITION('international standard',
  'automotive_design',2000,#2);
#2 = APPLICATION_CONTEXT(
  'core data for automotive mechanical design processes');
#3 = SHAPE_DEFINITION_REPRESENTATION(#4,#10);
#4 = PRODUCT_DEFINITION_SHAPE('','',#5);
#5 = PRODUCT_DEFINITION('design','',#6,#9);
#6 = PRODUCT_DEFINITION_FORMATION('','',#7);
#7 = PRODUCT('Open CASCADE STEP translator 7.8 6',
  'Open CASCADE STEP translator 7.8 6','',(#8));
#8 = PRODUCT_CONTEXT('',#2,'mechanical');
#9 = PRODUCT_DEFINITION_CONTEXT('part definition',#2,'design');
#10 = ADVANCED_BREP_SHAPE_REPRESENTATION('',(#11,#15),#2811);
#11 = AXIS2_PLACEMENT_3D('',#12,#13,#14);
#12 = CARTESIAN_POINT('',(0.,0.,0.));
#13 = DIRECTION('',(0.,0.,1.));
#14 = DIRECTION('',(1.,0.,-0.));
#15 = MANIFOLD_SOLID_BREP('',#16);
#16 = CLOSED_SHELL('',(#17,#57,#88,#119,#193,#233,#264,#295,#326,#357,
    #379,#410,#475,#506,#548,#570,#601,#643,#665,#677,#694,#706,#723,
    #1091,#1138,#1178,#1218,#1251,#1268,#1309,#1326,#1367,#1384,#1425,
    #1442,#1483,#1492,#1501,#1510,#1519,#1566,#1606,#1646,#1679,#1696,
    #1737,#1754,#1795,#1812,#1853,#1870,#1911,#1920,#1929,#1938,#1947,
    #1978,#2002,#2026,#2043,#2074,#2098,#2122,#2139,#2170,#2194,#2218,
    #2235,#2266,#2290,#2314,#2331,#2362,#2386,#2410,#2427,#2458,#2482,
    #2506,#2523,#2554,#2578,#2602,#2619,#2650,#2674,#2698,#2715));
#17 = ADVANCED_FACE('',(#18),#52,.T.);
#18 = FACE_BOUND('',#19,.T.);
#19 = EDGE_LOOP('',(#20,#30,#38,#46));
#20 = ORIENTED_EDGE('',*,*,#21,.F.);
#21 = EDGE_CURVE('',#22,#24,#26,.T.);
#22 = VERTEX_POINT('',#23);
#23 = CARTESIAN_POINT('',(-18.,3.,32.));
#24 = VERTEX_POINT('',#25);
#25 = CARTESIAN_POINT('',(18.,3.,32.));
#26 = LINE('',#27,#28);
#27 = CARTESIAN_POINT('',(-30.,3.,32.));
#28 = VECTOR('',#29,1.);
#29 = DIRECTION('',(1.,0.,0.));
#30 = ORIENTED_EDGE('',*,*,#31,.F.);
#31 = EDGE_CURVE('',#32,#22,#34,.T.);
#32 = VERTEX_POINT('',#33);
#33 = CARTESIAN_POINT('',(-18.,0.,32.));
#34 = LINE('',#35,#36);
#35 = CARTESIAN_POINT('',(-18.,0.,32.));
#36 = VECTOR('',#37,1.);
#37 = DIRECTION('',(0.,1.,0.));
#38 = ORIENTED_EDGE('',*,*,#39,.T.);
#39 = EDGE_CURVE('',#32,#40,#42,.T.);
#40 = VERTEX_POINT('',#41);
#41 = CARTESIAN_POINT('',(18.,0.,32.));
#42 = LINE('',#43,#44);
#43 = CARTESIAN_POINT('',(-30.,0.,32.));
#44 = VECTOR('',#45,1.);
#45 = DIRECTION('',(1.,0.,0.));
#46 = ORIENTED_EDGE('',*,*,#47,.T.);
#47 = EDGE_CURVE('',#40,#24,#48,.T.);
#48 = LINE('',#49,#50);
#49 = CARTESIAN_POINT('',(18.,0.,32.));
#50 = VECTOR('',#51,1.);
#51 = DIRECTION('',(0.,1.,0.));
#52 = PLANE('',#53);
#53 = AXIS2_PLACEMENT_3D('',#54,#55,#56);
#54 = CARTESIAN_POINT('',(-30.,0.,32.));
#55 = DIRECTION('',(0.,0.,1.));
#56 = DIRECTION('',(1.,0.,0.));
#57 = ADVANCED_FACE('',(#58),#83,.F.);
#58 = FACE_BOUND('',#59,.F.);
#59 = EDGE_LOOP('',(#60,#68,#69,#77));
#60 = ORIENTED_EDGE('',*,*,#61,.F.);
#61 = EDGE_CURVE('',#40,#62,#64,.T.);
#62 = VERTEX_POINT('',#63);
#63 = CARTESIAN_POINT('',(18.,0.,56.));
#64 = LINE('',#65,#66);
#65 = CARTESIAN_POINT('',(18.,0.,32.));
#66 = VECTOR('',#67,1.);
#67 = DIRECTION('',(0.,0.,1.));
#68 = ORIENTED_EDGE('',*,*,#47,.T.);
#69 = ORIENTED_EDGE('',*,*,#70,.T.);
#70 = EDGE_CURVE('',#24,#71,#73,.T.);
#71 = VERTEX_POINT('',#72);
#72 = CARTESIAN_POINT('',(18.,3.,56.));
#73 = LINE('',#74,#75);
#74 = CARTESIAN_POINT('',(18.,3.,32.));
#75 = VECTOR('',#76,1.);
#76 = DIRECTION('',(0.,0.,1.));
#77 = ORIENTED_EDGE('',*,*,#78,.F.);
#78 = EDGE_CURVE('',#62,#71,#79,.T.);
#79 = LINE('',#80,#81);
#80 = CARTESIAN_POINT('',(18.,0.,56.));
#81 = VECTOR('',#82,1.);
#82 = DIRECTION('',(0.,1.,0.));
#83 = PLANE('',#84);
#84 = AXIS2_PLACEMENT_3D('',#85,#86,#87);
#85 = CARTESIAN_POINT('',(18.,0.,32.));
#86 = DIRECTION('',(1.,0.,0.));
#87 = DIRECTION('',(0.,0.,1.));
#88 = ADVANCED_FACE('',(#89),#114,.T.);
#89 = FACE_BOUND('',#90,.T.);
#90 = EDGE_LOOP('',(#91,#99,#100,#108));
#91 = ORIENTED_EDGE('',*,*,#92,.F.);
#92 = EDGE_CURVE('',#32,#93,#95,.T.);
#93 = VERTEX_POINT('',#94);
#94 = CARTESIAN_POINT('',(-18.,0.,56.));
#95 = LINE('',#96,#97);
#96 = CARTESIAN_POINT('',(-18.,0.,32.));
#97 = VECTOR('',#98,1.);
#98 = DIRECTION('',(0.,0.,1.));
#99 = ORIENTED_EDGE('',*,*,#31,.T.);
#100 = ORIENTED_EDGE('',*,*,#101,.T.);
#101 = EDGE_CURVE('',#22,#102,#104,.T.);
#102 = VERTEX_POINT('',#103);
#103 = CARTESIAN_POINT('',(-18.,3.,56.));
#104 = LINE('',#105,#106);
#105 = CARTESIAN_POINT('',(-18.,3.,32.));
#106 = VECTOR('',#107,1.);
#107 = DIRECTION('',(0.,0.,1.));
#108 = ORIENTED_EDGE('',*,*,#109,.F.);
#109 = EDGE_CURVE('',#93,#102,#110,.T.);
#110 = LINE('',#111,#112);
#111 = CARTESIAN_POINT('',(-18.,0.,56.));
#112 = VECTOR('',#113,1.);
#113 = DIRECTION('',(0.,1.,0.));
#114 = PLANE('',#115);
#115 = AXIS2_PLACEMENT_3D('',#116,#117,#118);
#116 = CARTESIAN_POINT('',(-18.,0.,32.));
#117 = DIRECTION('',(1.,0.,0.));
#118 = DIRECTION('',(0.,0.,1.));
#119 = ADVANCED_FACE('',(#120,#177),#188,.F.);
#120 = FACE_BOUND('',#121,.F.);
#121 = EDGE_LOOP('',(#122,#132,#140,#148,#156,#162,#163,#171));
#122 = ORIENTED_EDGE('',*,*,#123,.F.);
#123 = EDGE_CURVE('',#124,#126,#128,.T.);
#124 = VERTEX_POINT('',#125);
#125 = CARTESIAN_POINT('',(-28.,17.,56.));
#126 = VERTEX_POINT('',#127);
#127 = CARTESIAN_POINT('',(-14.,17.,56.));
#128 = LINE('',#129,#130);
#129 = CARTESIAN_POINT('',(-28.,17.,56.));
#130 = VECTOR('',#131,1.);
#131 = DIRECTION('',(1.,0.,0.));
#132 = ORIENTED_EDGE('',*,*,#133,.F.);
#133 = EDGE_CURVE('',#134,#124,#136,.T.);
#134 = VERTEX_POINT('',#135);
#135 = CARTESIAN_POINT('',(-28.,0.,56.));
#136 = LINE('',#137,#138);
#137 = CARTESIAN_POINT('',(-28.,0.,56.));
#138 = VECTOR('',#139,1.);
#139 = DIRECTION('',(0.,1.,0.));
#140 = ORIENTED_EDGE('',*,*,#141,.T.);
#141 = EDGE_CURVE('',#134,#142,#144,.T.);
#142 = VERTEX_POINT('',#143);
#143 = CARTESIAN_POINT('',(-26.,0.,56.));
#144 = LINE('',#145,#146);
#145 = CARTESIAN_POINT('',(-28.,0.,56.));
#146 = VECTOR('',#147,1.);
#147 = DIRECTION('',(1.,0.,0.));
#148 = ORIENTED_EDGE('',*,*,#149,.T.);
#149 = EDGE_CURVE('',#142,#150,#152,.T.);
#150 = VERTEX_POINT('',#151);
#151 = CARTESIAN_POINT('',(-26.,3.,56.));
#152 = LINE('',#153,#154);
#153 = CARTESIAN_POINT('',(-26.,0.,56.));
#154 = VECTOR('',#155,1.);
#155 = DIRECTION('',(0.,1.,0.));
#156 = ORIENTED_EDGE('',*,*,#157,.T.);
#157 = EDGE_CURVE('',#150,#102,#158,.T.);
#158 = LINE('',#159,#160);
#159 = CARTESIAN_POINT('',(-26.,3.,56.));
#160 = VECTOR('',#161,1.);
#161 = DIRECTION('',(1.,0.,0.));
#162 = ORIENTED_EDGE('',*,*,#109,.F.);
#163 = ORIENTED_EDGE('',*,*,#164,.T.);
#164 = EDGE_CURVE('',#93,#165,#167,.T.);
#165 = VERTEX_POINT('',#166);
#166 = CARTESIAN_POINT('',(-14.,0.,56.));
#167 = LINE('',#168,#169);
#168 = CARTESIAN_POINT('',(-28.,0.,56.));
#169 = VECTOR('',#170,1.);
#170 = DIRECTION('',(1.,0.,0.));
#171 = ORIENTED_EDGE('',*,*,#172,.T.);
#172 = EDGE_CURVE('',#165,#126,#173,.T.);
#173 = LINE('',#174,#175);
#174 = CARTESIAN_POINT('',(-14.,0.,56.));
#175 = VECTOR('',#176,1.);
#176 = DIRECTION('',(0.,1.,0.));
#177 = FACE_BOUND('',#178,.F.);
#178 = EDGE_LOOP('',(#179));
#179 = ORIENTED_EDGE('',*,*,#180,.F.);
#180 = EDGE_CURVE('',#181,#181,#183,.T.);
#181 = VERTEX_POINT('',#182);
#182 = CARTESIAN_POINT('',(-19.75,9.5,56.));
#183 = CIRCLE('',#184,1.25);
#184 = AXIS2_PLACEMENT_3D('',#185,#186,#187);
#185 = CARTESIAN_POINT('',(-21.,9.5,56.));
#186 = DIRECTION('',(0.,0.,1.));
#187 = DIRECTION('',(1.,0.,0.));
#188 = PLANE('',#189);
#189 = AXIS2_PLACEMENT_3D('',#190,#191,#192);
#190 = CARTESIAN_POINT('',(-28.,0.,56.));
#191 = DIRECTION('',(0.,0.,1.));
#192 = DIRECTION('',(1.,0.,0.));
#193 = ADVANCED_FACE('',(#194),#228,.F.);
#194 = FACE_BOUND('',#195,.F.);
#195 = EDGE_LOOP('',(#196,#206,#214,#222));
#196 = ORIENTED_EDGE('',*,*,#197,.F.);
#197 = EDGE_CURVE('',#198,#200,#202,.T.);
#198 = VERTEX_POINT('',#199);
#199 = CARTESIAN_POINT('',(-30.,0.,0.));
#200 = VERTEX_POINT('',#201);
#201 = CARTESIAN_POINT('',(-30.,0.,32.));
#202 = LINE('',#203,#204);
#203 = CARTESIAN_POINT('',(-30.,0.,0.));
#204 = VECTOR('',#205,1.);
#205 = DIRECTION('',(0.,0.,1.));
#206 = ORIENTED_EDGE('',*,*,#207,.T.);
#207 = EDGE_CURVE('',#198,#208,#210,.T.);
#208 = VERTEX_POINT('',#209);
#209 = CARTESIAN_POINT('',(-30.,3.,0.));
#210 = LINE('',#211,#212);
#211 = CARTESIAN_POINT('',(-30.,0.,0.));
#212 = VECTOR('',#213,1.);
#213 = DIRECTION('',(0.,1.,0.));
#214 = ORIENTED_EDGE('',*,*,#215,.T.);
#215 = EDGE_CURVE('',#208,#216,#218,.T.);
#216 = VERTEX_POINT('',#217);
#217 = CARTESIAN_POINT('',(-30.,3.,32.));
#218 = LINE('',#219,#220);
#219 = CARTESIAN_POINT('',(-30.,3.,0.));
#220 = VECTOR('',#221,1.);
#221 = DIRECTION('',(0.,0.,1.));
#222 = ORIENTED_EDGE('',*,*,#223,.F.);
#223 = EDGE_CURVE('',#200,#216,#224,.T.);
#224 = LINE('',#225,#226);
#225 = CARTESIAN_POINT('',(-30.,0.,32.));
#226 = VECTOR('',#227,1.);
#227 = DIRECTION('',(0.,1.,0.));
#228 = PLANE('',#229);
#229 = AXIS2_PLACEMENT_3D('',#230,#231,#232);
#230 = CARTESIAN_POINT('',(-30.,0.,0.));
#231 = DIRECTION('',(1.,0.,0.));
#232 = DIRECTION('',(0.,0.,1.));
#233 = ADVANCED_FACE('',(#234),#259,.T.);
#234 = FACE_BOUND('',#235,.T.);
#235 = EDGE_LOOP('',(#236,#244,#245,#253));
#236 = ORIENTED_EDGE('',*,*,#237,.F.);
#237 = EDGE_CURVE('',#216,#238,#240,.T.);
#238 = VERTEX_POINT('',#239);
#239 = CARTESIAN_POINT('',(-26.,3.,32.));
#240 = LINE('',#241,#242);
#241 = CARTESIAN_POINT('',(-30.,3.,32.));
#242 = VECTOR('',#243,1.);
#243 = DIRECTION('',(1.,0.,0.));
#244 = ORIENTED_EDGE('',*,*,#223,.F.);
#245 = ORIENTED_EDGE('',*,*,#246,.T.);
#246 = EDGE_CURVE('',#200,#247,#249,.T.);
#247 = VERTEX_POINT('',#248);
#248 = CARTESIAN_POINT('',(-26.,0.,32.));
#249 = LINE('',#250,#251);
#250 = CARTESIAN_POINT('',(-30.,0.,32.));
#251 = VECTOR('',#252,1.);
#252 = DIRECTION('',(1.,0.,0.));
#253 = ORIENTED_EDGE('',*,*,#254,.T.);
#254 = EDGE_CURVE('',#247,#238,#255,.T.);
#255 = LINE('',#256,#257);
#256 = CARTESIAN_POINT('',(-26.,0.,32.));
#257 = VECTOR('',#258,1.);
#258 = DIRECTION('',(0.,1.,0.));
#259 = PLANE('',#260);
#260 = AXIS2_PLACEMENT_3D('',#261,#262,#263);
#261 = CARTESIAN_POINT('',(-30.,0.,32.));
#262 = DIRECTION('',(0.,0.,1.));
#263 = DIRECTION('',(1.,0.,0.));
#264 = ADVANCED_FACE('',(#265),#290,.F.);
#265 = FACE_BOUND('',#266,.F.);
#266 = EDGE_LOOP('',(#267,#268,#276,#284));
#267 = ORIENTED_EDGE('',*,*,#207,.F.);
#268 = ORIENTED_EDGE('',*,*,#269,.T.);
#269 = EDGE_CURVE('',#198,#270,#272,.T.);
#270 = VERTEX_POINT('',#271);
#271 = CARTESIAN_POINT('',(30.,0.,0.));
#272 = LINE('',#273,#274);
#273 = CARTESIAN_POINT('',(-30.,0.,0.));
#274 = VECTOR('',#275,1.);
#275 = DIRECTION('',(1.,0.,0.));
#276 = ORIENTED_EDGE('',*,*,#277,.T.);
#277 = EDGE_CURVE('',#270,#278,#280,.T.);
#278 = VERTEX_POINT('',#279);
#279 = CARTESIAN_POINT('',(30.,3.,0.));
#280 = LINE('',#281,#282);
#281 = CARTESIAN_POINT('',(30.,0.,0.));
#282 = VECTOR('',#283,1.);
#283 = DIRECTION('',(0.,1.,0.));
#284 = ORIENTED_EDGE('',*,*,#285,.F.);
#285 = EDGE_CURVE('',#208,#278,#286,.T.);
#286 = LINE('',#287,#288);
#287 = CARTESIAN_POINT('',(-30.,3.,0.));
#288 = VECTOR('',#289,1.);
#289 = DIRECTION('',(1.,0.,0.));
#290 = PLANE('',#291);
#291 = AXIS2_PLACEMENT_3D('',#292,#293,#294);
#292 = CARTESIAN_POINT('',(-30.,0.,0.));
#293 = DIRECTION('',(0.,0.,1.));
#294 = DIRECTION('',(1.,0.,0.));
#295 = ADVANCED_FACE('',(#296),#321,.T.);
#296 = FACE_BOUND('',#297,.T.);
#297 = EDGE_LOOP('',(#298,#306,#307,#315));
#298 = ORIENTED_EDGE('',*,*,#299,.F.);
#299 = EDGE_CURVE('',#270,#300,#302,.T.);
#300 = VERTEX_POINT('',#301);
#301 = CARTESIAN_POINT('',(30.,0.,32.));
#302 = LINE('',#303,#304);
#303 = CARTESIAN_POINT('',(30.,0.,0.));
#304 = VECTOR('',#305,1.);
#305 = DIRECTION('',(0.,0.,1.));
#306 = ORIENTED_EDGE('',*,*,#277,.T.);
#307 = ORIENTED_EDGE('',*,*,#308,.T.);
#308 = EDGE_CURVE('',#278,#309,#311,.T.);
#309 = VERTEX_POINT('',#310);
#310 = CARTESIAN_POINT('',(30.,3.,32.));
#311 = LINE('',#312,#313);
#312 = CARTESIAN_POINT('',(30.,3.,0.));
#313 = VECTOR('',#314,1.);
#314 = DIRECTION('',(0.,0.,1.));
#315 = ORIENTED_EDGE('',*,*,#316,.F.);
#316 = EDGE_CURVE('',#300,#309,#317,.T.);
#317 = LINE('',#318,#319);
#318 = CARTESIAN_POINT('',(30.,0.,32.));
#319 = VECTOR('',#320,1.);
#320 = DIRECTION('',(0.,1.,0.));
#321 = PLANE('',#322);
#322 = AXIS2_PLACEMENT_3D('',#323,#324,#325);
#323 = CARTESIAN_POINT('',(30.,0.,0.));
#324 = DIRECTION('',(1.,0.,0.));
#325 = DIRECTION('',(0.,0.,1.));
#326 = ADVANCED_FACE('',(#327),#352,.T.);
#327 = FACE_BOUND('',#328,.T.);
#328 = EDGE_LOOP('',(#329,#337,#345,#351));
#329 = ORIENTED_EDGE('',*,*,#330,.F.);
#330 = EDGE_CURVE('',#331,#309,#333,.T.);
#331 = VERTEX_POINT('',#332);
#332 = CARTESIAN_POINT('',(26.,3.,32.));
#333 = LINE('',#334,#335);
#334 = CARTESIAN_POINT('',(-30.,3.,32.));
#335 = VECTOR('',#336,1.);
#336 = DIRECTION('',(1.,0.,0.));
#337 = ORIENTED_EDGE('',*,*,#338,.F.);
#338 = EDGE_CURVE('',#339,#331,#341,.T.);
#339 = VERTEX_POINT('',#340);
#340 = CARTESIAN_POINT('',(26.,0.,32.));
#341 = LINE('',#342,#343);
#342 = CARTESIAN_POINT('',(26.,0.,32.));
#343 = VECTOR('',#344,1.);
#344 = DIRECTION('',(0.,1.,0.));
#345 = ORIENTED_EDGE('',*,*,#346,.T.);
#346 = EDGE_CURVE('',#339,#300,#347,.T.);
#347 = LINE('',#348,#349);
#348 = CARTESIAN_POINT('',(-30.,0.,32.));
#349 = VECTOR('',#350,1.);
#350 = DIRECTION('',(1.,0.,0.));
#351 = ORIENTED_EDGE('',*,*,#316,.T.);
#352 = PLANE('',#353);
#353 = AXIS2_PLACEMENT_3D('',#354,#355,#356);
#354 = CARTESIAN_POINT('',(-30.,0.,32.));
#355 = DIRECTION('',(0.,0.,1.));
#356 = DIRECTION('',(1.,0.,0.));
#357 = ADVANCED_FACE('',(#358),#374,.F.);
#358 = FACE_BOUND('',#359,.F.);
#359 = EDGE_LOOP('',(#360,#366,#367,#373));
#360 = ORIENTED_EDGE('',*,*,#361,.F.);
#361 = EDGE_CURVE('',#247,#142,#362,.T.);
#362 = LINE('',#363,#364);
#363 = CARTESIAN_POINT('',(-26.,0.,32.));
#364 = VECTOR('',#365,1.);
#365 = DIRECTION('',(0.,0.,1.));
#366 = ORIENTED_EDGE('',*,*,#254,.T.);
#367 = ORIENTED_EDGE('',*,*,#368,.T.);
#368 = EDGE_CURVE('',#238,#150,#369,.T.);
#369 = LINE('',#370,#371);
#370 = CARTESIAN_POINT('',(-26.,3.,32.));
#371 = VECTOR('',#372,1.);
#372 = DIRECTION('',(0.,0.,1.));
#373 = ORIENTED_EDGE('',*,*,#149,.F.);
#374 = PLANE('',#375);
#375 = AXIS2_PLACEMENT_3D('',#376,#377,#378);
#376 = CARTESIAN_POINT('',(-26.,0.,32.));
#377 = DIRECTION('',(1.,0.,0.));
#378 = DIRECTION('',(0.,0.,1.));
#379 = ADVANCED_FACE('',(#380),#405,.T.);
#380 = FACE_BOUND('',#381,.T.);
#381 = EDGE_LOOP('',(#382,#390,#391,#399));
#382 = ORIENTED_EDGE('',*,*,#383,.F.);
#383 = EDGE_CURVE('',#339,#384,#386,.T.);
#384 = VERTEX_POINT('',#385);
#385 = CARTESIAN_POINT('',(26.,0.,56.));
#386 = LINE('',#387,#388);
#387 = CARTESIAN_POINT('',(26.,0.,32.));
#388 = VECTOR('',#389,1.);
#389 = DIRECTION('',(0.,0.,1.));
#390 = ORIENTED_EDGE('',*,*,#338,.T.);
#391 = ORIENTED_EDGE('',*,*,#392,.T.);
#392 = EDGE_CURVE('',#331,#393,#395,.T.);
#393 = VERTEX_POINT('',#394);
#394 = CARTESIAN_POINT('',(26.,3.,56.));
#395 = LINE('',#396,#397);
#396 = CARTESIAN_POINT('',(26.,3.,32.));
#397 = VECTOR('',#398,1.);
#398 = DIRECTION('',(0.,0.,1.));
#399 = ORIENTED_EDGE('',*,*,#400,.F.);
#400 = EDGE_CURVE('',#384,#393,#401,.T.);
#401 = LINE('',#402,#403);
#402 = CARTESIAN_POINT('',(26.,0.,56.));
#403 = VECTOR('',#404,1.);
#404 = DIRECTION('',(0.,1.,0.));
#405 = PLANE('',#406);
#406 = AXIS2_PLACEMENT_3D('',#407,#408,#409);
#407 = CARTESIAN_POINT('',(26.,0.,32.));
#408 = DIRECTION('',(1.,0.,0.));
#409 = DIRECTION('',(0.,0.,1.));
#410 = ADVANCED_FACE('',(#411,#459),#470,.F.);
#411 = FACE_BOUND('',#412,.F.);
#412 = EDGE_LOOP('',(#413,#423,#431,#437,#438,#444,#445,#453));
#413 = ORIENTED_EDGE('',*,*,#414,.F.);
#414 = EDGE_CURVE('',#415,#417,#419,.T.);
#415 = VERTEX_POINT('',#416);
#416 = CARTESIAN_POINT('',(14.,17.,56.));
#417 = VERTEX_POINT('',#418);
#418 = CARTESIAN_POINT('',(28.,17.,56.));
#419 = LINE('',#420,#421);
#420 = CARTESIAN_POINT('',(14.,17.,56.));
#421 = VECTOR('',#422,1.);
#422 = DIRECTION('',(1.,0.,0.));
#423 = ORIENTED_EDGE('',*,*,#424,.F.);
#424 = EDGE_CURVE('',#425,#415,#427,.T.);
#425 = VERTEX_POINT('',#426);
#426 = CARTESIAN_POINT('',(14.,0.,56.));
#427 = LINE('',#428,#429);
#428 = CARTESIAN_POINT('',(14.,0.,56.));
#429 = VECTOR('',#430,1.);
#430 = DIRECTION('',(0.,1.,0.));
#431 = ORIENTED_EDGE('',*,*,#432,.T.);
#432 = EDGE_CURVE('',#425,#62,#433,.T.);
#433 = LINE('',#434,#435);
#434 = CARTESIAN_POINT('',(14.,0.,56.));
#435 = VECTOR('',#436,1.);
#436 = DIRECTION('',(1.,0.,0.));
#437 = ORIENTED_EDGE('',*,*,#78,.T.);
#438 = ORIENTED_EDGE('',*,*,#439,.T.);
#439 = EDGE_CURVE('',#71,#393,#440,.T.);
#440 = LINE('',#441,#442);
#441 = CARTESIAN_POINT('',(18.,3.,56.));
#442 = VECTOR('',#443,1.);
#443 = DIRECTION('',(1.,0.,0.));
#444 = ORIENTED_EDGE('',*,*,#400,.F.);
#445 = ORIENTED_EDGE('',*,*,#446,.T.);
#446 = EDGE_CURVE('',#384,#447,#449,.T.);
#447 = VERTEX_POINT('',#448);
#448 = CARTESIAN_POINT('',(28.,0.,56.));
#449 = LINE('',#450,#451);
#450 = CARTESIAN_POINT('',(14.,0.,56.));
#451 = VECTOR('',#452,1.);
#452 = DIRECTION('',(1.,0.,0.));
#453 = ORIENTED_EDGE('',*,*,#454,.T.);
#454 = EDGE_CURVE('',#447,#417,#455,.T.);
#455 = LINE('',#456,#457);
#456 = CARTESIAN_POINT('',(28.,0.,56.));
#457 = VECTOR('',#458,1.);
#458 = DIRECTION('',(0.,1.,0.));
#459 = FACE_BOUND('',#460,.F.);
#460 = EDGE_LOOP('',(#461));
#461 = ORIENTED_EDGE('',*,*,#462,.F.);
#462 = EDGE_CURVE('',#463,#463,#465,.T.);
#463 = VERTEX_POINT('',#464);
#464 = CARTESIAN_POINT('',(22.25,9.5,56.));
#465 = CIRCLE('',#466,1.25);
#466 = AXIS2_PLACEMENT_3D('',#467,#468,#469);
#467 = CARTESIAN_POINT('',(21.,9.5,56.));
#468 = DIRECTION('',(0.,0.,1.));
#469 = DIRECTION('',(1.,0.,0.));
#470 = PLANE('',#471);
#471 = AXIS2_PLACEMENT_3D('',#472,#473,#474);
#472 = CARTESIAN_POINT('',(14.,0.,56.));
#473 = DIRECTION('',(0.,0.,1.));
#474 = DIRECTION('',(1.,0.,0.));
#475 = ADVANCED_FACE('',(#476),#501,.T.);
#476 = FACE_BOUND('',#477,.T.);
#477 = EDGE_LOOP('',(#478,#486,#487,#495));
#478 = ORIENTED_EDGE('',*,*,#479,.F.);
#479 = EDGE_CURVE('',#447,#480,#482,.T.);
#480 = VERTEX_POINT('',#481);
#481 = CARTESIAN_POINT('',(28.,0.,64.));
#482 = LINE('',#483,#484);
#483 = CARTESIAN_POINT('',(28.,0.,56.));
#484 = VECTOR('',#485,1.);
#485 = DIRECTION('',(0.,0.,1.));
#486 = ORIENTED_EDGE('',*,*,#454,.T.);
#487 = ORIENTED_EDGE('',*,*,#488,.T.);
#488 = EDGE_CURVE('',#417,#489,#491,.T.);
#489 = VERTEX_POINT('',#490);
#490 = CARTESIAN_POINT('',(28.,17.,64.));
#491 = LINE('',#492,#493);
#492 = CARTESIAN_POINT('',(28.,17.,56.));
#493 = VECTOR('',#494,1.);
#494 = DIRECTION('',(0.,0.,1.));
#495 = ORIENTED_EDGE('',*,*,#496,.F.);
#496 = EDGE_CURVE('',#480,#489,#497,.T.);
#497 = LINE('',#498,#499);
#498 = CARTESIAN_POINT('',(28.,0.,64.));
#499 = VECTOR('',#500,1.);
#500 = DIRECTION('',(0.,1.,0.));
#501 = PLANE('',#502);
#502 = AXIS2_PLACEMENT_3D('',#503,#504,#505);
#503 = CARTESIAN_POINT('',(28.,0.,56.));
#504 = DIRECTION('',(1.,0.,0.));
#505 = DIRECTION('',(0.,0.,1.));
#506 = ADVANCED_FACE('',(#507,#532),#543,.T.);
#507 = FACE_BOUND('',#508,.T.);
#508 = EDGE_LOOP('',(#509,#519,#525,#526));
#509 = ORIENTED_EDGE('',*,*,#510,.F.);
#510 = EDGE_CURVE('',#511,#513,#515,.T.);
#511 = VERTEX_POINT('',#512);
#512 = CARTESIAN_POINT('',(14.,0.,64.));
#513 = VERTEX_POINT('',#514);
#514 = CARTESIAN_POINT('',(14.,17.,64.));
#515 = LINE('',#516,#517);
#516 = CARTESIAN_POINT('',(14.,0.,64.));
#517 = VECTOR('',#518,1.);
#518 = DIRECTION('',(0.,1.,0.));
#519 = ORIENTED_EDGE('',*,*,#520,.T.);
#520 = EDGE_CURVE('',#511,#480,#521,.T.);
#521 = LINE('',#522,#523);
#522 = CARTESIAN_POINT('',(14.,0.,64.));
#523 = VECTOR('',#524,1.);
#524 = DIRECTION('',(1.,0.,0.));
#525 = ORIENTED_EDGE('',*,*,#496,.T.);
#526 = ORIENTED_EDGE('',*,*,#527,.F.);
#527 = EDGE_CURVE('',#513,#489,#528,.T.);
#528 = LINE('',#529,#530);
#529 = CARTESIAN_POINT('',(14.,17.,64.));
#530 = VECTOR('',#531,1.);
#531 = DIRECTION('',(1.,0.,0.));
#532 = FACE_BOUND('',#533,.T.);
#533 = EDGE_LOOP('',(#534));
#534 = ORIENTED_EDGE('',*,*,#535,.F.);
#535 = EDGE_CURVE('',#536,#536,#538,.T.);
#536 = VERTEX_POINT('',#537);
#537 = CARTESIAN_POINT('',(22.25,9.5,64.));
#538 = CIRCLE('',#539,1.25);
#539 = AXIS2_PLACEMENT_3D('',#540,#541,#542);
#540 = CARTESIAN_POINT('',(21.,9.5,64.));
#541 = DIRECTION('',(0.,0.,1.));
#542 = DIRECTION('',(1.,0.,0.));
#543 = PLANE('',#544);
#544 = AXIS2_PLACEMENT_3D('',#545,#546,#547);
#545 = CARTESIAN_POINT('',(14.,0.,64.));
#546 = DIRECTION('',(0.,0.,1.));
#547 = DIRECTION('',(1.,0.,0.));
#548 = ADVANCED_FACE('',(#549),#565,.F.);
#549 = FACE_BOUND('',#550,.F.);
#550 = EDGE_LOOP('',(#551,#557,#558,#564));
#551 = ORIENTED_EDGE('',*,*,#552,.F.);
#552 = EDGE_CURVE('',#425,#511,#553,.T.);
#553 = LINE('',#554,#555);
#554 = CARTESIAN_POINT('',(14.,0.,56.));
#555 = VECTOR('',#556,1.);
#556 = DIRECTION('',(0.,0.,1.));
#557 = ORIENTED_EDGE('',*,*,#424,.T.);
#558 = ORIENTED_EDGE('',*,*,#559,.T.);
#559 = EDGE_CURVE('',#415,#513,#560,.T.);
#560 = LINE('',#561,#562);
#561 = CARTESIAN_POINT('',(14.,17.,56.));
#562 = VECTOR('',#563,1.);
#563 = DIRECTION('',(0.,0.,1.));
#564 = ORIENTED_EDGE('',*,*,#510,.F.);
#565 = PLANE('',#566);
#566 = AXIS2_PLACEMENT_3D('',#567,#568,#569);
#567 = CARTESIAN_POINT('',(14.,0.,56.));
#568 = DIRECTION('',(1.,0.,0.));
#569 = DIRECTION('',(0.,0.,1.));
#570 = ADVANCED_FACE('',(#571),#596,.T.);
#571 = FACE_BOUND('',#572,.T.);
#572 = EDGE_LOOP('',(#573,#581,#582,#590));
#573 = ORIENTED_EDGE('',*,*,#574,.F.);
#574 = EDGE_CURVE('',#165,#575,#577,.T.);
#575 = VERTEX_POINT('',#576);
#576 = CARTESIAN_POINT('',(-14.,0.,64.));
#577 = LINE('',#578,#579);
#578 = CARTESIAN_POINT('',(-14.,0.,56.));
#579 = VECTOR('',#580,1.);
#580 = DIRECTION('',(0.,0.,1.));
#581 = ORIENTED_EDGE('',*,*,#172,.T.);
#582 = ORIENTED_EDGE('',*,*,#583,.T.);
#583 = EDGE_CURVE('',#126,#584,#586,.T.);
#584 = VERTEX_POINT('',#585);
#585 = CARTESIAN_POINT('',(-14.,17.,64.));
#586 = LINE('',#587,#588);
#587 = CARTESIAN_POINT('',(-14.,17.,56.));
#588 = VECTOR('',#589,1.);
#589 = DIRECTION('',(0.,0.,1.));
#590 = ORIENTED_EDGE('',*,*,#591,.F.);
#591 = EDGE_CURVE('',#575,#584,#592,.T.);
#592 = LINE('',#593,#594);
#593 = CARTESIAN_POINT('',(-14.,0.,64.));
#594 = VECTOR('',#595,1.);
#595 = DIRECTION('',(0.,1.,0.));
#596 = PLANE('',#597);
#597 = AXIS2_PLACEMENT_3D('',#598,#599,#600);
#598 = CARTESIAN_POINT('',(-14.,0.,56.));
#599 = DIRECTION('',(1.,0.,0.));
#600 = DIRECTION('',(0.,0.,1.));
#601 = ADVANCED_FACE('',(#602,#627),#638,.T.);
#602 = FACE_BOUND('',#603,.T.);
#603 = EDGE_LOOP('',(#604,#614,#620,#621));
#604 = ORIENTED_EDGE('',*,*,#605,.F.);
#605 = EDGE_CURVE('',#606,#608,#610,.T.);
#606 = VERTEX_POINT('',#607);
#607 = CARTESIAN_POINT('',(-28.,0.,64.));
#608 = VERTEX_POINT('',#609);
#609 = CARTESIAN_POINT('',(-28.,17.,64.));
#610 = LINE('',#611,#612);
#611 = CARTESIAN_POINT('',(-28.,0.,64.));
#612 = VECTOR('',#613,1.);
#613 = DIRECTION('',(0.,1.,0.));
#614 = ORIENTED_EDGE('',*,*,#615,.T.);
#615 = EDGE_CURVE('',#606,#575,#616,.T.);
#616 = LINE('',#617,#618);
#617 = CARTESIAN_POINT('',(-28.,0.,64.));
#618 = VECTOR('',#619,1.);
#619 = DIRECTION('',(1.,0.,0.));
#620 = ORIENTED_EDGE('',*,*,#591,.T.);
#621 = ORIENTED_EDGE('',*,*,#622,.F.);
#622 = EDGE_CURVE('',#608,#584,#623,.T.);
#623 = LINE('',#624,#625);
#624 = CARTESIAN_POINT('',(-28.,17.,64.));
#625 = VECTOR('',#626,1.);
#626 = DIRECTION('',(1.,0.,0.));
#627 = FACE_BOUND('',#628,.T.);
#628 = EDGE_LOOP('',(#629));
#629 = ORIENTED_EDGE('',*,*,#630,.F.);
#630 = EDGE_CURVE('',#631,#631,#633,.T.);
#631 = VERTEX_POINT('',#632);
#632 = CARTESIAN_POINT('',(-19.75,9.5,64.));
#633 = CIRCLE('',#634,1.25);
#634 = AXIS2_PLACEMENT_3D('',#635,#636,#637);
#635 = CARTESIAN_POINT('',(-21.,9.5,64.));
#636 = DIRECTION('',(0.,0.,1.));
#637 = DIRECTION('',(1.,0.,0.));
#638 = PLANE('',#639);
#639 = AXIS2_PLACEMENT_3D('',#640,#641,#642);
#640 = CARTESIAN_POINT('',(-28.,0.,64.));
#641 = DIRECTION('',(0.,0.,1.));
#642 = DIRECTION('',(1.,0.,0.));
#643 = ADVANCED_FACE('',(#644),#660,.F.);
#644 = FACE_BOUND('',#645,.F.);
#645 = EDGE_LOOP('',(#646,#652,#653,#659));
#646 = ORIENTED_EDGE('',*,*,#647,.F.);
#647 = EDGE_CURVE('',#134,#606,#648,.T.);
#648 = LINE('',#649,#650);
#649 = CARTESIAN_POINT('',(-28.,0.,56.));
#650 = VECTOR('',#651,1.);
#651 = DIRECTION('',(0.,0.,1.));
#652 = ORIENTED_EDGE('',*,*,#133,.T.);
#653 = ORIENTED_EDGE('',*,*,#654,.T.);
#654 = EDGE_CURVE('',#124,#608,#655,.T.);
#655 = LINE('',#656,#657);
#656 = CARTESIAN_POINT('',(-28.,17.,56.));
#657 = VECTOR('',#658,1.);
#658 = DIRECTION('',(0.,0.,1.));
#659 = ORIENTED_EDGE('',*,*,#605,.F.);
#660 = PLANE('',#661);
#661 = AXIS2_PLACEMENT_3D('',#662,#663,#664);
#662 = CARTESIAN_POINT('',(-28.,0.,56.));
#663 = DIRECTION('',(1.,0.,0.));
#664 = DIRECTION('',(0.,0.,1.));
#665 = ADVANCED_FACE('',(#666),#672,.T.);
#666 = FACE_BOUND('',#667,.T.);
#667 = EDGE_LOOP('',(#668,#669,#670,#671));
#668 = ORIENTED_EDGE('',*,*,#123,.F.);
#669 = ORIENTED_EDGE('',*,*,#654,.T.);
#670 = ORIENTED_EDGE('',*,*,#622,.T.);
#671 = ORIENTED_EDGE('',*,*,#583,.F.);
#672 = PLANE('',#673);
#673 = AXIS2_PLACEMENT_3D('',#674,#675,#676);
#674 = CARTESIAN_POINT('',(-28.,17.,56.));
#675 = DIRECTION('',(0.,1.,0.));
#676 = DIRECTION('',(0.,0.,1.));
#677 = ADVANCED_FACE('',(#678),#689,.F.);
#678 = FACE_BOUND('',#679,.F.);
#679 = EDGE_LOOP('',(#680,#681,#687,#688));
#680 = ORIENTED_EDGE('',*,*,#630,.F.);
#681 = ORIENTED_EDGE('',*,*,#682,.F.);
#682 = EDGE_CURVE('',#181,#631,#683,.T.);
#683 = LINE('',#684,#685);
#684 = CARTESIAN_POINT('',(-19.75,9.5,55.));
#685 = VECTOR('',#686,1.);
#686 = DIRECTION('',(0.,0.,1.));
#687 = ORIENTED_EDGE('',*,*,#180,.T.);
#688 = ORIENTED_EDGE('',*,*,#682,.T.);
#689 = CYLINDRICAL_SURFACE('',#690,1.25);
#690 = AXIS2_PLACEMENT_3D('',#691,#692,#693);
#691 = CARTESIAN_POINT('',(-21.,9.5,55.));
#692 = DIRECTION('',(0.,0.,1.));
#693 = DIRECTION('',(1.,0.,0.));
#694 = ADVANCED_FACE('',(#695),#701,.T.);
#695 = FACE_BOUND('',#696,.T.);
#696 = EDGE_LOOP('',(#697,#698,#699,#700));
#697 = ORIENTED_EDGE('',*,*,#414,.F.);
#698 = ORIENTED_EDGE('',*,*,#559,.T.);
#699 = ORIENTED_EDGE('',*,*,#527,.T.);
#700 = ORIENTED_EDGE('',*,*,#488,.F.);
#701 = PLANE('',#702);
#702 = AXIS2_PLACEMENT_3D('',#703,#704,#705);
#703 = CARTESIAN_POINT('',(14.,17.,56.));
#704 = DIRECTION('',(0.,1.,0.));
#705 = DIRECTION('',(0.,0.,1.));
#706 = ADVANCED_FACE('',(#707),#718,.F.);
#707 = FACE_BOUND('',#708,.F.);
#708 = EDGE_LOOP('',(#709,#710,#716,#717));
#709 = ORIENTED_EDGE('',*,*,#535,.F.);
#710 = ORIENTED_EDGE('',*,*,#711,.F.);
#711 = EDGE_CURVE('',#463,#536,#712,.T.);
#712 = LINE('',#713,#714);
#713 = CARTESIAN_POINT('',(22.25,9.5,55.));
#714 = VECTOR('',#715,1.);
#715 = DIRECTION('',(0.,0.,1.));
#716 = ORIENTED_EDGE('',*,*,#462,.T.);
#717 = ORIENTED_EDGE('',*,*,#711,.T.);
#718 = CYLINDRICAL_SURFACE('',#719,1.25);
#719 = AXIS2_PLACEMENT_3D('',#720,#721,#722);
#720 = CARTESIAN_POINT('',(21.,9.5,55.));
#721 = DIRECTION('',(0.,0.,1.));
#722 = DIRECTION('',(1.,0.,0.));
#723 = ADVANCED_FACE('',(#724,#746,#780,#814,#848,#882,#916,#950,#984,
    #1018,#1052),#1086,.T.);
#724 = FACE_BOUND('',#725,.T.);
#725 = EDGE_LOOP('',(#726,#727,#728,#729,#730,#731,#732,#733,#734,#735,
    #736,#737,#738,#739,#740,#741,#742,#743,#744,#745));
#726 = ORIENTED_EDGE('',*,*,#269,.T.);
#727 = ORIENTED_EDGE('',*,*,#299,.T.);
#728 = ORIENTED_EDGE('',*,*,#346,.F.);
#729 = ORIENTED_EDGE('',*,*,#383,.T.);
#730 = ORIENTED_EDGE('',*,*,#446,.T.);
#731 = ORIENTED_EDGE('',*,*,#479,.T.);
#732 = ORIENTED_EDGE('',*,*,#520,.F.);
#733 = ORIENTED_EDGE('',*,*,#552,.F.);
#734 = ORIENTED_EDGE('',*,*,#432,.T.);
#735 = ORIENTED_EDGE('',*,*,#61,.F.);
#736 = ORIENTED_EDGE('',*,*,#39,.F.);
#737 = ORIENTED_EDGE('',*,*,#92,.T.);
#738 = ORIENTED_EDGE('',*,*,#164,.T.);
#739 = ORIENTED_EDGE('',*,*,#574,.T.);
#740 = ORIENTED_EDGE('',*,*,#615,.F.);
#741 = ORIENTED_EDGE('',*,*,#647,.F.);
#742 = ORIENTED_EDGE('',*,*,#141,.T.);
#743 = ORIENTED_EDGE('',*,*,#361,.F.);
#744 = ORIENTED_EDGE('',*,*,#246,.F.);
#745 = ORIENTED_EDGE('',*,*,#197,.F.);
#746 = FACE_BOUND('',#747,.T.);
#747 = EDGE_LOOP('',(#748,#758,#766,#774));
#748 = ORIENTED_EDGE('',*,*,#749,.T.);
#749 = EDGE_CURVE('',#750,#752,#754,.T.);
#750 = VERTEX_POINT('',#751);
#751 = CARTESIAN_POINT('',(6.,0.,20.));
#752 = VERTEX_POINT('',#753);
#753 = CARTESIAN_POINT('',(24.,0.,20.));
#754 = LINE('',#755,#756);
#755 = CARTESIAN_POINT('',(-12.,0.,20.));
#756 = VECTOR('',#757,1.);
#757 = DIRECTION('',(1.,0.,0.));
#758 = ORIENTED_EDGE('',*,*,#759,.T.);
#759 = EDGE_CURVE('',#752,#760,#762,.T.);
#760 = VERTEX_POINT('',#761);
#761 = CARTESIAN_POINT('',(24.,0.,10.));
#762 = LINE('',#763,#764);
#763 = CARTESIAN_POINT('',(24.,0.,5.));
#764 = VECTOR('',#765,1.);
#765 = DIRECTION('',(0.,0.,-1.));
#766 = ORIENTED_EDGE('',*,*,#767,.F.);
#767 = EDGE_CURVE('',#768,#760,#770,.T.);
#768 = VERTEX_POINT('',#769);
#769 = CARTESIAN_POINT('',(6.,0.,10.));
#770 = LINE('',#771,#772);
#771 = CARTESIAN_POINT('',(-12.,0.,10.));
#772 = VECTOR('',#773,1.);
#773 = DIRECTION('',(1.,0.,0.));
#774 = ORIENTED_EDGE('',*,*,#775,.F.);
#775 = EDGE_CURVE('',#750,#768,#776,.T.);
#776 = LINE('',#777,#778);
#777 = CARTESIAN_POINT('',(6.,0.,5.));
#778 = VECTOR('',#779,1.);
#779 = DIRECTION('',(0.,0.,-1.));
#780 = FACE_BOUND('',#781,.T.);
#781 = EDGE_LOOP('',(#782,#792,#800,#808));
#782 = ORIENTED_EDGE('',*,*,#783,.T.);
#783 = EDGE_CURVE('',#784,#786,#788,.T.);
#784 = VERTEX_POINT('',#785);
#785 = CARTESIAN_POINT('',(-24.,0.,20.5));
#786 = VERTEX_POINT('',#787);
#787 = CARTESIAN_POINT('',(-12.,0.,20.5));
#788 = LINE('',#789,#790);
#789 = CARTESIAN_POINT('',(-27.,0.,20.5));
#790 = VECTOR('',#791,1.);
#791 = DIRECTION('',(1.,0.,0.));
#792 = ORIENTED_EDGE('',*,*,#793,.T.);
#793 = EDGE_CURVE('',#786,#794,#796,.T.);
#794 = VERTEX_POINT('',#795);
#795 = CARTESIAN_POINT('',(-12.,0.,9.5));
#796 = LINE('',#797,#798);
#797 = CARTESIAN_POINT('',(-12.,0.,4.75));
#798 = VECTOR('',#799,1.);
#799 = DIRECTION('',(0.,0.,-1.));
#800 = ORIENTED_EDGE('',*,*,#801,.F.);
#801 = EDGE_CURVE('',#802,#794,#804,.T.);
#802 = VERTEX_POINT('',#803);
#803 = CARTESIAN_POINT('',(-24.,0.,9.5));
#804 = LINE('',#805,#806);
#805 = CARTESIAN_POINT('',(-27.,0.,9.5));
#806 = VECTOR('',#807,1.);
#807 = DIRECTION('',(1.,0.,0.));
#808 = ORIENTED_EDGE('',*,*,#809,.F.);
#809 = EDGE_CURVE('',#784,#802,#810,.T.);
#810 = LINE('',#811,#812);
#811 = CARTESIAN_POINT('',(-24.,0.,4.75));
#812 = VECTOR('',#813,1.);
#813 = DIRECTION('',(0.,0.,-1.));
#814 = FACE_BOUND('',#815,.T.);
#815 = EDGE_LOOP('',(#816,#826,#834,#842));
#816 = ORIENTED_EDGE('',*,*,#817,.T.);
#817 = EDGE_CURVE('',#818,#820,#822,.T.);
#818 = VERTEX_POINT('',#819);
#819 = CARTESIAN_POINT('',(-25.75,0.,3.8));
#820 = VERTEX_POINT('',#821);
#821 = CARTESIAN_POINT('',(-22.25,0.,3.8));
#822 = LINE('',#823,#824);
#823 = CARTESIAN_POINT('',(-27.875,0.,3.8));
#824 = VECTOR('',#825,1.);
#825 = DIRECTION('',(1.,0.,0.));
#826 = ORIENTED_EDGE('',*,*,#827,.T.);
#827 = EDGE_CURVE('',#820,#828,#830,.T.);
#828 = VERTEX_POINT('',#829);
#829 = CARTESIAN_POINT('',(-22.25,0.,1.8));
#830 = LINE('',#831,#832);
#831 = CARTESIAN_POINT('',(-22.25,0.,0.9));
#832 = VECTOR('',#833,1.);
#833 = DIRECTION('',(0.,0.,-1.));
#834 = ORIENTED_EDGE('',*,*,#835,.F.);
#835 = EDGE_CURVE('',#836,#828,#838,.T.);
#836 = VERTEX_POINT('',#837);
#837 = CARTESIAN_POINT('',(-25.75,0.,1.8));
#838 = LINE('',#839,#840);
#839 = CARTESIAN_POINT('',(-27.875,0.,1.8));
#840 = VECTOR('',#841,1.);
#841 = DIRECTION('',(1.,0.,0.));
#842 = ORIENTED_EDGE('',*,*,#843,.F.);
#843 = EDGE_CURVE('',#818,#836,#844,.T.);
#844 = LINE('',#845,#846);
#845 = CARTESIAN_POINT('',(-25.75,0.,0.9));
#846 = VECTOR('',#847,1.);
#847 = DIRECTION('',(0.,0.,-1.));
#848 = FACE_BOUND('',#849,.T.);
#849 = EDGE_LOOP('',(#850,#860,#868,#876));
#850 = ORIENTED_EDGE('',*,*,#851,.T.);
#851 = EDGE_CURVE('',#852,#854,#856,.T.);
#852 = VERTEX_POINT('',#853);
#853 = CARTESIAN_POINT('',(-13.75,0.,3.8));
#854 = VERTEX_POINT('',#855);
#855 = CARTESIAN_POINT('',(-10.25,0.,3.8));
#856 = LINE('',#857,#858);
#857 = CARTESIAN_POINT('',(-21.875,0.,3.8));
#858 = VECTOR('',#859,1.);
#859 = DIRECTION('',(1.,0.,0.));
#860 = ORIENTED_EDGE('',*,*,#861,.T.);
#861 = EDGE_CURVE('',#854,#862,#864,.T.);
#862 = VERTEX_POINT('',#863);
#863 = CARTESIAN_POINT('',(-10.25,0.,1.8));
#864 = LINE('',#865,#866);
#865 = CARTESIAN_POINT('',(-10.25,0.,0.9));
#866 = VECTOR('',#867,1.);
#867 = DIRECTION('',(0.,0.,-1.));
#868 = ORIENTED_EDGE('',*,*,#869,.F.);
#869 = EDGE_CURVE('',#870,#862,#872,.T.);
#870 = VERTEX_POINT('',#871);
#871 = CARTESIAN_POINT('',(-13.75,0.,1.8));
#872 = LINE('',#873,#874);
#873 = CARTESIAN_POINT('',(-21.875,0.,1.8));
#874 = VECTOR('',#875,1.);
#875 = DIRECTION('',(1.,0.,0.));
#876 = ORIENTED_EDGE('',*,*,#877,.F.);
#877 = EDGE_CURVE('',#852,#870,#878,.T.);
#878 = LINE('',#879,#880);
#879 = CARTESIAN_POINT('',(-13.75,0.,0.9));
#880 = VECTOR('',#881,1.);
#881 = DIRECTION('',(0.,0.,-1.));
#882 = FACE_BOUND('',#883,.T.);
#883 = EDGE_LOOP('',(#884,#894,#902,#910));
#884 = ORIENTED_EDGE('',*,*,#885,.T.);
#885 = EDGE_CURVE('',#886,#888,#890,.T.);
#886 = VERTEX_POINT('',#887);
#887 = CARTESIAN_POINT('',(-25.75,0.,28.2));
#888 = VERTEX_POINT('',#889);
#889 = CARTESIAN_POINT('',(-22.25,0.,28.2));
#890 = LINE('',#891,#892);
#891 = CARTESIAN_POINT('',(-27.875,0.,28.2));
#892 = VECTOR('',#893,1.);
#893 = DIRECTION('',(1.,0.,0.));
#894 = ORIENTED_EDGE('',*,*,#895,.T.);
#895 = EDGE_CURVE('',#888,#896,#898,.T.);
#896 = VERTEX_POINT('',#897);
#897 = CARTESIAN_POINT('',(-22.25,0.,26.2));
#898 = LINE('',#899,#900);
#899 = CARTESIAN_POINT('',(-22.25,0.,13.1));
#900 = VECTOR('',#901,1.);
#901 = DIRECTION('',(0.,0.,-1.));
#902 = ORIENTED_EDGE('',*,*,#903,.F.);
#903 = EDGE_CURVE('',#904,#896,#906,.T.);
#904 = VERTEX_POINT('',#905);
#905 = CARTESIAN_POINT('',(-25.75,0.,26.2));
#906 = LINE('',#907,#908);
#907 = CARTESIAN_POINT('',(-27.875,0.,26.2));
#908 = VECTOR('',#909,1.);
#909 = DIRECTION('',(1.,0.,0.));
#910 = ORIENTED_EDGE('',*,*,#911,.F.);
#911 = EDGE_CURVE('',#886,#904,#912,.T.);
#912 = LINE('',#913,#914);
#913 = CARTESIAN_POINT('',(-25.75,0.,13.1));
#914 = VECTOR('',#915,1.);
#915 = DIRECTION('',(0.,0.,-1.));
#916 = FACE_BOUND('',#917,.T.);
#917 = EDGE_LOOP('',(#918,#928,#936,#944));
#918 = ORIENTED_EDGE('',*,*,#919,.T.);
#919 = EDGE_CURVE('',#920,#922,#924,.T.);
#920 = VERTEX_POINT('',#921);
#921 = CARTESIAN_POINT('',(-13.75,0.,28.2));
#922 = VERTEX_POINT('',#923);
#923 = CARTESIAN_POINT('',(-10.25,0.,28.2));
#924 = LINE('',#925,#926);
#925 = CARTESIAN_POINT('',(-21.875,0.,28.2));
#926 = VECTOR('',#927,1.);
#927 = DIRECTION('',(1.,0.,0.));
#928 = ORIENTED_EDGE('',*,*,#929,.T.);
#929 = EDGE_CURVE('',#922,#930,#932,.T.);
#930 = VERTEX_POINT('',#931);
#931 = CARTESIAN_POINT('',(-10.25,0.,26.2));
#932 = LINE('',#933,#934);
#933 = CARTESIAN_POINT('',(-10.25,0.,13.1));
#934 = VECTOR('',#935,1.);
#935 = DIRECTION('',(0.,0.,-1.));
#936 = ORIENTED_EDGE('',*,*,#937,.F.);
#937 = EDGE_CURVE('',#938,#930,#940,.T.);
#938 = VERTEX_POINT('',#939);
#939 = CARTESIAN_POINT('',(-13.75,0.,26.2));
#940 = LINE('',#941,#942);
#941 = CARTESIAN_POINT('',(-21.875,0.,26.2));
#942 = VECTOR('',#943,1.);
#943 = DIRECTION('',(1.,0.,0.));
#944 = ORIENTED_EDGE('',*,*,#945,.F.);
#945 = EDGE_CURVE('',#920,#938,#946,.T.);
#946 = LINE('',#947,#948);
#947 = CARTESIAN_POINT('',(-13.75,0.,13.1));
#948 = VECTOR('',#949,1.);
#949 = DIRECTION('',(0.,0.,-1.));
#950 = FACE_BOUND('',#951,.T.);
#951 = EDGE_LOOP('',(#952,#962,#970,#978));
#952 = ORIENTED_EDGE('',*,*,#953,.T.);
#953 = EDGE_CURVE('',#954,#956,#958,.T.);
#954 = VERTEX_POINT('',#955);
#955 = CARTESIAN_POINT('',(7.25,0.,4.2));
#956 = VERTEX_POINT('',#957);
#957 = CARTESIAN_POINT('',(10.75,0.,4.2));
#958 = LINE('',#959,#960);
#959 = CARTESIAN_POINT('',(-11.375,0.,4.2));
#960 = VECTOR('',#961,1.);
#961 = DIRECTION('',(1.,0.,0.));
#962 = ORIENTED_EDGE('',*,*,#963,.T.);
#963 = EDGE_CURVE('',#956,#964,#966,.T.);
#964 = VERTEX_POINT('',#965);
#965 = CARTESIAN_POINT('',(10.75,0.,2.2));
#966 = LINE('',#967,#968);
#967 = CARTESIAN_POINT('',(10.75,0.,1.1));
#968 = VECTOR('',#969,1.);
#969 = DIRECTION('',(0.,0.,-1.));
#970 = ORIENTED_EDGE('',*,*,#971,.F.);
#971 = EDGE_CURVE('',#972,#964,#974,.T.);
#972 = VERTEX_POINT('',#973);
#973 = CARTESIAN_POINT('',(7.25,0.,2.2));
#974 = LINE('',#975,#976);
#975 = CARTESIAN_POINT('',(-11.375,0.,2.2));
#976 = VECTOR('',#977,1.);
#977 = DIRECTION('',(1.,0.,0.));
#978 = ORIENTED_EDGE('',*,*,#979,.F.);
#979 = EDGE_CURVE('',#954,#972,#980,.T.);
#980 = LINE('',#981,#982);
#981 = CARTESIAN_POINT('',(7.25,0.,1.1));
#982 = VECTOR('',#983,1.);
#983 = DIRECTION('',(0.,0.,-1.));
#984 = FACE_BOUND('',#985,.T.);
#985 = EDGE_LOOP('',(#986,#996,#1004,#1012));
#986 = ORIENTED_EDGE('',*,*,#987,.T.);
#987 = EDGE_CURVE('',#988,#990,#992,.T.);
#988 = VERTEX_POINT('',#989);
#989 = CARTESIAN_POINT('',(19.25,0.,4.2));
#990 = VERTEX_POINT('',#991);
#991 = CARTESIAN_POINT('',(22.75,0.,4.2));
#992 = LINE('',#993,#994);
#993 = CARTESIAN_POINT('',(-5.375,0.,4.2));
#994 = VECTOR('',#995,1.);
#995 = DIRECTION('',(1.,0.,0.));
#996 = ORIENTED_EDGE('',*,*,#997,.T.);
#997 = EDGE_CURVE('',#990,#998,#1000,.T.);
#998 = VERTEX_POINT('',#999);
#999 = CARTESIAN_POINT('',(22.75,0.,2.2));
#1000 = LINE('',#1001,#1002);
#1001 = CARTESIAN_POINT('',(22.75,0.,1.1));
#1002 = VECTOR('',#1003,1.);
#1003 = DIRECTION('',(0.,0.,-1.));
#1004 = ORIENTED_EDGE('',*,*,#1005,.F.);
#1005 = EDGE_CURVE('',#1006,#998,#1008,.T.);
#1006 = VERTEX_POINT('',#1007);
#1007 = CARTESIAN_POINT('',(19.25,0.,2.2));
#1008 = LINE('',#1009,#1010);
#1009 = CARTESIAN_POINT('',(-5.375,0.,2.2));
#1010 = VECTOR('',#1011,1.);
#1011 = DIRECTION('',(1.,0.,0.));
#1012 = ORIENTED_EDGE('',*,*,#1013,.F.);
#1013 = EDGE_CURVE('',#988,#1006,#1014,.T.);
#1014 = LINE('',#1015,#1016);
#1015 = CARTESIAN_POINT('',(19.25,0.,1.1));
#1016 = VECTOR('',#1017,1.);
#1017 = DIRECTION('',(0.,0.,-1.));
#1018 = FACE_BOUND('',#1019,.T.);
#1019 = EDGE_LOOP('',(#1020,#1030,#1038,#1046));
#1020 = ORIENTED_EDGE('',*,*,#1021,.T.);
#1021 = EDGE_CURVE('',#1022,#1024,#1026,.T.);
#1022 = VERTEX_POINT('',#1023);
#1023 = CARTESIAN_POINT('',(7.25,0.,27.8));
#1024 = VERTEX_POINT('',#1025);
#1025 = CARTESIAN_POINT('',(10.75,0.,27.8));
#1026 = LINE('',#1027,#1028);
#1027 = CARTESIAN_POINT('',(-11.375,0.,27.8));
#1028 = VECTOR('',#1029,1.);
#1029 = DIRECTION('',(1.,0.,0.));
#1030 = ORIENTED_EDGE('',*,*,#1031,.T.);
#1031 = EDGE_CURVE('',#1024,#1032,#1034,.T.);
#1032 = VERTEX_POINT('',#1033);
#1033 = CARTESIAN_POINT('',(10.75,0.,25.8));
#1034 = LINE('',#1035,#1036);
#1035 = CARTESIAN_POINT('',(10.75,0.,12.9));
#1036 = VECTOR('',#1037,1.);
#1037 = DIRECTION('',(0.,0.,-1.));
#1038 = ORIENTED_EDGE('',*,*,#1039,.F.);
#1039 = EDGE_CURVE('',#1040,#1032,#1042,.T.);
#1040 = VERTEX_POINT('',#1041);
#1041 = CARTESIAN_POINT('',(7.25,0.,25.8));
#1042 = LINE('',#1043,#1044);
#1043 = CARTESIAN_POINT('',(-11.375,0.,25.8));
#1044 = VECTOR('',#1045,1.);
#1045 = DIRECTION('',(1.,0.,0.));
#1046 = ORIENTED_EDGE('',*,*,#1047,.F.);
#1047 = EDGE_CURVE('',#1022,#1040,#1048,.T.);
#1048 = LINE('',#1049,#1050);
#1049 = CARTESIAN_POINT('',(7.25,0.,12.9));
#1050 = VECTOR('',#1051,1.);
#1051 = DIRECTION('',(0.,0.,-1.));
#1052 = FACE_BOUND('',#1053,.T.);
#1053 = EDGE_LOOP('',(#1054,#1064,#1072,#1080));
#1054 = ORIENTED_EDGE('',*,*,#1055,.T.);
#1055 = EDGE_CURVE('',#1056,#1058,#1060,.T.);
#1056 = VERTEX_POINT('',#1057);
#1057 = CARTESIAN_POINT('',(19.25,0.,27.8));
#1058 = VERTEX_POINT('',#1059);
#1059 = CARTESIAN_POINT('',(22.75,0.,27.8));
#1060 = LINE('',#1061,#1062);
#1061 = CARTESIAN_POINT('',(-5.375,0.,27.8));
#1062 = VECTOR('',#1063,1.);
#1063 = DIRECTION('',(1.,0.,0.));
#1064 = ORIENTED_EDGE('',*,*,#1065,.T.);
#1065 = EDGE_CURVE('',#1058,#1066,#1068,.T.);
#1066 = VERTEX_POINT('',#1067);
#1067 = CARTESIAN_POINT('',(22.75,0.,25.8));
#1068 = LINE('',#1069,#1070);
#1069 = CARTESIAN_POINT('',(22.75,0.,12.9));
#1070 = VECTOR('',#1071,1.);
#1071 = DIRECTION('',(0.,0.,-1.));
#1072 = ORIENTED_EDGE('',*,*,#1073,.F.);
#1073 = EDGE_CURVE('',#1074,#1066,#1076,.T.);
#1074 = VERTEX_POINT('',#1075);
#1075 = CARTESIAN_POINT('',(19.25,0.,25.8));
#1076 = LINE('',#1077,#1078);
#1077 = CARTESIAN_POINT('',(-5.375,0.,25.8));
#1078 = VECTOR('',#1079,1.);
#1079 = DIRECTION('',(1.,0.,0.));
#1080 = ORIENTED_EDGE('',*,*,#1081,.F.);
#1081 = EDGE_CURVE('',#1056,#1074,#1082,.T.);
#1082 = LINE('',#1083,#1084);
#1083 = CARTESIAN_POINT('',(19.25,0.,12.9));
#1084 = VECTOR('',#1085,1.);
#1085 = DIRECTION('',(0.,0.,-1.));
#1086 = PLANE('',#1087);
#1087 = AXIS2_PLACEMENT_3D('',#1088,#1089,#1090);
#1088 = CARTESIAN_POINT('',(0.,0.,32.857142857143));
#1089 = DIRECTION('',(-0.,-1.,-0.));
#1090 = DIRECTION('',(0.,0.,-1.));
#1091 = ADVANCED_FACE('',(#1092),#1133,.F.);
#1092 = FACE_BOUND('',#1093,.F.);
#1093 = EDGE_LOOP('',(#1094,#1102,#1103,#1111,#1119,#1127));
#1094 = ORIENTED_EDGE('',*,*,#1095,.F.);
#1095 = EDGE_CURVE('',#750,#1096,#1098,.T.);
#1096 = VERTEX_POINT('',#1097);
#1097 = CARTESIAN_POINT('',(6.,3.,20.));
#1098 = LINE('',#1099,#1100);
#1099 = CARTESIAN_POINT('',(6.,-1.,20.));
#1100 = VECTOR('',#1101,1.);
#1101 = DIRECTION('',(0.,1.,0.));
#1102 = ORIENTED_EDGE('',*,*,#749,.T.);
#1103 = ORIENTED_EDGE('',*,*,#1104,.T.);
#1104 = EDGE_CURVE('',#752,#1105,#1107,.T.);
#1105 = VERTEX_POINT('',#1106);
#1106 = CARTESIAN_POINT('',(24.,3.,20.));
#1107 = LINE('',#1108,#1109);
#1108 = CARTESIAN_POINT('',(24.,-1.,20.));
#1109 = VECTOR('',#1110,1.);
#1110 = DIRECTION('',(0.,1.,0.));
#1111 = ORIENTED_EDGE('',*,*,#1112,.F.);
#1112 = EDGE_CURVE('',#1113,#1105,#1115,.T.);
#1113 = VERTEX_POINT('',#1114);
#1114 = CARTESIAN_POINT('',(22.018065270802,3.,20.));
#1115 = LINE('',#1116,#1117);
#1116 = CARTESIAN_POINT('',(-12.,3.,20.));
#1117 = VECTOR('',#1118,1.);
#1118 = DIRECTION('',(1.,0.,0.));
#1119 = ORIENTED_EDGE('',*,*,#1120,.F.);
#1120 = EDGE_CURVE('',#1121,#1113,#1123,.T.);
#1121 = VERTEX_POINT('',#1122);
#1122 = CARTESIAN_POINT('',(7.981934729198,3.,20.));
#1123 = LINE('',#1124,#1125);
#1124 = CARTESIAN_POINT('',(-12.,3.,20.));
#1125 = VECTOR('',#1126,1.);
#1126 = DIRECTION('',(1.,0.,0.));
#1127 = ORIENTED_EDGE('',*,*,#1128,.F.);
#1128 = EDGE_CURVE('',#1096,#1121,#1129,.T.);
#1129 = LINE('',#1130,#1131);
#1130 = CARTESIAN_POINT('',(-12.,3.,20.));
#1131 = VECTOR('',#1132,1.);
#1132 = DIRECTION('',(1.,0.,0.));
#1133 = PLANE('',#1134);
#1134 = AXIS2_PLACEMENT_3D('',#1135,#1136,#1137);
#1135 = CARTESIAN_POINT('',(6.,-1.,20.));
#1136 = DIRECTION('',(0.,0.,1.));
#1137 = DIRECTION('',(1.,0.,0.));
#1138 = ADVANCED_FACE('',(#1139),#1173,.T.);
#1139 = FACE_BOUND('',#1140,.T.);
#1140 = EDGE_LOOP('',(#1141,#1142,#1143,#1151,#1159,#1167));
#1141 = ORIENTED_EDGE('',*,*,#1095,.F.);
#1142 = ORIENTED_EDGE('',*,*,#775,.T.);
#1143 = ORIENTED_EDGE('',*,*,#1144,.T.);
#1144 = EDGE_CURVE('',#768,#1145,#1147,.T.);
#1145 = VERTEX_POINT('',#1146);
#1146 = CARTESIAN_POINT('',(6.,3.,10.));
#1147 = LINE('',#1148,#1149);
#1148 = CARTESIAN_POINT('',(6.,-1.,10.));
#1149 = VECTOR('',#1150,1.);
#1150 = DIRECTION('',(0.,1.,0.));
#1151 = ORIENTED_EDGE('',*,*,#1152,.F.);
#1152 = EDGE_CURVE('',#1153,#1145,#1155,.T.);
#1153 = VERTEX_POINT('',#1154);
#1154 = CARTESIAN_POINT('',(6.,3.,12.149489742783));
#1155 = LINE('',#1156,#1157);
#1156 = CARTESIAN_POINT('',(6.,3.,5.));
#1157 = VECTOR('',#1158,1.);
#1158 = DIRECTION('',(0.,0.,-1.));
#1159 = ORIENTED_EDGE('',*,*,#1160,.F.);
#1160 = EDGE_CURVE('',#1161,#1153,#1163,.T.);
#1161 = VERTEX_POINT('',#1162);
#1162 = CARTESIAN_POINT('',(6.,3.,17.850510257217));
#1163 = LINE('',#1164,#1165);
#1164 = CARTESIAN_POINT('',(6.,3.,5.));
#1165 = VECTOR('',#1166,1.);
#1166 = DIRECTION('',(0.,0.,-1.));
#1167 = ORIENTED_EDGE('',*,*,#1168,.F.);
#1168 = EDGE_CURVE('',#1096,#1161,#1169,.T.);
#1169 = LINE('',#1170,#1171);
#1170 = CARTESIAN_POINT('',(6.,3.,5.));
#1171 = VECTOR('',#1172,1.);
#1172 = DIRECTION('',(0.,0.,-1.));
#1173 = PLANE('',#1174);
#1174 = AXIS2_PLACEMENT_3D('',#1175,#1176,#1177);
#1175 = CARTESIAN_POINT('',(6.,-1.,10.));
#1176 = DIRECTION('',(1.,0.,0.));
#1177 = DIRECTION('',(0.,0.,1.));
#1178 = ADVANCED_FACE('',(#1179),#1213,.F.);
#1179 = FACE_BOUND('',#1180,.F.);
#1180 = EDGE_LOOP('',(#1181,#1182,#1183,#1191,#1199,#1207));
#1181 = ORIENTED_EDGE('',*,*,#1104,.F.);
#1182 = ORIENTED_EDGE('',*,*,#759,.T.);
#1183 = ORIENTED_EDGE('',*,*,#1184,.T.);
#1184 = EDGE_CURVE('',#760,#1185,#1187,.T.);
#1185 = VERTEX_POINT('',#1186);
#1186 = CARTESIAN_POINT('',(24.,3.,10.));
#1187 = LINE('',#1188,#1189);
#1188 = CARTESIAN_POINT('',(24.,-1.,10.));
#1189 = VECTOR('',#1190,1.);
#1190 = DIRECTION('',(0.,1.,0.));
#1191 = ORIENTED_EDGE('',*,*,#1192,.F.);
#1192 = EDGE_CURVE('',#1193,#1185,#1195,.T.);
#1193 = VERTEX_POINT('',#1194);
#1194 = CARTESIAN_POINT('',(24.,3.,12.149489742783));
#1195 = LINE('',#1196,#1197);
#1196 = CARTESIAN_POINT('',(24.,3.,5.));
#1197 = VECTOR('',#1198,1.);
#1198 = DIRECTION('',(0.,0.,-1.));
#1199 = ORIENTED_EDGE('',*,*,#1200,.F.);
#1200 = EDGE_CURVE('',#1201,#1193,#1203,.T.);
#1201 = VERTEX_POINT('',#1202);
#1202 = CARTESIAN_POINT('',(24.,3.,17.850510257217));
#1203 = LINE('',#1204,#1205);
#1204 = CARTESIAN_POINT('',(24.,3.,5.));
#1205 = VECTOR('',#1206,1.);
#1206 = DIRECTION('',(0.,0.,-1.));
#1207 = ORIENTED_EDGE('',*,*,#1208,.F.);
#1208 = EDGE_CURVE('',#1105,#1201,#1209,.T.);
#1209 = LINE('',#1210,#1211);
#1210 = CARTESIAN_POINT('',(24.,3.,5.));
#1211 = VECTOR('',#1212,1.);
#1212 = DIRECTION('',(0.,0.,-1.));
#1213 = PLANE('',#1214);
#1214 = AXIS2_PLACEMENT_3D('',#1215,#1216,#1217);
#1215 = CARTESIAN_POINT('',(24.,-1.,10.));
#1216 = DIRECTION('',(1.,0.,0.));
#1217 = DIRECTION('',(0.,0.,1.));
#1218 = ADVANCED_FACE('',(#1219),#1246,.T.);
#1219 = FACE_BOUND('',#1220,.T.);
#1220 = EDGE_LOOP('',(#1221,#1222,#1223,#1224,#1232,#1240));
#1221 = ORIENTED_EDGE('',*,*,#1144,.F.);
#1222 = ORIENTED_EDGE('',*,*,#767,.T.);
#1223 = ORIENTED_EDGE('',*,*,#1184,.T.);
#1224 = ORIENTED_EDGE('',*,*,#1225,.F.);
#1225 = EDGE_CURVE('',#1226,#1185,#1228,.T.);
#1226 = VERTEX_POINT('',#1227);
#1227 = CARTESIAN_POINT('',(22.018065270802,3.,10.));
#1228 = LINE('',#1229,#1230);
#1229 = CARTESIAN_POINT('',(-12.,3.,10.));
#1230 = VECTOR('',#1231,1.);
#1231 = DIRECTION('',(1.,0.,0.));
#1232 = ORIENTED_EDGE('',*,*,#1233,.F.);
#1233 = EDGE_CURVE('',#1234,#1226,#1236,.T.);
#1234 = VERTEX_POINT('',#1235);
#1235 = CARTESIAN_POINT('',(7.981934729198,3.,10.));
#1236 = LINE('',#1237,#1238);
#1237 = CARTESIAN_POINT('',(-12.,3.,10.));
#1238 = VECTOR('',#1239,1.);
#1239 = DIRECTION('',(1.,0.,0.));
#1240 = ORIENTED_EDGE('',*,*,#1241,.F.);
#1241 = EDGE_CURVE('',#1145,#1234,#1242,.T.);
#1242 = LINE('',#1243,#1244);
#1243 = CARTESIAN_POINT('',(-12.,3.,10.));
#1244 = VECTOR('',#1245,1.);
#1245 = DIRECTION('',(1.,0.,0.));
#1246 = PLANE('',#1247);
#1247 = AXIS2_PLACEMENT_3D('',#1248,#1249,#1250);
#1248 = CARTESIAN_POINT('',(6.,-1.,10.));
#1249 = DIRECTION('',(0.,0.,1.));
#1250 = DIRECTION('',(1.,0.,0.));
#1251 = ADVANCED_FACE('',(#1252),#1263,.F.);
#1252 = FACE_BOUND('',#1253,.F.);
#1253 = EDGE_LOOP('',(#1254,#1255,#1262));
#1254 = ORIENTED_EDGE('',*,*,#1128,.T.);
#1255 = ORIENTED_EDGE('',*,*,#1256,.T.);
#1256 = EDGE_CURVE('',#1121,#1161,#1257,.T.);
#1257 = CIRCLE('',#1258,2.5);
#1258 = AXIS2_PLACEMENT_3D('',#1259,#1260,#1261);
#1259 = CARTESIAN_POINT('',(5.5,3.,20.3));
#1260 = DIRECTION('',(0.,1.,0.));
#1261 = DIRECTION('',(0.,0.,1.));
#1262 = ORIENTED_EDGE('',*,*,#1168,.F.);
#1263 = PLANE('',#1264);
#1264 = AXIS2_PLACEMENT_3D('',#1265,#1266,#1267);
#1265 = CARTESIAN_POINT('',(5.5,3.,20.3));
#1266 = DIRECTION('',(0.,1.,0.));
#1267 = DIRECTION('',(0.,0.,1.));
#1268 = ADVANCED_FACE('',(#1269),#1304,.T.);
#1269 = FACE_BOUND('',#1270,.T.);
#1270 = EDGE_LOOP('',(#1271,#1281,#1288,#1289,#1296,#1297));
#1271 = ORIENTED_EDGE('',*,*,#1272,.T.);
#1272 = EDGE_CURVE('',#1273,#1275,#1277,.T.);
#1273 = VERTEX_POINT('',#1274);
#1274 = CARTESIAN_POINT('',(5.5,3.,22.8));
#1275 = VERTEX_POINT('',#1276);
#1276 = CARTESIAN_POINT('',(5.5,6.,22.8));
#1277 = LINE('',#1278,#1279);
#1278 = CARTESIAN_POINT('',(5.5,3.,22.8));
#1279 = VECTOR('',#1280,1.);
#1280 = DIRECTION('',(0.,1.,0.));
#1281 = ORIENTED_EDGE('',*,*,#1282,.F.);
#1282 = EDGE_CURVE('',#1275,#1275,#1283,.T.);
#1283 = CIRCLE('',#1284,2.5);
#1284 = AXIS2_PLACEMENT_3D('',#1285,#1286,#1287);
#1285 = CARTESIAN_POINT('',(5.5,6.,20.3));
#1286 = DIRECTION('',(0.,1.,0.));
#1287 = DIRECTION('',(0.,0.,1.));
#1288 = ORIENTED_EDGE('',*,*,#1272,.F.);
#1289 = ORIENTED_EDGE('',*,*,#1290,.T.);
#1290 = EDGE_CURVE('',#1273,#1121,#1291,.T.);
#1291 = CIRCLE('',#1292,2.5);
#1292 = AXIS2_PLACEMENT_3D('',#1293,#1294,#1295);
#1293 = CARTESIAN_POINT('',(5.5,3.,20.3));
#1294 = DIRECTION('',(0.,1.,0.));
#1295 = DIRECTION('',(0.,0.,1.));
#1296 = ORIENTED_EDGE('',*,*,#1256,.T.);
#1297 = ORIENTED_EDGE('',*,*,#1298,.T.);
#1298 = EDGE_CURVE('',#1161,#1273,#1299,.T.);
#1299 = CIRCLE('',#1300,2.5);
#1300 = AXIS2_PLACEMENT_3D('',#1301,#1302,#1303);
#1301 = CARTESIAN_POINT('',(5.5,3.,20.3));
#1302 = DIRECTION('',(0.,1.,0.));
#1303 = DIRECTION('',(0.,0.,1.));
#1304 = CYLINDRICAL_SURFACE('',#1305,2.5);
#1305 = AXIS2_PLACEMENT_3D('',#1306,#1307,#1308);
#1306 = CARTESIAN_POINT('',(5.5,3.,20.3));
#1307 = DIRECTION('',(0.,1.,0.));
#1308 = DIRECTION('',(0.,0.,1.));
#1309 = ADVANCED_FACE('',(#1310),#1321,.F.);
#1310 = FACE_BOUND('',#1311,.F.);
#1311 = EDGE_LOOP('',(#1312,#1313,#1320));
#1312 = ORIENTED_EDGE('',*,*,#1208,.T.);
#1313 = ORIENTED_EDGE('',*,*,#1314,.T.);
#1314 = EDGE_CURVE('',#1201,#1113,#1315,.T.);
#1315 = CIRCLE('',#1316,2.5);
#1316 = AXIS2_PLACEMENT_3D('',#1317,#1318,#1319);
#1317 = CARTESIAN_POINT('',(24.5,3.,20.3));
#1318 = DIRECTION('',(0.,1.,0.));
#1319 = DIRECTION('',(0.,0.,1.));
#1320 = ORIENTED_EDGE('',*,*,#1112,.T.);
#1321 = PLANE('',#1322);
#1322 = AXIS2_PLACEMENT_3D('',#1323,#1324,#1325);
#1323 = CARTESIAN_POINT('',(24.5,3.,20.3));
#1324 = DIRECTION('',(0.,1.,0.));
#1325 = DIRECTION('',(0.,0.,1.));
#1326 = ADVANCED_FACE('',(#1327),#1362,.T.);
#1327 = FACE_BOUND('',#1328,.T.);
#1328 = EDGE_LOOP('',(#1329,#1339,#1346,#1347,#1354,#1355));
#1329 = ORIENTED_EDGE('',*,*,#1330,.T.);
#1330 = EDGE_CURVE('',#1331,#1333,#1335,.T.);
#1331 = VERTEX_POINT('',#1332);
#1332 = CARTESIAN_POINT('',(24.5,3.,22.8));
#1333 = VERTEX_POINT('',#1334);
#1334 = CARTESIAN_POINT('',(24.5,6.,22.8));
#1335 = LINE('',#1336,#1337);
#1336 = CARTESIAN_POINT('',(24.5,3.,22.8));
#1337 = VECTOR('',#1338,1.);
#1338 = DIRECTION('',(0.,1.,0.));
#1339 = ORIENTED_EDGE('',*,*,#1340,.F.);
#1340 = EDGE_CURVE('',#1333,#1333,#1341,.T.);
#1341 = CIRCLE('',#1342,2.5);
#1342 = AXIS2_PLACEMENT_3D('',#1343,#1344,#1345);
#1343 = CARTESIAN_POINT('',(24.5,6.,20.3));
#1344 = DIRECTION('',(0.,1.,0.));
#1345 = DIRECTION('',(0.,0.,1.));
#1346 = ORIENTED_EDGE('',*,*,#1330,.F.);
#1347 = ORIENTED_EDGE('',*,*,#1348,.T.);
#1348 = EDGE_CURVE('',#1331,#1201,#1349,.T.);
#1349 = CIRCLE('',#1350,2.5);
#1350 = AXIS2_PLACEMENT_3D('',#1351,#1352,#1353);
#1351 = CARTESIAN_POINT('',(24.5,3.,20.3));
#1352 = DIRECTION('',(0.,1.,0.));
#1353 = DIRECTION('',(0.,0.,1.));
#1354 = ORIENTED_EDGE('',*,*,#1314,.T.);
#1355 = ORIENTED_EDGE('',*,*,#1356,.T.);
#1356 = EDGE_CURVE('',#1113,#1331,#1357,.T.);
#1357 = CIRCLE('',#1358,2.5);
#1358 = AXIS2_PLACEMENT_3D('',#1359,#1360,#1361);
#1359 = CARTESIAN_POINT('',(24.5,3.,20.3));
#1360 = DIRECTION('',(0.,1.,0.));
#1361 = DIRECTION('',(0.,0.,1.));
#1362 = CYLINDRICAL_SURFACE('',#1363,2.5);
#1363 = AXIS2_PLACEMENT_3D('',#1364,#1365,#1366);
#1364 = CARTESIAN_POINT('',(24.5,3.,20.3));
#1365 = DIRECTION('',(0.,1.,0.));
#1366 = DIRECTION('',(0.,0.,1.));
#1367 = ADVANCED_FACE('',(#1368),#1379,.F.);
#1368 = FACE_BOUND('',#1369,.F.);
#1369 = EDGE_LOOP('',(#1370,#1371,#1378));
#1370 = ORIENTED_EDGE('',*,*,#1152,.F.);
#1371 = ORIENTED_EDGE('',*,*,#1372,.T.);
#1372 = EDGE_CURVE('',#1153,#1234,#1373,.T.);
#1373 = CIRCLE('',#1374,2.5);
#1374 = AXIS2_PLACEMENT_3D('',#1375,#1376,#1377);
#1375 = CARTESIAN_POINT('',(5.5,3.,9.7));
#1376 = DIRECTION('',(0.,1.,0.));
#1377 = DIRECTION('',(0.,0.,1.));
#1378 = ORIENTED_EDGE('',*,*,#1241,.F.);
#1379 = PLANE('',#1380);
#1380 = AXIS2_PLACEMENT_3D('',#1381,#1382,#1383);
#1381 = CARTESIAN_POINT('',(5.5,3.,9.7));
#1382 = DIRECTION('',(0.,1.,0.));
#1383 = DIRECTION('',(0.,0.,1.));
#1384 = ADVANCED_FACE('',(#1385),#1420,.T.);
#1385 = FACE_BOUND('',#1386,.T.);
#1386 = EDGE_LOOP('',(#1387,#1397,#1404,#1405,#1412,#1413));
#1387 = ORIENTED_EDGE('',*,*,#1388,.T.);
#1388 = EDGE_CURVE('',#1389,#1391,#1393,.T.);
#1389 = VERTEX_POINT('',#1390);
#1390 = CARTESIAN_POINT('',(5.5,3.,12.2));
#1391 = VERTEX_POINT('',#1392);
#1392 = CARTESIAN_POINT('',(5.5,6.,12.2));
#1393 = LINE('',#1394,#1395);
#1394 = CARTESIAN_POINT('',(5.5,3.,12.2));
#1395 = VECTOR('',#1396,1.);
#1396 = DIRECTION('',(0.,1.,0.));
#1397 = ORIENTED_EDGE('',*,*,#1398,.F.);
#1398 = EDGE_CURVE('',#1391,#1391,#1399,.T.);
#1399 = CIRCLE('',#1400,2.5);
#1400 = AXIS2_PLACEMENT_3D('',#1401,#1402,#1403);
#1401 = CARTESIAN_POINT('',(5.5,6.,9.7));
#1402 = DIRECTION('',(0.,1.,0.));
#1403 = DIRECTION('',(0.,0.,1.));
#1404 = ORIENTED_EDGE('',*,*,#1388,.F.);
#1405 = ORIENTED_EDGE('',*,*,#1406,.T.);
#1406 = EDGE_CURVE('',#1389,#1153,#1407,.T.);
#1407 = CIRCLE('',#1408,2.5);
#1408 = AXIS2_PLACEMENT_3D('',#1409,#1410,#1411);
#1409 = CARTESIAN_POINT('',(5.5,3.,9.7));
#1410 = DIRECTION('',(0.,1.,0.));
#1411 = DIRECTION('',(0.,0.,1.));
#1412 = ORIENTED_EDGE('',*,*,#1372,.T.);
#1413 = ORIENTED_EDGE('',*,*,#1414,.T.);
#1414 = EDGE_CURVE('',#1234,#1389,#1415,.T.);
#1415 = CIRCLE('',#1416,2.5);
#1416 = AXIS2_PLACEMENT_3D('',#1417,#1418,#1419);
#1417 = CARTESIAN_POINT('',(5.5,3.,9.7));
#1418 = DIRECTION('',(0.,1.,0.));
#1419 = DIRECTION('',(0.,0.,1.));
#1420 = CYLINDRICAL_SURFACE('',#1421,2.5);
#1421 = AXIS2_PLACEMENT_3D('',#1422,#1423,#1424);
#1422 = CARTESIAN_POINT('',(5.5,3.,9.7));
#1423 = DIRECTION('',(0.,1.,0.));
#1424 = DIRECTION('',(0.,0.,1.));
#1425 = ADVANCED_FACE('',(#1426),#1437,.F.);
#1426 = FACE_BOUND('',#1427,.F.);
#1427 = EDGE_LOOP('',(#1428,#1429,#1436));
#1428 = ORIENTED_EDGE('',*,*,#1225,.F.);
#1429 = ORIENTED_EDGE('',*,*,#1430,.T.);
#1430 = EDGE_CURVE('',#1226,#1193,#1431,.T.);
#1431 = CIRCLE('',#1432,2.5);
#1432 = AXIS2_PLACEMENT_3D('',#1433,#1434,#1435);
#1433 = CARTESIAN_POINT('',(24.5,3.,9.7));
#1434 = DIRECTION('',(0.,1.,0.));
#1435 = DIRECTION('',(0.,0.,1.));
#1436 = ORIENTED_EDGE('',*,*,#1192,.T.);
#1437 = PLANE('',#1438);
#1438 = AXIS2_PLACEMENT_3D('',#1439,#1440,#1441);
#1439 = CARTESIAN_POINT('',(24.5,3.,9.7));
#1440 = DIRECTION('',(0.,1.,0.));
#1441 = DIRECTION('',(0.,0.,1.));
#1442 = ADVANCED_FACE('',(#1443),#1478,.T.);
#1443 = FACE_BOUND('',#1444,.T.);
#1444 = EDGE_LOOP('',(#1445,#1455,#1462,#1463,#1470,#1471));
#1445 = ORIENTED_EDGE('',*,*,#1446,.T.);
#1446 = EDGE_CURVE('',#1447,#1449,#1451,.T.);
#1447 = VERTEX_POINT('',#1448);
#1448 = CARTESIAN_POINT('',(24.5,3.,12.2));
#1449 = VERTEX_POINT('',#1450);
#1450 = CARTESIAN_POINT('',(24.5,6.,12.2));
#1451 = LINE('',#1452,#1453);
#1452 = CARTESIAN_POINT('',(24.5,3.,12.2));
#1453 = VECTOR('',#1454,1.);
#1454 = DIRECTION('',(0.,1.,0.));
#1455 = ORIENTED_EDGE('',*,*,#1456,.F.);
#1456 = EDGE_CURVE('',#1449,#1449,#1457,.T.);
#1457 = CIRCLE('',#1458,2.5);
#1458 = AXIS2_PLACEMENT_3D('',#1459,#1460,#1461);
#1459 = CARTESIAN_POINT('',(24.5,6.,9.7));
#1460 = DIRECTION('',(0.,1.,0.));
#1461 = DIRECTION('',(0.,0.,1.));
#1462 = ORIENTED_EDGE('',*,*,#1446,.F.);
#1463 = ORIENTED_EDGE('',*,*,#1464,.T.);
#1464 = EDGE_CURVE('',#1447,#1226,#1465,.T.);
#1465 = CIRCLE('',#1466,2.5);
#1466 = AXIS2_PLACEMENT_3D('',#1467,#1468,#1469);
#1467 = CARTESIAN_POINT('',(24.5,3.,9.7));
#1468 = DIRECTION('',(0.,1.,0.));
#1469 = DIRECTION('',(0.,0.,1.));
#1470 = ORIENTED_EDGE('',*,*,#1430,.T.);
#1471 = ORIENTED_EDGE('',*,*,#1472,.T.);
#1472 = EDGE_CURVE('',#1193,#1447,#1473,.T.);
#1473 = CIRCLE('',#1474,2.5);
#1474 = AXIS2_PLACEMENT_3D('',#1475,#1476,#1477);
#1475 = CARTESIAN_POINT('',(24.5,3.,9.7));
#1476 = DIRECTION('',(0.,1.,0.));
#1477 = DIRECTION('',(0.,0.,1.));
#1478 = CYLINDRICAL_SURFACE('',#1479,2.5);
#1479 = AXIS2_PLACEMENT_3D('',#1480,#1481,#1482);
#1480 = CARTESIAN_POINT('',(24.5,3.,9.7));
#1481 = DIRECTION('',(0.,1.,0.));
#1482 = DIRECTION('',(0.,0.,1.));
#1483 = ADVANCED_FACE('',(#1484),#1487,.T.);
#1484 = FACE_BOUND('',#1485,.T.);
#1485 = EDGE_LOOP('',(#1486));
#1486 = ORIENTED_EDGE('',*,*,#1282,.T.);
#1487 = PLANE('',#1488);
#1488 = AXIS2_PLACEMENT_3D('',#1489,#1490,#1491);
#1489 = CARTESIAN_POINT('',(5.5,6.,20.3));
#1490 = DIRECTION('',(0.,1.,0.));
#1491 = DIRECTION('',(0.,0.,1.));
#1492 = ADVANCED_FACE('',(#1493),#1496,.T.);
#1493 = FACE_BOUND('',#1494,.T.);
#1494 = EDGE_LOOP('',(#1495));
#1495 = ORIENTED_EDGE('',*,*,#1340,.T.);
#1496 = PLANE('',#1497);
#1497 = AXIS2_PLACEMENT_3D('',#1498,#1499,#1500);
#1498 = CARTESIAN_POINT('',(24.5,6.,20.3));
#1499 = DIRECTION('',(0.,1.,0.));
#1500 = DIRECTION('',(0.,0.,1.));
#1501 = ADVANCED_FACE('',(#1502),#1505,.T.);
#1502 = FACE_BOUND('',#1503,.T.);
#1503 = EDGE_LOOP('',(#1504));
#1504 = ORIENTED_EDGE('',*,*,#1398,.T.);
#1505 = PLANE('',#1506);
#1506 = AXIS2_PLACEMENT_3D('',#1507,#1508,#1509);
#1507 = CARTESIAN_POINT('',(5.5,6.,9.7));
#1508 = DIRECTION('',(0.,1.,0.));
#1509 = DIRECTION('',(0.,0.,1.));
#1510 = ADVANCED_FACE('',(#1511),#1514,.T.);
#1511 = FACE_BOUND('',#1512,.T.);
#1512 = EDGE_LOOP('',(#1513));
#1513 = ORIENTED_EDGE('',*,*,#1456,.T.);
#1514 = PLANE('',#1515);
#1515 = AXIS2_PLACEMENT_3D('',#1516,#1517,#1518);
#1516 = CARTESIAN_POINT('',(24.5,6.,9.7));
#1517 = DIRECTION('',(0.,1.,0.));
#1518 = DIRECTION('',(0.,0.,1.));
#1519 = ADVANCED_FACE('',(#1520),#1561,.F.);
#1520 = FACE_BOUND('',#1521,.F.);
#1521 = EDGE_LOOP('',(#1522,#1530,#1531,#1539,#1547,#1555));
#1522 = ORIENTED_EDGE('',*,*,#1523,.F.);
#1523 = EDGE_CURVE('',#784,#1524,#1526,.T.);
#1524 = VERTEX_POINT('',#1525);
#1525 = CARTESIAN_POINT('',(-24.,3.,20.5));
#1526 = LINE('',#1527,#1528);
#1527 = CARTESIAN_POINT('',(-24.,-1.,20.5));
#1528 = VECTOR('',#1529,1.);
#1529 = DIRECTION('',(0.,1.,0.));
#1530 = ORIENTED_EDGE('',*,*,#783,.T.);
#1531 = ORIENTED_EDGE('',*,*,#1532,.T.);
#1532 = EDGE_CURVE('',#786,#1533,#1535,.T.);
#1533 = VERTEX_POINT('',#1534);
#1534 = CARTESIAN_POINT('',(-12.,3.,20.5));
#1535 = LINE('',#1536,#1537);
#1536 = CARTESIAN_POINT('',(-12.,-1.,20.5));
#1537 = VECTOR('',#1538,1.);
#1538 = DIRECTION('',(0.,1.,0.));
#1539 = ORIENTED_EDGE('',*,*,#1540,.F.);
#1540 = EDGE_CURVE('',#1541,#1533,#1543,.T.);
#1541 = VERTEX_POINT('',#1542);
#1542 = CARTESIAN_POINT('',(-14.14198715887,3.,20.5));
#1543 = LINE('',#1544,#1545);
#1544 = CARTESIAN_POINT('',(-27.,3.,20.5));
#1545 = VECTOR('',#1546,1.);
#1546 = DIRECTION('',(1.,0.,0.));
#1547 = ORIENTED_EDGE('',*,*,#1548,.F.);
#1548 = EDGE_CURVE('',#1549,#1541,#1551,.T.);
#1549 = VERTEX_POINT('',#1550);
#1550 = CARTESIAN_POINT('',(-21.85801284112,3.,20.5));
#1551 = LINE('',#1552,#1553);
#1552 = CARTESIAN_POINT('',(-27.,3.,20.5));
#1553 = VECTOR('',#1554,1.);
#1554 = DIRECTION('',(1.,0.,0.));
#1555 = ORIENTED_EDGE('',*,*,#1556,.F.);
#1556 = EDGE_CURVE('',#1524,#1549,#1557,.T.);
#1557 = LINE('',#1558,#1559);
#1558 = CARTESIAN_POINT('',(-27.,3.,20.5));
#1559 = VECTOR('',#1560,1.);
#1560 = DIRECTION('',(1.,0.,0.));
#1561 = PLANE('',#1562);
#1562 = AXIS2_PLACEMENT_3D('',#1563,#1564,#1565);
#1563 = CARTESIAN_POINT('',(-24.,-1.,20.5));
#1564 = DIRECTION('',(0.,0.,1.));
#1565 = DIRECTION('',(1.,0.,0.));
#1566 = ADVANCED_FACE('',(#1567),#1601,.T.);
#1567 = FACE_BOUND('',#1568,.T.);
#1568 = EDGE_LOOP('',(#1569,#1570,#1571,#1579,#1587,#1595));
#1569 = ORIENTED_EDGE('',*,*,#1523,.F.);
#1570 = ORIENTED_EDGE('',*,*,#809,.T.);
#1571 = ORIENTED_EDGE('',*,*,#1572,.T.);
#1572 = EDGE_CURVE('',#802,#1573,#1575,.T.);
#1573 = VERTEX_POINT('',#1574);
#1574 = CARTESIAN_POINT('',(-24.,3.,9.5));
#1575 = LINE('',#1576,#1577);
#1576 = CARTESIAN_POINT('',(-24.,-1.,9.5));
#1577 = VECTOR('',#1578,1.);
#1578 = DIRECTION('',(0.,1.,0.));
#1579 = ORIENTED_EDGE('',*,*,#1580,.F.);
#1580 = EDGE_CURVE('',#1581,#1573,#1583,.T.);
#1581 = VERTEX_POINT('',#1582);
#1582 = CARTESIAN_POINT('',(-24.,3.,11.775378758897));
#1583 = LINE('',#1584,#1585);
#1584 = CARTESIAN_POINT('',(-24.,3.,4.75));
#1585 = VECTOR('',#1586,1.);
#1586 = DIRECTION('',(0.,0.,-1.));
#1587 = ORIENTED_EDGE('',*,*,#1588,.F.);
#1588 = EDGE_CURVE('',#1589,#1581,#1591,.T.);
#1589 = VERTEX_POINT('',#1590);
#1590 = CARTESIAN_POINT('',(-24.,3.,18.224621241103));
#1591 = LINE('',#1592,#1593);
#1592 = CARTESIAN_POINT('',(-24.,3.,4.75));
#1593 = VECTOR('',#1594,1.);
#1594 = DIRECTION('',(0.,0.,-1.));
#1595 = ORIENTED_EDGE('',*,*,#1596,.F.);
#1596 = EDGE_CURVE('',#1524,#1589,#1597,.T.);
#1597 = LINE('',#1598,#1599);
#1598 = CARTESIAN_POINT('',(-24.,3.,4.75));
#1599 = VECTOR('',#1600,1.);
#1600 = DIRECTION('',(0.,0.,-1.));
#1601 = PLANE('',#1602);
#1602 = AXIS2_PLACEMENT_3D('',#1603,#1604,#1605);
#1603 = CARTESIAN_POINT('',(-24.,-1.,9.5));
#1604 = DIRECTION('',(1.,0.,0.));
#1605 = DIRECTION('',(0.,0.,1.));
#1606 = ADVANCED_FACE('',(#1607),#1641,.F.);
#1607 = FACE_BOUND('',#1608,.F.);
#1608 = EDGE_LOOP('',(#1609,#1610,#1611,#1619,#1627,#1635));
#1609 = ORIENTED_EDGE('',*,*,#1532,.F.);
#1610 = ORIENTED_EDGE('',*,*,#793,.T.);
#1611 = ORIENTED_EDGE('',*,*,#1612,.T.);
#1612 = EDGE_CURVE('',#794,#1613,#1615,.T.);
#1613 = VERTEX_POINT('',#1614);
#1614 = CARTESIAN_POINT('',(-12.,3.,9.5));
#1615 = LINE('',#1616,#1617);
#1616 = CARTESIAN_POINT('',(-12.,-1.,9.5));
#1617 = VECTOR('',#1618,1.);
#1618 = DIRECTION('',(0.,1.,0.));
#1619 = ORIENTED_EDGE('',*,*,#1620,.F.);
#1620 = EDGE_CURVE('',#1621,#1613,#1623,.T.);
#1621 = VERTEX_POINT('',#1622);
#1622 = CARTESIAN_POINT('',(-12.,3.,11.775378758897));
#1623 = LINE('',#1624,#1625);
#1624 = CARTESIAN_POINT('',(-12.,3.,4.75));
#1625 = VECTOR('',#1626,1.);
#1626 = DIRECTION('',(0.,0.,-1.));
#1627 = ORIENTED_EDGE('',*,*,#1628,.F.);
#1628 = EDGE_CURVE('',#1629,#1621,#1631,.T.);
#1629 = VERTEX_POINT('',#1630);
#1630 = CARTESIAN_POINT('',(-12.,3.,18.224621241103));
#1631 = LINE('',#1632,#1633);
#1632 = CARTESIAN_POINT('',(-12.,3.,4.75));
#1633 = VECTOR('',#1634,1.);
#1634 = DIRECTION('',(0.,0.,-1.));
#1635 = ORIENTED_EDGE('',*,*,#1636,.F.);
#1636 = EDGE_CURVE('',#1533,#1629,#1637,.T.);
#1637 = LINE('',#1638,#1639);
#1638 = CARTESIAN_POINT('',(-12.,3.,4.75));
#1639 = VECTOR('',#1640,1.);
#1640 = DIRECTION('',(0.,0.,-1.));
#1641 = PLANE('',#1642);
#1642 = AXIS2_PLACEMENT_3D('',#1643,#1644,#1645);
#1643 = CARTESIAN_POINT('',(-12.,-1.,9.5));
#1644 = DIRECTION('',(1.,0.,0.));
#1645 = DIRECTION('',(0.,0.,1.));
#1646 = ADVANCED_FACE('',(#1647),#1674,.T.);
#1647 = FACE_BOUND('',#1648,.T.);
#1648 = EDGE_LOOP('',(#1649,#1650,#1651,#1652,#1660,#1668));
#1649 = ORIENTED_EDGE('',*,*,#1572,.F.);
#1650 = ORIENTED_EDGE('',*,*,#801,.T.);
#1651 = ORIENTED_EDGE('',*,*,#1612,.T.);
#1652 = ORIENTED_EDGE('',*,*,#1653,.F.);
#1653 = EDGE_CURVE('',#1654,#1613,#1656,.T.);
#1654 = VERTEX_POINT('',#1655);
#1655 = CARTESIAN_POINT('',(-14.14198715887,3.,9.5));
#1656 = LINE('',#1657,#1658);
#1657 = CARTESIAN_POINT('',(-27.,3.,9.5));
#1658 = VECTOR('',#1659,1.);
#1659 = DIRECTION('',(1.,0.,0.));
#1660 = ORIENTED_EDGE('',*,*,#1661,.F.);
#1661 = EDGE_CURVE('',#1662,#1654,#1664,.T.);
#1662 = VERTEX_POINT('',#1663);
#1663 = CARTESIAN_POINT('',(-21.85801284112,3.,9.5));
#1664 = LINE('',#1665,#1666);
#1665 = CARTESIAN_POINT('',(-27.,3.,9.5));
#1666 = VECTOR('',#1667,1.);
#1667 = DIRECTION('',(1.,0.,0.));
#1668 = ORIENTED_EDGE('',*,*,#1669,.F.);
#1669 = EDGE_CURVE('',#1573,#1662,#1670,.T.);
#1670 = LINE('',#1671,#1672);
#1671 = CARTESIAN_POINT('',(-27.,3.,9.5));
#1672 = VECTOR('',#1673,1.);
#1673 = DIRECTION('',(1.,0.,0.));
#1674 = PLANE('',#1675);
#1675 = AXIS2_PLACEMENT_3D('',#1676,#1677,#1678);
#1676 = CARTESIAN_POINT('',(-24.,-1.,9.5));
#1677 = DIRECTION('',(0.,0.,1.));
#1678 = DIRECTION('',(1.,0.,0.));
#1679 = ADVANCED_FACE('',(#1680),#1691,.F.);
#1680 = FACE_BOUND('',#1681,.F.);
#1681 = EDGE_LOOP('',(#1682,#1683,#1690));
#1682 = ORIENTED_EDGE('',*,*,#1556,.T.);
#1683 = ORIENTED_EDGE('',*,*,#1684,.T.);
#1684 = EDGE_CURVE('',#1549,#1589,#1685,.T.);
#1685 = CIRCLE('',#1686,2.5);
#1686 = AXIS2_PLACEMENT_3D('',#1687,#1688,#1689);
#1687 = CARTESIAN_POINT('',(-24.35,3.,20.7));
#1688 = DIRECTION('',(0.,1.,0.));
#1689 = DIRECTION('',(0.,0.,1.));
#1690 = ORIENTED_EDGE('',*,*,#1596,.F.);
#1691 = PLANE('',#1692);
#1692 = AXIS2_PLACEMENT_3D('',#1693,#1694,#1695);
#1693 = CARTESIAN_POINT('',(-24.35,3.,20.7));
#1694 = DIRECTION('',(0.,1.,0.));
#1695 = DIRECTION('',(0.,0.,1.));
#1696 = ADVANCED_FACE('',(#1697),#1732,.T.);
#1697 = FACE_BOUND('',#1698,.T.);
#1698 = EDGE_LOOP('',(#1699,#1709,#1716,#1717,#1724,#1725));
#1699 = ORIENTED_EDGE('',*,*,#1700,.T.);
#1700 = EDGE_CURVE('',#1701,#1703,#1705,.T.);
#1701 = VERTEX_POINT('',#1702);
#1702 = CARTESIAN_POINT('',(-24.35,3.,23.2));
#1703 = VERTEX_POINT('',#1704);
#1704 = CARTESIAN_POINT('',(-24.35,6.,23.2));
#1705 = LINE('',#1706,#1707);
#1706 = CARTESIAN_POINT('',(-24.35,3.,23.2));
#1707 = VECTOR('',#1708,1.);
#1708 = DIRECTION('',(0.,1.,0.));
#1709 = ORIENTED_EDGE('',*,*,#1710,.F.);
#1710 = EDGE_CURVE('',#1703,#1703,#1711,.T.);
#1711 = CIRCLE('',#1712,2.5);
#1712 = AXIS2_PLACEMENT_3D('',#1713,#1714,#1715);
#1713 = CARTESIAN_POINT('',(-24.35,6.,20.7));
#1714 = DIRECTION('',(0.,1.,0.));
#1715 = DIRECTION('',(0.,0.,1.));
#1716 = ORIENTED_EDGE('',*,*,#1700,.F.);
#1717 = ORIENTED_EDGE('',*,*,#1718,.T.);
#1718 = EDGE_CURVE('',#1701,#1549,#1719,.T.);
#1719 = CIRCLE('',#1720,2.5);
#1720 = AXIS2_PLACEMENT_3D('',#1721,#1722,#1723);
#1721 = CARTESIAN_POINT('',(-24.35,3.,20.7));
#1722 = DIRECTION('',(0.,1.,0.));
#1723 = DIRECTION('',(0.,0.,1.));
#1724 = ORIENTED_EDGE('',*,*,#1684,.T.);
#1725 = ORIENTED_EDGE('',*,*,#1726,.T.);
#1726 = EDGE_CURVE('',#1589,#1701,#1727,.T.);
#1727 = CIRCLE('',#1728,2.5);
#1728 = AXIS2_PLACEMENT_3D('',#1729,#1730,#1731);
#1729 = CARTESIAN_POINT('',(-24.35,3.,20.7));
#1730 = DIRECTION('',(0.,1.,0.));
#1731 = DIRECTION('',(0.,0.,1.));
#1732 = CYLINDRICAL_SURFACE('',#1733,2.5);
#1733 = AXIS2_PLACEMENT_3D('',#1734,#1735,#1736);
#1734 = CARTESIAN_POINT('',(-24.35,3.,20.7));
#1735 = DIRECTION('',(0.,1.,0.));
#1736 = DIRECTION('',(0.,0.,1.));
#1737 = ADVANCED_FACE('',(#1738),#1749,.F.);
#1738 = FACE_BOUND('',#1739,.F.);
#1739 = EDGE_LOOP('',(#1740,#1741,#1748));
#1740 = ORIENTED_EDGE('',*,*,#1636,.T.);
#1741 = ORIENTED_EDGE('',*,*,#1742,.T.);
#1742 = EDGE_CURVE('',#1629,#1541,#1743,.T.);
#1743 = CIRCLE('',#1744,2.5);
#1744 = AXIS2_PLACEMENT_3D('',#1745,#1746,#1747);
#1745 = CARTESIAN_POINT('',(-11.65,3.,20.7));
#1746 = DIRECTION('',(0.,1.,0.));
#1747 = DIRECTION('',(0.,0.,1.));
#1748 = ORIENTED_EDGE('',*,*,#1540,.T.);
#1749 = PLANE('',#1750);
#1750 = AXIS2_PLACEMENT_3D('',#1751,#1752,#1753);
#1751 = CARTESIAN_POINT('',(-11.65,3.,20.7));
#1752 = DIRECTION('',(0.,1.,0.));
#1753 = DIRECTION('',(0.,0.,1.));
#1754 = ADVANCED_FACE('',(#1755),#1790,.T.);
#1755 = FACE_BOUND('',#1756,.T.);
#1756 = EDGE_LOOP('',(#1757,#1767,#1774,#1775,#1782,#1783));
#1757 = ORIENTED_EDGE('',*,*,#1758,.T.);
#1758 = EDGE_CURVE('',#1759,#1761,#1763,.T.);
#1759 = VERTEX_POINT('',#1760);
#1760 = CARTESIAN_POINT('',(-11.65,3.,23.2));
#1761 = VERTEX_POINT('',#1762);
#1762 = CARTESIAN_POINT('',(-11.65,6.,23.2));
#1763 = LINE('',#1764,#1765);
#1764 = CARTESIAN_POINT('',(-11.65,3.,23.2));
#1765 = VECTOR('',#1766,1.);
#1766 = DIRECTION('',(0.,1.,0.));
#1767 = ORIENTED_EDGE('',*,*,#1768,.F.);
#1768 = EDGE_CURVE('',#1761,#1761,#1769,.T.);
#1769 = CIRCLE('',#1770,2.5);
#1770 = AXIS2_PLACEMENT_3D('',#1771,#1772,#1773);
#1771 = CARTESIAN_POINT('',(-11.65,6.,20.7));
#1772 = DIRECTION('',(0.,1.,0.));
#1773 = DIRECTION('',(0.,0.,1.));
#1774 = ORIENTED_EDGE('',*,*,#1758,.F.);
#1775 = ORIENTED_EDGE('',*,*,#1776,.T.);
#1776 = EDGE_CURVE('',#1759,#1629,#1777,.T.);
#1777 = CIRCLE('',#1778,2.5);
#1778 = AXIS2_PLACEMENT_3D('',#1779,#1780,#1781);
#1779 = CARTESIAN_POINT('',(-11.65,3.,20.7));
#1780 = DIRECTION('',(0.,1.,0.));
#1781 = DIRECTION('',(0.,0.,1.));
#1782 = ORIENTED_EDGE('',*,*,#1742,.T.);
#1783 = ORIENTED_EDGE('',*,*,#1784,.T.);
#1784 = EDGE_CURVE('',#1541,#1759,#1785,.T.);
#1785 = CIRCLE('',#1786,2.5);
#1786 = AXIS2_PLACEMENT_3D('',#1787,#1788,#1789);
#1787 = CARTESIAN_POINT('',(-11.65,3.,20.7));
#1788 = DIRECTION('',(0.,1.,0.));
#1789 = DIRECTION('',(0.,0.,1.));
#1790 = CYLINDRICAL_SURFACE('',#1791,2.5);
#1791 = AXIS2_PLACEMENT_3D('',#1792,#1793,#1794);
#1792 = CARTESIAN_POINT('',(-11.65,3.,20.7));
#1793 = DIRECTION('',(0.,1.,0.));
#1794 = DIRECTION('',(0.,0.,1.));
#1795 = ADVANCED_FACE('',(#1796),#1807,.F.);
#1796 = FACE_BOUND('',#1797,.F.);
#1797 = EDGE_LOOP('',(#1798,#1799,#1806));
#1798 = ORIENTED_EDGE('',*,*,#1580,.F.);
#1799 = ORIENTED_EDGE('',*,*,#1800,.T.);
#1800 = EDGE_CURVE('',#1581,#1662,#1801,.T.);
#1801 = CIRCLE('',#1802,2.5);
#1802 = AXIS2_PLACEMENT_3D('',#1803,#1804,#1805);
#1803 = CARTESIAN_POINT('',(-24.35,3.,9.3));
#1804 = DIRECTION('',(0.,1.,0.));
#1805 = DIRECTION('',(0.,0.,1.));
#1806 = ORIENTED_EDGE('',*,*,#1669,.F.);
#1807 = PLANE('',#1808);
#1808 = AXIS2_PLACEMENT_3D('',#1809,#1810,#1811);
#1809 = CARTESIAN_POINT('',(-24.35,3.,9.3));
#1810 = DIRECTION('',(0.,1.,0.));
#1811 = DIRECTION('',(0.,0.,1.));
#1812 = ADVANCED_FACE('',(#1813),#1848,.T.);
#1813 = FACE_BOUND('',#1814,.T.);
#1814 = EDGE_LOOP('',(#1815,#1825,#1832,#1833,#1840,#1841));
#1815 = ORIENTED_EDGE('',*,*,#1816,.T.);
#1816 = EDGE_CURVE('',#1817,#1819,#1821,.T.);
#1817 = VERTEX_POINT('',#1818);
#1818 = CARTESIAN_POINT('',(-24.35,3.,11.8));
#1819 = VERTEX_POINT('',#1820);
#1820 = CARTESIAN_POINT('',(-24.35,6.,11.8));
#1821 = LINE('',#1822,#1823);
#1822 = CARTESIAN_POINT('',(-24.35,3.,11.8));
#1823 = VECTOR('',#1824,1.);
#1824 = DIRECTION('',(0.,1.,0.));
#1825 = ORIENTED_EDGE('',*,*,#1826,.F.);
#1826 = EDGE_CURVE('',#1819,#1819,#1827,.T.);
#1827 = CIRCLE('',#1828,2.5);
#1828 = AXIS2_PLACEMENT_3D('',#1829,#1830,#1831);
#1829 = CARTESIAN_POINT('',(-24.35,6.,9.3));
#1830 = DIRECTION('',(0.,1.,0.));
#1831 = DIRECTION('',(0.,0.,1.));
#1832 = ORIENTED_EDGE('',*,*,#1816,.F.);
#1833 = ORIENTED_EDGE('',*,*,#1834,.T.);
#1834 = EDGE_CURVE('',#1817,#1581,#1835,.T.);
#1835 = CIRCLE('',#1836,2.5);
#1836 = AXIS2_PLACEMENT_3D('',#1837,#1838,#1839);
#1837 = CARTESIAN_POINT('',(-24.35,3.,9.3));
#1838 = DIRECTION('',(0.,1.,0.));
#1839 = DIRECTION('',(0.,0.,1.));
#1840 = ORIENTED_EDGE('',*,*,#1800,.T.);
#1841 = ORIENTED_EDGE('',*,*,#1842,.T.);
#1842 = EDGE_CURVE('',#1662,#1817,#1843,.T.);
#1843 = CIRCLE('',#1844,2.5);
#1844 = AXIS2_PLACEMENT_3D('',#1845,#1846,#1847);
#1845 = CARTESIAN_POINT('',(-24.35,3.,9.3));
#1846 = DIRECTION('',(0.,1.,0.));
#1847 = DIRECTION('',(0.,0.,1.));
#1848 = CYLINDRICAL_SURFACE('',#1849,2.5);
#1849 = AXIS2_PLACEMENT_3D('',#1850,#1851,#1852);
#1850 = CARTESIAN_POINT('',(-24.35,3.,9.3));
#1851 = DIRECTION('',(0.,1.,0.));
#1852 = DIRECTION('',(0.,0.,1.));
#1853 = ADVANCED_FACE('',(#1854),#1865,.F.);
#1854 = FACE_BOUND('',#1855,.F.);
#1855 = EDGE_LOOP('',(#1856,#1857,#1864));
#1856 = ORIENTED_EDGE('',*,*,#1653,.F.);
#1857 = ORIENTED_EDGE('',*,*,#1858,.T.);
#1858 = EDGE_CURVE('',#1654,#1621,#1859,.T.);
#1859 = CIRCLE('',#1860,2.5);
#1860 = AXIS2_PLACEMENT_3D('',#1861,#1862,#1863);
#1861 = CARTESIAN_POINT('',(-11.65,3.,9.3));
#1862 = DIRECTION('',(0.,1.,0.));
#1863 = DIRECTION('',(0.,0.,1.));
#1864 = ORIENTED_EDGE('',*,*,#1620,.T.);
#1865 = PLANE('',#1866);
#1866 = AXIS2_PLACEMENT_3D('',#1867,#1868,#1869);
#1867 = CARTESIAN_POINT('',(-11.65,3.,9.3));
#1868 = DIRECTION('',(0.,1.,0.));
#1869 = DIRECTION('',(0.,0.,1.));
#1870 = ADVANCED_FACE('',(#1871),#1906,.T.);
#1871 = FACE_BOUND('',#1872,.T.);
#1872 = EDGE_LOOP('',(#1873,#1883,#1890,#1891,#1898,#1899));
#1873 = ORIENTED_EDGE('',*,*,#1874,.T.);
#1874 = EDGE_CURVE('',#1875,#1877,#1879,.T.);
#1875 = VERTEX_POINT('',#1876);
#1876 = CARTESIAN_POINT('',(-11.65,3.,11.8));
#1877 = VERTEX_POINT('',#1878);
#1878 = CARTESIAN_POINT('',(-11.65,6.,11.8));
#1879 = LINE('',#1880,#1881);
#1880 = CARTESIAN_POINT('',(-11.65,3.,11.8));
#1881 = VECTOR('',#1882,1.);
#1882 = DIRECTION('',(0.,1.,0.));
#1883 = ORIENTED_EDGE('',*,*,#1884,.F.);
#1884 = EDGE_CURVE('',#1877,#1877,#1885,.T.);
#1885 = CIRCLE('',#1886,2.5);
#1886 = AXIS2_PLACEMENT_3D('',#1887,#1888,#1889);
#1887 = CARTESIAN_POINT('',(-11.65,6.,9.3));
#1888 = DIRECTION('',(0.,1.,0.));
#1889 = DIRECTION('',(0.,0.,1.));
#1890 = ORIENTED_EDGE('',*,*,#1874,.F.);
#1891 = ORIENTED_EDGE('',*,*,#1892,.T.);
#1892 = EDGE_CURVE('',#1875,#1654,#1893,.T.);
#1893 = CIRCLE('',#1894,2.5);
#1894 = AXIS2_PLACEMENT_3D('',#1895,#1896,#1897);
#1895 = CARTESIAN_POINT('',(-11.65,3.,9.3));
#1896 = DIRECTION('',(0.,1.,0.));
#1897 = DIRECTION('',(0.,0.,1.));
#1898 = ORIENTED_EDGE('',*,*,#1858,.T.);
#1899 = ORIENTED_EDGE('',*,*,#1900,.T.);
#1900 = EDGE_CURVE('',#1621,#1875,#1901,.T.);
#1901 = CIRCLE('',#1902,2.5);
#1902 = AXIS2_PLACEMENT_3D('',#1903,#1904,#1905);
#1903 = CARTESIAN_POINT('',(-11.65,3.,9.3));
#1904 = DIRECTION('',(0.,1.,0.));
#1905 = DIRECTION('',(0.,0.,1.));
#1906 = CYLINDRICAL_SURFACE('',#1907,2.5);
#1907 = AXIS2_PLACEMENT_3D('',#1908,#1909,#1910);
#1908 = CARTESIAN_POINT('',(-11.65,3.,9.3));
#1909 = DIRECTION('',(0.,1.,0.));
#1910 = DIRECTION('',(0.,0.,1.));
#1911 = ADVANCED_FACE('',(#1912),#1915,.T.);
#1912 = FACE_BOUND('',#1913,.T.);
#1913 = EDGE_LOOP('',(#1914));
#1914 = ORIENTED_EDGE('',*,*,#1710,.T.);
#1915 = PLANE('',#1916);
#1916 = AXIS2_PLACEMENT_3D('',#1917,#1918,#1919);
#1917 = CARTESIAN_POINT('',(-24.35,6.,20.7));
#1918 = DIRECTION('',(0.,1.,0.));
#1919 = DIRECTION('',(0.,0.,1.));
#1920 = ADVANCED_FACE('',(#1921),#1924,.T.);
#1921 = FACE_BOUND('',#1922,.T.);
#1922 = EDGE_LOOP('',(#1923));
#1923 = ORIENTED_EDGE('',*,*,#1768,.T.);
#1924 = PLANE('',#1925);
#1925 = AXIS2_PLACEMENT_3D('',#1926,#1927,#1928);
#1926 = CARTESIAN_POINT('',(-11.65,6.,20.7));
#1927 = DIRECTION('',(0.,1.,0.));
#1928 = DIRECTION('',(0.,0.,1.));
#1929 = ADVANCED_FACE('',(#1930),#1933,.T.);
#1930 = FACE_BOUND('',#1931,.T.);
#1931 = EDGE_LOOP('',(#1932));
#1932 = ORIENTED_EDGE('',*,*,#1826,.T.);
#1933 = PLANE('',#1934);
#1934 = AXIS2_PLACEMENT_3D('',#1935,#1936,#1937);
#1935 = CARTESIAN_POINT('',(-24.35,6.,9.3));
#1936 = DIRECTION('',(0.,1.,0.));
#1937 = DIRECTION('',(0.,0.,1.));
#1938 = ADVANCED_FACE('',(#1939),#1942,.T.);
#1939 = FACE_BOUND('',#1940,.T.);
#1940 = EDGE_LOOP('',(#1941));
#1941 = ORIENTED_EDGE('',*,*,#1884,.T.);
#1942 = PLANE('',#1943);
#1943 = AXIS2_PLACEMENT_3D('',#1944,#1945,#1946);
#1944 = CARTESIAN_POINT('',(-11.65,6.,9.3));
#1945 = DIRECTION('',(0.,1.,0.));
#1946 = DIRECTION('',(0.,0.,1.));
#1947 = ADVANCED_FACE('',(#1948),#1973,.F.);
#1948 = FACE_BOUND('',#1949,.F.);
#1949 = EDGE_LOOP('',(#1950,#1958,#1959,#1967));
#1950 = ORIENTED_EDGE('',*,*,#1951,.F.);
#1951 = EDGE_CURVE('',#818,#1952,#1954,.T.);
#1952 = VERTEX_POINT('',#1953);
#1953 = CARTESIAN_POINT('',(-25.75,3.,3.8));
#1954 = LINE('',#1955,#1956);
#1955 = CARTESIAN_POINT('',(-25.75,-1.,3.8));
#1956 = VECTOR('',#1957,1.);
#1957 = DIRECTION('',(0.,1.,0.));
#1958 = ORIENTED_EDGE('',*,*,#817,.T.);
#1959 = ORIENTED_EDGE('',*,*,#1960,.T.);
#1960 = EDGE_CURVE('',#820,#1961,#1963,.T.);
#1961 = VERTEX_POINT('',#1962);
#1962 = CARTESIAN_POINT('',(-22.25,3.,3.8));
#1963 = LINE('',#1964,#1965);
#1964 = CARTESIAN_POINT('',(-22.25,-1.,3.8));
#1965 = VECTOR('',#1966,1.);
#1966 = DIRECTION('',(0.,1.,0.));
#1967 = ORIENTED_EDGE('',*,*,#1968,.F.);
#1968 = EDGE_CURVE('',#1952,#1961,#1969,.T.);
#1969 = LINE('',#1970,#1971);
#1970 = CARTESIAN_POINT('',(-27.875,3.,3.8));
#1971 = VECTOR('',#1972,1.);
#1972 = DIRECTION('',(1.,0.,0.));
#1973 = PLANE('',#1974);
#1974 = AXIS2_PLACEMENT_3D('',#1975,#1976,#1977);
#1975 = CARTESIAN_POINT('',(-25.75,-1.,3.8));
#1976 = DIRECTION('',(0.,0.,1.));
#1977 = DIRECTION('',(1.,0.,0.));
#1978 = ADVANCED_FACE('',(#1979),#1997,.T.);
#1979 = FACE_BOUND('',#1980,.T.);
#1980 = EDGE_LOOP('',(#1981,#1982,#1983,#1991));
#1981 = ORIENTED_EDGE('',*,*,#1951,.F.);
#1982 = ORIENTED_EDGE('',*,*,#843,.T.);
#1983 = ORIENTED_EDGE('',*,*,#1984,.T.);
#1984 = EDGE_CURVE('',#836,#1985,#1987,.T.);
#1985 = VERTEX_POINT('',#1986);
#1986 = CARTESIAN_POINT('',(-25.75,3.,1.8));
#1987 = LINE('',#1988,#1989);
#1988 = CARTESIAN_POINT('',(-25.75,-1.,1.8));
#1989 = VECTOR('',#1990,1.);
#1990 = DIRECTION('',(0.,1.,0.));
#1991 = ORIENTED_EDGE('',*,*,#1992,.F.);
#1992 = EDGE_CURVE('',#1952,#1985,#1993,.T.);
#1993 = LINE('',#1994,#1995);
#1994 = CARTESIAN_POINT('',(-25.75,3.,0.9));
#1995 = VECTOR('',#1996,1.);
#1996 = DIRECTION('',(0.,0.,-1.));
#1997 = PLANE('',#1998);
#1998 = AXIS2_PLACEMENT_3D('',#1999,#2000,#2001);
#1999 = CARTESIAN_POINT('',(-25.75,-1.,1.8));
#2000 = DIRECTION('',(1.,0.,0.));
#2001 = DIRECTION('',(0.,0.,1.));
#2002 = ADVANCED_FACE('',(#2003),#2021,.F.);
#2003 = FACE_BOUND('',#2004,.F.);
#2004 = EDGE_LOOP('',(#2005,#2006,#2007,#2015));
#2005 = ORIENTED_EDGE('',*,*,#1960,.F.);
#2006 = ORIENTED_EDGE('',*,*,#827,.T.);
#2007 = ORIENTED_EDGE('',*,*,#2008,.T.);
#2008 = EDGE_CURVE('',#828,#2009,#2011,.T.);
#2009 = VERTEX_POINT('',#2010);
#2010 = CARTESIAN_POINT('',(-22.25,3.,1.8));
#2011 = LINE('',#2012,#2013);
#2012 = CARTESIAN_POINT('',(-22.25,-1.,1.8));
#2013 = VECTOR('',#2014,1.);
#2014 = DIRECTION('',(0.,1.,0.));
#2015 = ORIENTED_EDGE('',*,*,#2016,.F.);
#2016 = EDGE_CURVE('',#1961,#2009,#2017,.T.);
#2017 = LINE('',#2018,#2019);
#2018 = CARTESIAN_POINT('',(-22.25,3.,0.9));
#2019 = VECTOR('',#2020,1.);
#2020 = DIRECTION('',(0.,0.,-1.));
#2021 = PLANE('',#2022);
#2022 = AXIS2_PLACEMENT_3D('',#2023,#2024,#2025);
#2023 = CARTESIAN_POINT('',(-22.25,-1.,1.8));
#2024 = DIRECTION('',(1.,0.,0.));
#2025 = DIRECTION('',(0.,0.,1.));
#2026 = ADVANCED_FACE('',(#2027),#2038,.T.);
#2027 = FACE_BOUND('',#2028,.T.);
#2028 = EDGE_LOOP('',(#2029,#2030,#2031,#2032));
#2029 = ORIENTED_EDGE('',*,*,#1984,.F.);
#2030 = ORIENTED_EDGE('',*,*,#835,.T.);
#2031 = ORIENTED_EDGE('',*,*,#2008,.T.);
#2032 = ORIENTED_EDGE('',*,*,#2033,.F.);
#2033 = EDGE_CURVE('',#1985,#2009,#2034,.T.);
#2034 = LINE('',#2035,#2036);
#2035 = CARTESIAN_POINT('',(-27.875,3.,1.8));
#2036 = VECTOR('',#2037,1.);
#2037 = DIRECTION('',(1.,0.,0.));
#2038 = PLANE('',#2039);
#2039 = AXIS2_PLACEMENT_3D('',#2040,#2041,#2042);
#2040 = CARTESIAN_POINT('',(-25.75,-1.,1.8));
#2041 = DIRECTION('',(0.,0.,1.));
#2042 = DIRECTION('',(1.,0.,0.));
#2043 = ADVANCED_FACE('',(#2044),#2069,.F.);
#2044 = FACE_BOUND('',#2045,.F.);
#2045 = EDGE_LOOP('',(#2046,#2054,#2055,#2063));
#2046 = ORIENTED_EDGE('',*,*,#2047,.F.);
#2047 = EDGE_CURVE('',#852,#2048,#2050,.T.);
#2048 = VERTEX_POINT('',#2049);
#2049 = CARTESIAN_POINT('',(-13.75,3.,3.8));
#2050 = LINE('',#2051,#2052);
#2051 = CARTESIAN_POINT('',(-13.75,-1.,3.8));
#2052 = VECTOR('',#2053,1.);
#2053 = DIRECTION('',(0.,1.,0.));
#2054 = ORIENTED_EDGE('',*,*,#851,.T.);
#2055 = ORIENTED_EDGE('',*,*,#2056,.T.);
#2056 = EDGE_CURVE('',#854,#2057,#2059,.T.);
#2057 = VERTEX_POINT('',#2058);
#2058 = CARTESIAN_POINT('',(-10.25,3.,3.8));
#2059 = LINE('',#2060,#2061);
#2060 = CARTESIAN_POINT('',(-10.25,-1.,3.8));
#2061 = VECTOR('',#2062,1.);
#2062 = DIRECTION('',(0.,1.,0.));
#2063 = ORIENTED_EDGE('',*,*,#2064,.F.);
#2064 = EDGE_CURVE('',#2048,#2057,#2065,.T.);
#2065 = LINE('',#2066,#2067);
#2066 = CARTESIAN_POINT('',(-21.875,3.,3.8));
#2067 = VECTOR('',#2068,1.);
#2068 = DIRECTION('',(1.,0.,0.));
#2069 = PLANE('',#2070);
#2070 = AXIS2_PLACEMENT_3D('',#2071,#2072,#2073);
#2071 = CARTESIAN_POINT('',(-13.75,-1.,3.8));
#2072 = DIRECTION('',(0.,0.,1.));
#2073 = DIRECTION('',(1.,0.,0.));
#2074 = ADVANCED_FACE('',(#2075),#2093,.T.);
#2075 = FACE_BOUND('',#2076,.T.);
#2076 = EDGE_LOOP('',(#2077,#2078,#2079,#2087));
#2077 = ORIENTED_EDGE('',*,*,#2047,.F.);
#2078 = ORIENTED_EDGE('',*,*,#877,.T.);
#2079 = ORIENTED_EDGE('',*,*,#2080,.T.);
#2080 = EDGE_CURVE('',#870,#2081,#2083,.T.);
#2081 = VERTEX_POINT('',#2082);
#2082 = CARTESIAN_POINT('',(-13.75,3.,1.8));
#2083 = LINE('',#2084,#2085);
#2084 = CARTESIAN_POINT('',(-13.75,-1.,1.8));
#2085 = VECTOR('',#2086,1.);
#2086 = DIRECTION('',(0.,1.,0.));
#2087 = ORIENTED_EDGE('',*,*,#2088,.F.);
#2088 = EDGE_CURVE('',#2048,#2081,#2089,.T.);
#2089 = LINE('',#2090,#2091);
#2090 = CARTESIAN_POINT('',(-13.75,3.,0.9));
#2091 = VECTOR('',#2092,1.);
#2092 = DIRECTION('',(0.,0.,-1.));
#2093 = PLANE('',#2094);
#2094 = AXIS2_PLACEMENT_3D('',#2095,#2096,#2097);
#2095 = CARTESIAN_POINT('',(-13.75,-1.,1.8));
#2096 = DIRECTION('',(1.,0.,0.));
#2097 = DIRECTION('',(0.,0.,1.));
#2098 = ADVANCED_FACE('',(#2099),#2117,.F.);
#2099 = FACE_BOUND('',#2100,.F.);
#2100 = EDGE_LOOP('',(#2101,#2102,#2103,#2111));
#2101 = ORIENTED_EDGE('',*,*,#2056,.F.);
#2102 = ORIENTED_EDGE('',*,*,#861,.T.);
#2103 = ORIENTED_EDGE('',*,*,#2104,.T.);
#2104 = EDGE_CURVE('',#862,#2105,#2107,.T.);
#2105 = VERTEX_POINT('',#2106);
#2106 = CARTESIAN_POINT('',(-10.25,3.,1.8));
#2107 = LINE('',#2108,#2109);
#2108 = CARTESIAN_POINT('',(-10.25,-1.,1.8));
#2109 = VECTOR('',#2110,1.);
#2110 = DIRECTION('',(0.,1.,0.));
#2111 = ORIENTED_EDGE('',*,*,#2112,.F.);
#2112 = EDGE_CURVE('',#2057,#2105,#2113,.T.);
#2113 = LINE('',#2114,#2115);
#2114 = CARTESIAN_POINT('',(-10.25,3.,0.9));
#2115 = VECTOR('',#2116,1.);
#2116 = DIRECTION('',(0.,0.,-1.));
#2117 = PLANE('',#2118);
#2118 = AXIS2_PLACEMENT_3D('',#2119,#2120,#2121);
#2119 = CARTESIAN_POINT('',(-10.25,-1.,1.8));
#2120 = DIRECTION('',(1.,0.,0.));
#2121 = DIRECTION('',(0.,0.,1.));
#2122 = ADVANCED_FACE('',(#2123),#2134,.T.);
#2123 = FACE_BOUND('',#2124,.T.);
#2124 = EDGE_LOOP('',(#2125,#2126,#2127,#2128));
#2125 = ORIENTED_EDGE('',*,*,#2080,.F.);
#2126 = ORIENTED_EDGE('',*,*,#869,.T.);
#2127 = ORIENTED_EDGE('',*,*,#2104,.T.);
#2128 = ORIENTED_EDGE('',*,*,#2129,.F.);
#2129 = EDGE_CURVE('',#2081,#2105,#2130,.T.);
#2130 = LINE('',#2131,#2132);
#2131 = CARTESIAN_POINT('',(-21.875,3.,1.8));
#2132 = VECTOR('',#2133,1.);
#2133 = DIRECTION('',(1.,0.,0.));
#2134 = PLANE('',#2135);
#2135 = AXIS2_PLACEMENT_3D('',#2136,#2137,#2138);
#2136 = CARTESIAN_POINT('',(-13.75,-1.,1.8));
#2137 = DIRECTION('',(0.,0.,1.));
#2138 = DIRECTION('',(1.,0.,0.));
#2139 = ADVANCED_FACE('',(#2140),#2165,.F.);
#2140 = FACE_BOUND('',#2141,.F.);
#2141 = EDGE_LOOP('',(#2142,#2150,#2151,#2159));
#2142 = ORIENTED_EDGE('',*,*,#2143,.F.);
#2143 = EDGE_CURVE('',#886,#2144,#2146,.T.);
#2144 = VERTEX_POINT('',#2145);
#2145 = CARTESIAN_POINT('',(-25.75,3.,28.2));
#2146 = LINE('',#2147,#2148);
#2147 = CARTESIAN_POINT('',(-25.75,-1.,28.2));
#2148 = VECTOR('',#2149,1.);
#2149 = DIRECTION('',(0.,1.,0.));
#2150 = ORIENTED_EDGE('',*,*,#885,.T.);
#2151 = ORIENTED_EDGE('',*,*,#2152,.T.);
#2152 = EDGE_CURVE('',#888,#2153,#2155,.T.);
#2153 = VERTEX_POINT('',#2154);
#2154 = CARTESIAN_POINT('',(-22.25,3.,28.2));
#2155 = LINE('',#2156,#2157);
#2156 = CARTESIAN_POINT('',(-22.25,-1.,28.2));
#2157 = VECTOR('',#2158,1.);
#2158 = DIRECTION('',(0.,1.,0.));
#2159 = ORIENTED_EDGE('',*,*,#2160,.F.);
#2160 = EDGE_CURVE('',#2144,#2153,#2161,.T.);
#2161 = LINE('',#2162,#2163);
#2162 = CARTESIAN_POINT('',(-27.875,3.,28.2));
#2163 = VECTOR('',#2164,1.);
#2164 = DIRECTION('',(1.,0.,0.));
#2165 = PLANE('',#2166);
#2166 = AXIS2_PLACEMENT_3D('',#2167,#2168,#2169);
#2167 = CARTESIAN_POINT('',(-25.75,-1.,28.2));
#2168 = DIRECTION('',(0.,0.,1.));
#2169 = DIRECTION('',(1.,0.,0.));
#2170 = ADVANCED_FACE('',(#2171),#2189,.T.);
#2171 = FACE_BOUND('',#2172,.T.);
#2172 = EDGE_LOOP('',(#2173,#2174,#2175,#2183));
#2173 = ORIENTED_EDGE('',*,*,#2143,.F.);
#2174 = ORIENTED_EDGE('',*,*,#911,.T.);
#2175 = ORIENTED_EDGE('',*,*,#2176,.T.);
#2176 = EDGE_CURVE('',#904,#2177,#2179,.T.);
#2177 = VERTEX_POINT('',#2178);
#2178 = CARTESIAN_POINT('',(-25.75,3.,26.2));
#2179 = LINE('',#2180,#2181);
#2180 = CARTESIAN_POINT('',(-25.75,-1.,26.2));
#2181 = VECTOR('',#2182,1.);
#2182 = DIRECTION('',(0.,1.,0.));
#2183 = ORIENTED_EDGE('',*,*,#2184,.F.);
#2184 = EDGE_CURVE('',#2144,#2177,#2185,.T.);
#2185 = LINE('',#2186,#2187);
#2186 = CARTESIAN_POINT('',(-25.75,3.,13.1));
#2187 = VECTOR('',#2188,1.);
#2188 = DIRECTION('',(0.,0.,-1.));
#2189 = PLANE('',#2190);
#2190 = AXIS2_PLACEMENT_3D('',#2191,#2192,#2193);
#2191 = CARTESIAN_POINT('',(-25.75,-1.,26.2));
#2192 = DIRECTION('',(1.,0.,0.));
#2193 = DIRECTION('',(0.,0.,1.));
#2194 = ADVANCED_FACE('',(#2195),#2213,.F.);
#2195 = FACE_BOUND('',#2196,.F.);
#2196 = EDGE_LOOP('',(#2197,#2198,#2199,#2207));
#2197 = ORIENTED_EDGE('',*,*,#2152,.F.);
#2198 = ORIENTED_EDGE('',*,*,#895,.T.);
#2199 = ORIENTED_EDGE('',*,*,#2200,.T.);
#2200 = EDGE_CURVE('',#896,#2201,#2203,.T.);
#2201 = VERTEX_POINT('',#2202);
#2202 = CARTESIAN_POINT('',(-22.25,3.,26.2));
#2203 = LINE('',#2204,#2205);
#2204 = CARTESIAN_POINT('',(-22.25,-1.,26.2));
#2205 = VECTOR('',#2206,1.);
#2206 = DIRECTION('',(0.,1.,0.));
#2207 = ORIENTED_EDGE('',*,*,#2208,.F.);
#2208 = EDGE_CURVE('',#2153,#2201,#2209,.T.);
#2209 = LINE('',#2210,#2211);
#2210 = CARTESIAN_POINT('',(-22.25,3.,13.1));
#2211 = VECTOR('',#2212,1.);
#2212 = DIRECTION('',(0.,0.,-1.));
#2213 = PLANE('',#2214);
#2214 = AXIS2_PLACEMENT_3D('',#2215,#2216,#2217);
#2215 = CARTESIAN_POINT('',(-22.25,-1.,26.2));
#2216 = DIRECTION('',(1.,0.,0.));
#2217 = DIRECTION('',(0.,0.,1.));
#2218 = ADVANCED_FACE('',(#2219),#2230,.T.);
#2219 = FACE_BOUND('',#2220,.T.);
#2220 = EDGE_LOOP('',(#2221,#2222,#2223,#2224));
#2221 = ORIENTED_EDGE('',*,*,#2176,.F.);
#2222 = ORIENTED_EDGE('',*,*,#903,.T.);
#2223 = ORIENTED_EDGE('',*,*,#2200,.T.);
#2224 = ORIENTED_EDGE('',*,*,#2225,.F.);
#2225 = EDGE_CURVE('',#2177,#2201,#2226,.T.);
#2226 = LINE('',#2227,#2228);
#2227 = CARTESIAN_POINT('',(-27.875,3.,26.2));
#2228 = VECTOR('',#2229,1.);
#2229 = DIRECTION('',(1.,0.,0.));
#2230 = PLANE('',#2231);
#2231 = AXIS2_PLACEMENT_3D('',#2232,#2233,#2234);
#2232 = CARTESIAN_POINT('',(-25.75,-1.,26.2));
#2233 = DIRECTION('',(0.,0.,1.));
#2234 = DIRECTION('',(1.,0.,0.));
#2235 = ADVANCED_FACE('',(#2236),#2261,.F.);
#2236 = FACE_BOUND('',#2237,.F.);
#2237 = EDGE_LOOP('',(#2238,#2246,#2247,#2255));
#2238 = ORIENTED_EDGE('',*,*,#2239,.F.);
#2239 = EDGE_CURVE('',#920,#2240,#2242,.T.);
#2240 = VERTEX_POINT('',#2241);
#2241 = CARTESIAN_POINT('',(-13.75,3.,28.2));
#2242 = LINE('',#2243,#2244);
#2243 = CARTESIAN_POINT('',(-13.75,-1.,28.2));
#2244 = VECTOR('',#2245,1.);
#2245 = DIRECTION('',(0.,1.,0.));
#2246 = ORIENTED_EDGE('',*,*,#919,.T.);
#2247 = ORIENTED_EDGE('',*,*,#2248,.T.);
#2248 = EDGE_CURVE('',#922,#2249,#2251,.T.);
#2249 = VERTEX_POINT('',#2250);
#2250 = CARTESIAN_POINT('',(-10.25,3.,28.2));
#2251 = LINE('',#2252,#2253);
#2252 = CARTESIAN_POINT('',(-10.25,-1.,28.2));
#2253 = VECTOR('',#2254,1.);
#2254 = DIRECTION('',(0.,1.,0.));
#2255 = ORIENTED_EDGE('',*,*,#2256,.F.);
#2256 = EDGE_CURVE('',#2240,#2249,#2257,.T.);
#2257 = LINE('',#2258,#2259);
#2258 = CARTESIAN_POINT('',(-21.875,3.,28.2));
#2259 = VECTOR('',#2260,1.);
#2260 = DIRECTION('',(1.,0.,0.));
#2261 = PLANE('',#2262);
#2262 = AXIS2_PLACEMENT_3D('',#2263,#2264,#2265);
#2263 = CARTESIAN_POINT('',(-13.75,-1.,28.2));
#2264 = DIRECTION('',(0.,0.,1.));
#2265 = DIRECTION('',(1.,0.,0.));
#2266 = ADVANCED_FACE('',(#2267),#2285,.T.);
#2267 = FACE_BOUND('',#2268,.T.);
#2268 = EDGE_LOOP('',(#2269,#2270,#2271,#2279));
#2269 = ORIENTED_EDGE('',*,*,#2239,.F.);
#2270 = ORIENTED_EDGE('',*,*,#945,.T.);
#2271 = ORIENTED_EDGE('',*,*,#2272,.T.);
#2272 = EDGE_CURVE('',#938,#2273,#2275,.T.);
#2273 = VERTEX_POINT('',#2274);
#2274 = CARTESIAN_POINT('',(-13.75,3.,26.2));
#2275 = LINE('',#2276,#2277);
#2276 = CARTESIAN_POINT('',(-13.75,-1.,26.2));
#2277 = VECTOR('',#2278,1.);
#2278 = DIRECTION('',(0.,1.,0.));
#2279 = ORIENTED_EDGE('',*,*,#2280,.F.);
#2280 = EDGE_CURVE('',#2240,#2273,#2281,.T.);
#2281 = LINE('',#2282,#2283);
#2282 = CARTESIAN_POINT('',(-13.75,3.,13.1));
#2283 = VECTOR('',#2284,1.);
#2284 = DIRECTION('',(0.,0.,-1.));
#2285 = PLANE('',#2286);
#2286 = AXIS2_PLACEMENT_3D('',#2287,#2288,#2289);
#2287 = CARTESIAN_POINT('',(-13.75,-1.,26.2));
#2288 = DIRECTION('',(1.,0.,0.));
#2289 = DIRECTION('',(0.,0.,1.));
#2290 = ADVANCED_FACE('',(#2291),#2309,.F.);
#2291 = FACE_BOUND('',#2292,.F.);
#2292 = EDGE_LOOP('',(#2293,#2294,#2295,#2303));
#2293 = ORIENTED_EDGE('',*,*,#2248,.F.);
#2294 = ORIENTED_EDGE('',*,*,#929,.T.);
#2295 = ORIENTED_EDGE('',*,*,#2296,.T.);
#2296 = EDGE_CURVE('',#930,#2297,#2299,.T.);
#2297 = VERTEX_POINT('',#2298);
#2298 = CARTESIAN_POINT('',(-10.25,3.,26.2));
#2299 = LINE('',#2300,#2301);
#2300 = CARTESIAN_POINT('',(-10.25,-1.,26.2));
#2301 = VECTOR('',#2302,1.);
#2302 = DIRECTION('',(0.,1.,0.));
#2303 = ORIENTED_EDGE('',*,*,#2304,.F.);
#2304 = EDGE_CURVE('',#2249,#2297,#2305,.T.);
#2305 = LINE('',#2306,#2307);
#2306 = CARTESIAN_POINT('',(-10.25,3.,13.1));
#2307 = VECTOR('',#2308,1.);
#2308 = DIRECTION('',(0.,0.,-1.));
#2309 = PLANE('',#2310);
#2310 = AXIS2_PLACEMENT_3D('',#2311,#2312,#2313);
#2311 = CARTESIAN_POINT('',(-10.25,-1.,26.2));
#2312 = DIRECTION('',(1.,0.,0.));
#2313 = DIRECTION('',(0.,0.,1.));
#2314 = ADVANCED_FACE('',(#2315),#2326,.T.);
#2315 = FACE_BOUND('',#2316,.T.);
#2316 = EDGE_LOOP('',(#2317,#2318,#2319,#2320));
#2317 = ORIENTED_EDGE('',*,*,#2272,.F.);
#2318 = ORIENTED_EDGE('',*,*,#937,.T.);
#2319 = ORIENTED_EDGE('',*,*,#2296,.T.);
#2320 = ORIENTED_EDGE('',*,*,#2321,.F.);
#2321 = EDGE_CURVE('',#2273,#2297,#2322,.T.);
#2322 = LINE('',#2323,#2324);
#2323 = CARTESIAN_POINT('',(-21.875,3.,26.2));
#2324 = VECTOR('',#2325,1.);
#2325 = DIRECTION('',(1.,0.,0.));
#2326 = PLANE('',#2327);
#2327 = AXIS2_PLACEMENT_3D('',#2328,#2329,#2330);
#2328 = CARTESIAN_POINT('',(-13.75,-1.,26.2));
#2329 = DIRECTION('',(0.,0.,1.));
#2330 = DIRECTION('',(1.,0.,0.));
#2331 = ADVANCED_FACE('',(#2332),#2357,.F.);
#2332 = FACE_BOUND('',#2333,.F.);
#2333 = EDGE_LOOP('',(#2334,#2342,#2343,#2351));
#2334 = ORIENTED_EDGE('',*,*,#2335,.F.);
#2335 = EDGE_CURVE('',#954,#2336,#2338,.T.);
#2336 = VERTEX_POINT('',#2337);
#2337 = CARTESIAN_POINT('',(7.25,3.,4.2));
#2338 = LINE('',#2339,#2340);
#2339 = CARTESIAN_POINT('',(7.25,-1.,4.2));
#2340 = VECTOR('',#2341,1.);
#2341 = DIRECTION('',(0.,1.,0.));
#2342 = ORIENTED_EDGE('',*,*,#953,.T.);
#2343 = ORIENTED_EDGE('',*,*,#2344,.T.);
#2344 = EDGE_CURVE('',#956,#2345,#2347,.T.);
#2345 = VERTEX_POINT('',#2346);
#2346 = CARTESIAN_POINT('',(10.75,3.,4.2));
#2347 = LINE('',#2348,#2349);
#2348 = CARTESIAN_POINT('',(10.75,-1.,4.2));
#2349 = VECTOR('',#2350,1.);
#2350 = DIRECTION('',(0.,1.,0.));
#2351 = ORIENTED_EDGE('',*,*,#2352,.F.);
#2352 = EDGE_CURVE('',#2336,#2345,#2353,.T.);
#2353 = LINE('',#2354,#2355);
#2354 = CARTESIAN_POINT('',(-11.375,3.,4.2));
#2355 = VECTOR('',#2356,1.);
#2356 = DIRECTION('',(1.,0.,0.));
#2357 = PLANE('',#2358);
#2358 = AXIS2_PLACEMENT_3D('',#2359,#2360,#2361);
#2359 = CARTESIAN_POINT('',(7.25,-1.,4.2));
#2360 = DIRECTION('',(0.,0.,1.));
#2361 = DIRECTION('',(1.,0.,0.));
#2362 = ADVANCED_FACE('',(#2363),#2381,.T.);
#2363 = FACE_BOUND('',#2364,.T.);
#2364 = EDGE_LOOP('',(#2365,#2366,#2367,#2375));
#2365 = ORIENTED_EDGE('',*,*,#2335,.F.);
#2366 = ORIENTED_EDGE('',*,*,#979,.T.);
#2367 = ORIENTED_EDGE('',*,*,#2368,.T.);
#2368 = EDGE_CURVE('',#972,#2369,#2371,.T.);
#2369 = VERTEX_POINT('',#2370);
#2370 = CARTESIAN_POINT('',(7.25,3.,2.2));
#2371 = LINE('',#2372,#2373);
#2372 = CARTESIAN_POINT('',(7.25,-1.,2.2));
#2373 = VECTOR('',#2374,1.);
#2374 = DIRECTION('',(0.,1.,0.));
#2375 = ORIENTED_EDGE('',*,*,#2376,.F.);
#2376 = EDGE_CURVE('',#2336,#2369,#2377,.T.);
#2377 = LINE('',#2378,#2379);
#2378 = CARTESIAN_POINT('',(7.25,3.,1.1));
#2379 = VECTOR('',#2380,1.);
#2380 = DIRECTION('',(0.,0.,-1.));
#2381 = PLANE('',#2382);
#2382 = AXIS2_PLACEMENT_3D('',#2383,#2384,#2385);
#2383 = CARTESIAN_POINT('',(7.25,-1.,2.2));
#2384 = DIRECTION('',(1.,0.,0.));
#2385 = DIRECTION('',(0.,0.,1.));
#2386 = ADVANCED_FACE('',(#2387),#2405,.F.);
#2387 = FACE_BOUND('',#2388,.F.);
#2388 = EDGE_LOOP('',(#2389,#2390,#2391,#2399));
#2389 = ORIENTED_EDGE('',*,*,#2344,.F.);
#2390 = ORIENTED_EDGE('',*,*,#963,.T.);
#2391 = ORIENTED_EDGE('',*,*,#2392,.T.);
#2392 = EDGE_CURVE('',#964,#2393,#2395,.T.);
#2393 = VERTEX_POINT('',#2394);
#2394 = CARTESIAN_POINT('',(10.75,3.,2.2));
#2395 = LINE('',#2396,#2397);
#2396 = CARTESIAN_POINT('',(10.75,-1.,2.2));
#2397 = VECTOR('',#2398,1.);
#2398 = DIRECTION('',(0.,1.,0.));
#2399 = ORIENTED_EDGE('',*,*,#2400,.F.);
#2400 = EDGE_CURVE('',#2345,#2393,#2401,.T.);
#2401 = LINE('',#2402,#2403);
#2402 = CARTESIAN_POINT('',(10.75,3.,1.1));
#2403 = VECTOR('',#2404,1.);
#2404 = DIRECTION('',(0.,0.,-1.));
#2405 = PLANE('',#2406);
#2406 = AXIS2_PLACEMENT_3D('',#2407,#2408,#2409);
#2407 = CARTESIAN_POINT('',(10.75,-1.,2.2));
#2408 = DIRECTION('',(1.,0.,0.));
#2409 = DIRECTION('',(0.,0.,1.));
#2410 = ADVANCED_FACE('',(#2411),#2422,.T.);
#2411 = FACE_BOUND('',#2412,.T.);
#2412 = EDGE_LOOP('',(#2413,#2414,#2415,#2416));
#2413 = ORIENTED_EDGE('',*,*,#2368,.F.);
#2414 = ORIENTED_EDGE('',*,*,#971,.T.);
#2415 = ORIENTED_EDGE('',*,*,#2392,.T.);
#2416 = ORIENTED_EDGE('',*,*,#2417,.F.);
#2417 = EDGE_CURVE('',#2369,#2393,#2418,.T.);
#2418 = LINE('',#2419,#2420);
#2419 = CARTESIAN_POINT('',(-11.375,3.,2.2));
#2420 = VECTOR('',#2421,1.);
#2421 = DIRECTION('',(1.,0.,0.));
#2422 = PLANE('',#2423);
#2423 = AXIS2_PLACEMENT_3D('',#2424,#2425,#2426);
#2424 = CARTESIAN_POINT('',(7.25,-1.,2.2));
#2425 = DIRECTION('',(0.,0.,1.));
#2426 = DIRECTION('',(1.,0.,0.));
#2427 = ADVANCED_FACE('',(#2428),#2453,.F.);
#2428 = FACE_BOUND('',#2429,.F.);
#2429 = EDGE_LOOP('',(#2430,#2438,#2439,#2447));
#2430 = ORIENTED_EDGE('',*,*,#2431,.F.);
#2431 = EDGE_CURVE('',#988,#2432,#2434,.T.);
#2432 = VERTEX_POINT('',#2433);
#2433 = CARTESIAN_POINT('',(19.25,3.,4.2));
#2434 = LINE('',#2435,#2436);
#2435 = CARTESIAN_POINT('',(19.25,-1.,4.2));
#2436 = VECTOR('',#2437,1.);
#2437 = DIRECTION('',(0.,1.,0.));
#2438 = ORIENTED_EDGE('',*,*,#987,.T.);
#2439 = ORIENTED_EDGE('',*,*,#2440,.T.);
#2440 = EDGE_CURVE('',#990,#2441,#2443,.T.);
#2441 = VERTEX_POINT('',#2442);
#2442 = CARTESIAN_POINT('',(22.75,3.,4.2));
#2443 = LINE('',#2444,#2445);
#2444 = CARTESIAN_POINT('',(22.75,-1.,4.2));
#2445 = VECTOR('',#2446,1.);
#2446 = DIRECTION('',(0.,1.,0.));
#2447 = ORIENTED_EDGE('',*,*,#2448,.F.);
#2448 = EDGE_CURVE('',#2432,#2441,#2449,.T.);
#2449 = LINE('',#2450,#2451);
#2450 = CARTESIAN_POINT('',(-5.375,3.,4.2));
#2451 = VECTOR('',#2452,1.);
#2452 = DIRECTION('',(1.,0.,0.));
#2453 = PLANE('',#2454);
#2454 = AXIS2_PLACEMENT_3D('',#2455,#2456,#2457);
#2455 = CARTESIAN_POINT('',(19.25,-1.,4.2));
#2456 = DIRECTION('',(0.,0.,1.));
#2457 = DIRECTION('',(1.,0.,0.));
#2458 = ADVANCED_FACE('',(#2459),#2477,.T.);
#2459 = FACE_BOUND('',#2460,.T.);
#2460 = EDGE_LOOP('',(#2461,#2462,#2463,#2471));
#2461 = ORIENTED_EDGE('',*,*,#2431,.F.);
#2462 = ORIENTED_EDGE('',*,*,#1013,.T.);
#2463 = ORIENTED_EDGE('',*,*,#2464,.T.);
#2464 = EDGE_CURVE('',#1006,#2465,#2467,.T.);
#2465 = VERTEX_POINT('',#2466);
#2466 = CARTESIAN_POINT('',(19.25,3.,2.2));
#2467 = LINE('',#2468,#2469);
#2468 = CARTESIAN_POINT('',(19.25,-1.,2.2));
#2469 = VECTOR('',#2470,1.);
#2470 = DIRECTION('',(0.,1.,0.));
#2471 = ORIENTED_EDGE('',*,*,#2472,.F.);
#2472 = EDGE_CURVE('',#2432,#2465,#2473,.T.);
#2473 = LINE('',#2474,#2475);
#2474 = CARTESIAN_POINT('',(19.25,3.,1.1));
#2475 = VECTOR('',#2476,1.);
#2476 = DIRECTION('',(0.,0.,-1.));
#2477 = PLANE('',#2478);
#2478 = AXIS2_PLACEMENT_3D('',#2479,#2480,#2481);
#2479 = CARTESIAN_POINT('',(19.25,-1.,2.2));
#2480 = DIRECTION('',(1.,0.,0.));
#2481 = DIRECTION('',(0.,0.,1.));
#2482 = ADVANCED_FACE('',(#2483),#2501,.F.);
#2483 = FACE_BOUND('',#2484,.F.);
#2484 = EDGE_LOOP('',(#2485,#2486,#2487,#2495));
#2485 = ORIENTED_EDGE('',*,*,#2440,.F.);
#2486 = ORIENTED_EDGE('',*,*,#997,.T.);
#2487 = ORIENTED_EDGE('',*,*,#2488,.T.);
#2488 = EDGE_CURVE('',#998,#2489,#2491,.T.);
#2489 = VERTEX_POINT('',#2490);
#2490 = CARTESIAN_POINT('',(22.75,3.,2.2));
#2491 = LINE('',#2492,#2493);
#2492 = CARTESIAN_POINT('',(22.75,-1.,2.2));
#2493 = VECTOR('',#2494,1.);
#2494 = DIRECTION('',(0.,1.,0.));
#2495 = ORIENTED_EDGE('',*,*,#2496,.F.);
#2496 = EDGE_CURVE('',#2441,#2489,#2497,.T.);
#2497 = LINE('',#2498,#2499);
#2498 = CARTESIAN_POINT('',(22.75,3.,1.1));
#2499 = VECTOR('',#2500,1.);
#2500 = DIRECTION('',(0.,0.,-1.));
#2501 = PLANE('',#2502);
#2502 = AXIS2_PLACEMENT_3D('',#2503,#2504,#2505);
#2503 = CARTESIAN_POINT('',(22.75,-1.,2.2));
#2504 = DIRECTION('',(1.,0.,0.));
#2505 = DIRECTION('',(0.,0.,1.));
#2506 = ADVANCED_FACE('',(#2507),#2518,.T.);
#2507 = FACE_BOUND('',#2508,.T.);
#2508 = EDGE_LOOP('',(#2509,#2510,#2511,#2512));
#2509 = ORIENTED_EDGE('',*,*,#2464,.F.);
#2510 = ORIENTED_EDGE('',*,*,#1005,.T.);
#2511 = ORIENTED_EDGE('',*,*,#2488,.T.);
#2512 = ORIENTED_EDGE('',*,*,#2513,.F.);
#2513 = EDGE_CURVE('',#2465,#2489,#2514,.T.);
#2514 = LINE('',#2515,#2516);
#2515 = CARTESIAN_POINT('',(-5.375,3.,2.2));
#2516 = VECTOR('',#2517,1.);
#2517 = DIRECTION('',(1.,0.,0.));
#2518 = PLANE('',#2519);
#2519 = AXIS2_PLACEMENT_3D('',#2520,#2521,#2522);
#2520 = CARTESIAN_POINT('',(19.25,-1.,2.2));
#2521 = DIRECTION('',(0.,0.,1.));
#2522 = DIRECTION('',(1.,0.,0.));
#2523 = ADVANCED_FACE('',(#2524),#2549,.F.);
#2524 = FACE_BOUND('',#2525,.F.);
#2525 = EDGE_LOOP('',(#2526,#2534,#2535,#2543));
#2526 = ORIENTED_EDGE('',*,*,#2527,.F.);
#2527 = EDGE_CURVE('',#1022,#2528,#2530,.T.);
#2528 = VERTEX_POINT('',#2529);
#2529 = CARTESIAN_POINT('',(7.25,3.,27.8));
#2530 = LINE('',#2531,#2532);
#2531 = CARTESIAN_POINT('',(7.25,-1.,27.8));
#2532 = VECTOR('',#2533,1.);
#2533 = DIRECTION('',(0.,1.,0.));
#2534 = ORIENTED_EDGE('',*,*,#1021,.T.);
#2535 = ORIENTED_EDGE('',*,*,#2536,.T.);
#2536 = EDGE_CURVE('',#1024,#2537,#2539,.T.);
#2537 = VERTEX_POINT('',#2538);
#2538 = CARTESIAN_POINT('',(10.75,3.,27.8));
#2539 = LINE('',#2540,#2541);
#2540 = CARTESIAN_POINT('',(10.75,-1.,27.8));
#2541 = VECTOR('',#2542,1.);
#2542 = DIRECTION('',(0.,1.,0.));
#2543 = ORIENTED_EDGE('',*,*,#2544,.F.);
#2544 = EDGE_CURVE('',#2528,#2537,#2545,.T.);
#2545 = LINE('',#2546,#2547);
#2546 = CARTESIAN_POINT('',(-11.375,3.,27.8));
#2547 = VECTOR('',#2548,1.);
#2548 = DIRECTION('',(1.,0.,0.));
#2549 = PLANE('',#2550);
#2550 = AXIS2_PLACEMENT_3D('',#2551,#2552,#2553);
#2551 = CARTESIAN_POINT('',(7.25,-1.,27.8));
#2552 = DIRECTION('',(0.,0.,1.));
#2553 = DIRECTION('',(1.,0.,0.));
#2554 = ADVANCED_FACE('',(#2555),#2573,.T.);
#2555 = FACE_BOUND('',#2556,.T.);
#2556 = EDGE_LOOP('',(#2557,#2558,#2559,#2567));
#2557 = ORIENTED_EDGE('',*,*,#2527,.F.);
#2558 = ORIENTED_EDGE('',*,*,#1047,.T.);
#2559 = ORIENTED_EDGE('',*,*,#2560,.T.);
#2560 = EDGE_CURVE('',#1040,#2561,#2563,.T.);
#2561 = VERTEX_POINT('',#2562);
#2562 = CARTESIAN_POINT('',(7.25,3.,25.8));
#2563 = LINE('',#2564,#2565);
#2564 = CARTESIAN_POINT('',(7.25,-1.,25.8));
#2565 = VECTOR('',#2566,1.);
#2566 = DIRECTION('',(0.,1.,0.));
#2567 = ORIENTED_EDGE('',*,*,#2568,.F.);
#2568 = EDGE_CURVE('',#2528,#2561,#2569,.T.);
#2569 = LINE('',#2570,#2571);
#2570 = CARTESIAN_POINT('',(7.25,3.,12.9));
#2571 = VECTOR('',#2572,1.);
#2572 = DIRECTION('',(0.,0.,-1.));
#2573 = PLANE('',#2574);
#2574 = AXIS2_PLACEMENT_3D('',#2575,#2576,#2577);
#2575 = CARTESIAN_POINT('',(7.25,-1.,25.8));
#2576 = DIRECTION('',(1.,0.,0.));
#2577 = DIRECTION('',(0.,0.,1.));
#2578 = ADVANCED_FACE('',(#2579),#2597,.F.);
#2579 = FACE_BOUND('',#2580,.F.);
#2580 = EDGE_LOOP('',(#2581,#2582,#2583,#2591));
#2581 = ORIENTED_EDGE('',*,*,#2536,.F.);
#2582 = ORIENTED_EDGE('',*,*,#1031,.T.);
#2583 = ORIENTED_EDGE('',*,*,#2584,.T.);
#2584 = EDGE_CURVE('',#1032,#2585,#2587,.T.);
#2585 = VERTEX_POINT('',#2586);
#2586 = CARTESIAN_POINT('',(10.75,3.,25.8));
#2587 = LINE('',#2588,#2589);
#2588 = CARTESIAN_POINT('',(10.75,-1.,25.8));
#2589 = VECTOR('',#2590,1.);
#2590 = DIRECTION('',(0.,1.,0.));
#2591 = ORIENTED_EDGE('',*,*,#2592,.F.);
#2592 = EDGE_CURVE('',#2537,#2585,#2593,.T.);
#2593 = LINE('',#2594,#2595);
#2594 = CARTESIAN_POINT('',(10.75,3.,12.9));
#2595 = VECTOR('',#2596,1.);
#2596 = DIRECTION('',(0.,0.,-1.));
#2597 = PLANE('',#2598);
#2598 = AXIS2_PLACEMENT_3D('',#2599,#2600,#2601);
#2599 = CARTESIAN_POINT('',(10.75,-1.,25.8));
#2600 = DIRECTION('',(1.,0.,0.));
#2601 = DIRECTION('',(0.,0.,1.));
#2602 = ADVANCED_FACE('',(#2603),#2614,.T.);
#2603 = FACE_BOUND('',#2604,.T.);
#2604 = EDGE_LOOP('',(#2605,#2606,#2607,#2608));
#2605 = ORIENTED_EDGE('',*,*,#2560,.F.);
#2606 = ORIENTED_EDGE('',*,*,#1039,.T.);
#2607 = ORIENTED_EDGE('',*,*,#2584,.T.);
#2608 = ORIENTED_EDGE('',*,*,#2609,.F.);
#2609 = EDGE_CURVE('',#2561,#2585,#2610,.T.);
#2610 = LINE('',#2611,#2612);
#2611 = CARTESIAN_POINT('',(-11.375,3.,25.8));
#2612 = VECTOR('',#2613,1.);
#2613 = DIRECTION('',(1.,0.,0.));
#2614 = PLANE('',#2615);
#2615 = AXIS2_PLACEMENT_3D('',#2616,#2617,#2618);
#2616 = CARTESIAN_POINT('',(7.25,-1.,25.8));
#2617 = DIRECTION('',(0.,0.,1.));
#2618 = DIRECTION('',(1.,0.,0.));
#2619 = ADVANCED_FACE('',(#2620),#2645,.F.);
#2620 = FACE_BOUND('',#2621,.F.);
#2621 = EDGE_LOOP('',(#2622,#2630,#2631,#2639));
#2622 = ORIENTED_EDGE('',*,*,#2623,.F.);
#2623 = EDGE_CURVE('',#1056,#2624,#2626,.T.);
#2624 = VERTEX_POINT('',#2625);
#2625 = CARTESIAN_POINT('',(19.25,3.,27.8));
#2626 = LINE('',#2627,#2628);
#2627 = CARTESIAN_POINT('',(19.25,-1.,27.8));
#2628 = VECTOR('',#2629,1.);
#2629 = DIRECTION('',(0.,1.,0.));
#2630 = ORIENTED_EDGE('',*,*,#1055,.T.);
#2631 = ORIENTED_EDGE('',*,*,#2632,.T.);
#2632 = EDGE_CURVE('',#1058,#2633,#2635,.T.);
#2633 = VERTEX_POINT('',#2634);
#2634 = CARTESIAN_POINT('',(22.75,3.,27.8));
#2635 = LINE('',#2636,#2637);
#2636 = CARTESIAN_POINT('',(22.75,-1.,27.8));
#2637 = VECTOR('',#2638,1.);
#2638 = DIRECTION('',(0.,1.,0.));
#2639 = ORIENTED_EDGE('',*,*,#2640,.F.);
#2640 = EDGE_CURVE('',#2624,#2633,#2641,.T.);
#2641 = LINE('',#2642,#2643);
#2642 = CARTESIAN_POINT('',(-5.375,3.,27.8));
#2643 = VECTOR('',#2644,1.);
#2644 = DIRECTION('',(1.,0.,0.));
#2645 = PLANE('',#2646);
#2646 = AXIS2_PLACEMENT_3D('',#2647,#2648,#2649);
#2647 = CARTESIAN_POINT('',(19.25,-1.,27.8));
#2648 = DIRECTION('',(0.,0.,1.));
#2649 = DIRECTION('',(1.,0.,0.));
#2650 = ADVANCED_FACE('',(#2651),#2669,.F.);
#2651 = FACE_BOUND('',#2652,.F.);
#2652 = EDGE_LOOP('',(#2653,#2654,#2655,#2663));
#2653 = ORIENTED_EDGE('',*,*,#2632,.F.);
#2654 = ORIENTED_EDGE('',*,*,#1065,.T.);
#2655 = ORIENTED_EDGE('',*,*,#2656,.T.);
#2656 = EDGE_CURVE('',#1066,#2657,#2659,.T.);
#2657 = VERTEX_POINT('',#2658);
#2658 = CARTESIAN_POINT('',(22.75,3.,25.8));
#2659 = LINE('',#2660,#2661);
#2660 = CARTESIAN_POINT('',(22.75,-1.,25.8));
#2661 = VECTOR('',#2662,1.);
#2662 = DIRECTION('',(0.,1.,0.));
#2663 = ORIENTED_EDGE('',*,*,#2664,.F.);
#2664 = EDGE_CURVE('',#2633,#2657,#2665,.T.);
#2665 = LINE('',#2666,#2667);
#2666 = CARTESIAN_POINT('',(22.75,3.,12.9));
#2667 = VECTOR('',#2668,1.);
#2668 = DIRECTION('',(0.,0.,-1.));
#2669 = PLANE('',#2670);
#2670 = AXIS2_PLACEMENT_3D('',#2671,#2672,#2673);
#2671 = CARTESIAN_POINT('',(22.75,-1.,25.8));
#2672 = DIRECTION('',(1.,0.,0.));
#2673 = DIRECTION('',(0.,0.,1.));
#2674 = ADVANCED_FACE('',(#2675),#2693,.T.);
#2675 = FACE_BOUND('',#2676,.T.);
#2676 = EDGE_LOOP('',(#2677,#2685,#2686,#2687));
#2677 = ORIENTED_EDGE('',*,*,#2678,.F.);
#2678 = EDGE_CURVE('',#1074,#2679,#2681,.T.);
#2679 = VERTEX_POINT('',#2680);
#2680 = CARTESIAN_POINT('',(19.25,3.,25.8));
#2681 = LINE('',#2682,#2683);
#2682 = CARTESIAN_POINT('',(19.25,-1.,25.8));
#2683 = VECTOR('',#2684,1.);
#2684 = DIRECTION('',(0.,1.,0.));
#2685 = ORIENTED_EDGE('',*,*,#1073,.T.);
#2686 = ORIENTED_EDGE('',*,*,#2656,.T.);
#2687 = ORIENTED_EDGE('',*,*,#2688,.F.);
#2688 = EDGE_CURVE('',#2679,#2657,#2689,.T.);
#2689 = LINE('',#2690,#2691);
#2690 = CARTESIAN_POINT('',(-5.375,3.,25.8));
#2691 = VECTOR('',#2692,1.);
#2692 = DIRECTION('',(1.,0.,0.));
#2693 = PLANE('',#2694);
#2694 = AXIS2_PLACEMENT_3D('',#2695,#2696,#2697);
#2695 = CARTESIAN_POINT('',(19.25,-1.,25.8));
#2696 = DIRECTION('',(0.,0.,1.));
#2697 = DIRECTION('',(1.,0.,0.));
#2698 = ADVANCED_FACE('',(#2699),#2710,.T.);
#2699 = FACE_BOUND('',#2700,.T.);
#2700 = EDGE_LOOP('',(#2701,#2702,#2703,#2704));
#2701 = ORIENTED_EDGE('',*,*,#2623,.F.);
#2702 = ORIENTED_EDGE('',*,*,#1081,.T.);
#2703 = ORIENTED_EDGE('',*,*,#2678,.T.);
#2704 = ORIENTED_EDGE('',*,*,#2705,.F.);
#2705 = EDGE_CURVE('',#2624,#2679,#2706,.T.);
#2706 = LINE('',#2707,#2708);
#2707 = CARTESIAN_POINT('',(19.25,3.,12.9));
#2708 = VECTOR('',#2709,1.);
#2709 = DIRECTION('',(0.,0.,-1.));
#2710 = PLANE('',#2711);
#2711 = AXIS2_PLACEMENT_3D('',#2712,#2713,#2714);
#2712 = CARTESIAN_POINT('',(19.25,-1.,25.8));
#2713 = DIRECTION('',(1.,0.,0.));
#2714 = DIRECTION('',(0.,0.,1.));
#2715 = ADVANCED_FACE('',(#2716,#2730,#2744,#2758,#2764,#2770,#2776,
    #2782,#2788,#2794,#2800),#2806,.T.);
#2716 = FACE_BOUND('',#2717,.T.);
#2717 = EDGE_LOOP('',(#2718,#2719,#2720,#2721,#2722,#2723,#2724,#2725,
    #2726,#2727,#2728,#2729));
#2718 = ORIENTED_EDGE('',*,*,#285,.F.);
#2719 = ORIENTED_EDGE('',*,*,#215,.T.);
#2720 = ORIENTED_EDGE('',*,*,#237,.T.);
#2721 = ORIENTED_EDGE('',*,*,#368,.T.);
#2722 = ORIENTED_EDGE('',*,*,#157,.T.);
#2723 = ORIENTED_EDGE('',*,*,#101,.F.);
#2724 = ORIENTED_EDGE('',*,*,#21,.T.);
#2725 = ORIENTED_EDGE('',*,*,#70,.T.);
#2726 = ORIENTED_EDGE('',*,*,#439,.T.);
#2727 = ORIENTED_EDGE('',*,*,#392,.F.);
#2728 = ORIENTED_EDGE('',*,*,#330,.T.);
#2729 = ORIENTED_EDGE('',*,*,#308,.F.);
#2730 = FACE_BOUND('',#2731,.T.);
#2731 = EDGE_LOOP('',(#2732,#2733,#2734,#2735,#2736,#2737,#2738,#2739,
    #2740,#2741,#2742,#2743));
#2732 = ORIENTED_EDGE('',*,*,#1120,.F.);
#2733 = ORIENTED_EDGE('',*,*,#1290,.F.);
#2734 = ORIENTED_EDGE('',*,*,#1298,.F.);
#2735 = ORIENTED_EDGE('',*,*,#1160,.T.);
#2736 = ORIENTED_EDGE('',*,*,#1406,.F.);
#2737 = ORIENTED_EDGE('',*,*,#1414,.F.);
#2738 = ORIENTED_EDGE('',*,*,#1233,.T.);
#2739 = ORIENTED_EDGE('',*,*,#1464,.F.);
#2740 = ORIENTED_EDGE('',*,*,#1472,.F.);
#2741 = ORIENTED_EDGE('',*,*,#1200,.F.);
#2742 = ORIENTED_EDGE('',*,*,#1348,.F.);
#2743 = ORIENTED_EDGE('',*,*,#1356,.F.);
#2744 = FACE_BOUND('',#2745,.T.);
#2745 = EDGE_LOOP('',(#2746,#2747,#2748,#2749,#2750,#2751,#2752,#2753,
    #2754,#2755,#2756,#2757));
#2746 = ORIENTED_EDGE('',*,*,#1548,.F.);
#2747 = ORIENTED_EDGE('',*,*,#1718,.F.);
#2748 = ORIENTED_EDGE('',*,*,#1726,.F.);
#2749 = ORIENTED_EDGE('',*,*,#1588,.T.);
#2750 = ORIENTED_EDGE('',*,*,#1834,.F.);
#2751 = ORIENTED_EDGE('',*,*,#1842,.F.);
#2752 = ORIENTED_EDGE('',*,*,#1661,.T.);
#2753 = ORIENTED_EDGE('',*,*,#1892,.F.);
#2754 = ORIENTED_EDGE('',*,*,#1900,.F.);
#2755 = ORIENTED_EDGE('',*,*,#1628,.F.);
#2756 = ORIENTED_EDGE('',*,*,#1776,.F.);
#2757 = ORIENTED_EDGE('',*,*,#1784,.F.);
#2758 = FACE_BOUND('',#2759,.T.);
#2759 = EDGE_LOOP('',(#2760,#2761,#2762,#2763));
#2760 = ORIENTED_EDGE('',*,*,#1968,.F.);
#2761 = ORIENTED_EDGE('',*,*,#1992,.T.);
#2762 = ORIENTED_EDGE('',*,*,#2033,.T.);
#2763 = ORIENTED_EDGE('',*,*,#2016,.F.);
#2764 = FACE_BOUND('',#2765,.T.);
#2765 = EDGE_LOOP('',(#2766,#2767,#2768,#2769));
#2766 = ORIENTED_EDGE('',*,*,#2064,.F.);
#2767 = ORIENTED_EDGE('',*,*,#2088,.T.);
#2768 = ORIENTED_EDGE('',*,*,#2129,.T.);
#2769 = ORIENTED_EDGE('',*,*,#2112,.F.);
#2770 = FACE_BOUND('',#2771,.T.);
#2771 = EDGE_LOOP('',(#2772,#2773,#2774,#2775));
#2772 = ORIENTED_EDGE('',*,*,#2160,.F.);
#2773 = ORIENTED_EDGE('',*,*,#2184,.T.);
#2774 = ORIENTED_EDGE('',*,*,#2225,.T.);
#2775 = ORIENTED_EDGE('',*,*,#2208,.F.);
#2776 = FACE_BOUND('',#2777,.T.);
#2777 = EDGE_LOOP('',(#2778,#2779,#2780,#2781));
#2778 = ORIENTED_EDGE('',*,*,#2256,.F.);
#2779 = ORIENTED_EDGE('',*,*,#2280,.T.);
#2780 = ORIENTED_EDGE('',*,*,#2321,.T.);
#2781 = ORIENTED_EDGE('',*,*,#2304,.F.);
#2782 = FACE_BOUND('',#2783,.T.);
#2783 = EDGE_LOOP('',(#2784,#2785,#2786,#2787));
#2784 = ORIENTED_EDGE('',*,*,#2352,.F.);
#2785 = ORIENTED_EDGE('',*,*,#2376,.T.);
#2786 = ORIENTED_EDGE('',*,*,#2417,.T.);
#2787 = ORIENTED_EDGE('',*,*,#2400,.F.);
#2788 = FACE_BOUND('',#2789,.T.);
#2789 = EDGE_LOOP('',(#2790,#2791,#2792,#2793));
#2790 = ORIENTED_EDGE('',*,*,#2448,.F.);
#2791 = ORIENTED_EDGE('',*,*,#2472,.T.);
#2792 = ORIENTED_EDGE('',*,*,#2513,.T.);
#2793 = ORIENTED_EDGE('',*,*,#2496,.F.);
#2794 = FACE_BOUND('',#2795,.T.);
#2795 = EDGE_LOOP('',(#2796,#2797,#2798,#2799));
#2796 = ORIENTED_EDGE('',*,*,#2544,.F.);
#2797 = ORIENTED_EDGE('',*,*,#2568,.T.);
#2798 = ORIENTED_EDGE('',*,*,#2609,.T.);
#2799 = ORIENTED_EDGE('',*,*,#2592,.F.);
#2800 = FACE_BOUND('',#2801,.T.);
#2801 = EDGE_LOOP('',(#2802,#2803,#2804,#2805));
#2802 = ORIENTED_EDGE('',*,*,#2640,.F.);
#2803 = ORIENTED_EDGE('',*,*,#2705,.T.);
#2804 = ORIENTED_EDGE('',*,*,#2688,.T.);
#2805 = ORIENTED_EDGE('',*,*,#2664,.F.);
#2806 = PLANE('',#2807);
#2807 = AXIS2_PLACEMENT_3D('',#2808,#2809,#2810);
#2808 = CARTESIAN_POINT('',(0.,3.,26.971428571429));
#2809 = DIRECTION('',(0.,1.,0.));
#2810 = DIRECTION('',(0.,0.,1.));
#2811 = ( GEOMETRIC_REPRESENTATION_CONTEXT(3) 
GLOBAL_UNCERTAINTY_ASSIGNED_CONTEXT((#2815)) 
GLOBAL_UNIT_ASSIGNED_CONTEXT((#2812,#2813,#2814)) REPRESENTATION_CONTEXT
('Context #1','3D Context with UNIT and UNCERTAINTY') );
#2812 = ( LENGTH_UNIT() NAMED_UNIT(*) SI_UNIT(.MILLI.,.METRE.) );
#2813 = ( NAMED_UNIT(*) PLANE_ANGLE_UNIT() SI_UNIT($,.RADIAN.) );
#2814 = ( NAMED_UNIT(*) SI_UNIT($,.STERADIAN.) SOLID_ANGLE_UNIT() );
#2815 = UNCERTAINTY_MEASURE_WITH_UNIT(LENGTH_MEASURE(1.E-07),#2812,
  'distance_accuracy_value','confusion accuracy');
#2816 = PRODUCT_RELATED_PRODUCT_CATEGORY('part',$,(#7));
ENDSEC;
END-ISO-10303-21;
